SegmentType,Code,Description,IncludeInReport,Sfn
Account,001000,,FALSE,
Account,010000,,FALSE,
Account,100000,,FALSE,
Account,100001,,FALSE,
Account,100002,,FALSE,
Account,100003,,FALSE,
Account,100004,,FALSE,
Account,100020,,FALSE,
Account,100021,,FALSE,
Account,100022,,FALSE,
Account,100023,,FALSE,
Account,100030,,FALSE,
Account,100031,,FALSE,
Account,100032,,FALSE,
Account,100033,,FALSE,
Account,100034,,FALSE,
Account,100035,,FALSE,
Account,100050,,FALSE,
Account,100051,,FALSE,
Account,100052,,FALSE,
Account,100054,,FALSE,
Account,100056,,FALSE,
Account,100057,,FALSE,
Account,100058,,FALSE,
Account,100070,,FALSE,
Account,100071,,FALSE,
Account,100072,,FALSE,
Account,100073,,FALSE,
Account,100074,,FALSE,
Account,100075,,FALSE,
Account,100076,,FALSE,
Account,100077,,FALSE,
Account,100100,,FALSE,
Account,100101,,FALSE,
Account,100102,,FALSE,
Account,100103,,FALSE,
Account,100104,,FALSE,
Account,100105,,FALSE,
Account,100300,,FALSE,
Account,100301,,FALSE,
Account,100302,,FALSE,
Account,100303,,FALSE,
Account,100304,,FALSE,
Account,100400,,FALSE,
Account,101000,,FALSE,
Account,101001,,FALSE,
Account,101002,,FALSE,
Account,101700,,FALSE,
Account,101701,,FALSE,
Account,101702,,FALSE,
Account,101703,,FALSE,
Account,101704,,FALSE,
Account,101705,,FALSE,
Account,101706,,FALSE,
Account,101707,,FALSE,
Account,101708,,FALSE,
Account,102010,,FALSE,
Account,102020,,FALSE,
Account,102030,,FALSE,
Account,102031,,FALSE,
Account,102040,,FALSE,
Account,102050,,FALSE,
Account,102060,,FALSE,
Account,102070,,FALSE,
Account,102080,,FALSE,
Account,102090,,FALSE,
Account,1020A1,,FALSE,
Account,102100,,FALSE,
Account,102110,,FALSE,
Account,102111,,FALSE,
Account,102120,,FALSE,
Account,102121,,FALSE,
Account,105000,,FALSE,
Account,105020,,FALSE,
Account,105080,,FALSE,
Account,105081,,FALSE,
Account,105082,,FALSE,
Account,106000,,FALSE,
Account,107000,,FALSE,
Account,107100,,FALSE,
Account,107200,,FALSE,
Account,107300,,FALSE,
Account,107310,,FALSE,
Account,120000,,FALSE,
Account,120001,,FALSE,
Account,120002,,FALSE,
Account,120003,,FALSE,
Account,120004,,FALSE,
Account,120005,,FALSE,
Account,120006,,FALSE,
Account,120007,,FALSE,
Account,120008,,FALSE,
Account,120800,,FALSE,
Account,121000,,FALSE,
Account,121100,,FALSE,
Account,121200,,FALSE,
Account,121600,,FALSE,
Account,121700,,FALSE,
Account,121800,,FALSE,
Account,122000,,FALSE,
Account,122100,,FALSE,
Account,122200,,FALSE,
Account,122400,,FALSE,
Account,122401,,FALSE,
Account,122402,,FALSE,
Account,122800,,FALSE,
Account,124000,,FALSE,
Account,124300,,FALSE,
Account,124500,,FALSE,
Account,124800,,FALSE,
Account,125000,,FALSE,
Account,125001,,FALSE,
Account,125002,,FALSE,
Account,125003,,FALSE,
Account,125004,,FALSE,
Account,125005,,FALSE,
Account,125006,,FALSE,
Account,125007,,FALSE,
Account,125008,,FALSE,
Account,125009,,FALSE,
Account,125600,,FALSE,
Account,125601,,FALSE,
Account,125602,,FALSE,
Account,125603,,FALSE,
Account,125604,,FALSE,
Account,125605,,FALSE,
Account,125606,,FALSE,
Account,125607,,FALSE,
Account,125608,,FALSE,
Account,125609,,FALSE,
Account,125610,,FALSE,
Account,125611,,FALSE,
Account,125612,,FALSE,
Account,125613,,FALSE,
Account,126000,,FALSE,
Account,126200,,FALSE,
Account,126201,,FALSE,
Account,126400,,FALSE,
Account,126500,,FALSE,
Account,126501,,FALSE,
Account,126502,,FALSE,
Account,126503,,FALSE,
Account,126504,,FALSE,
Account,126505,,FALSE,
Account,126506,,FALSE,
Account,126507,,FALSE,
Account,126508,,FALSE,
Account,126700,,FALSE,
Account,126701,,FALSE,
Account,126900,,FALSE,
Account,126901,,FALSE,
Account,126902,,FALSE,
Account,126920,,FALSE,
Account,127000,,FALSE,
Account,127200,,FALSE,
Account,127300,,FALSE,
Account,127301,,FALSE,
Account,127302,,FALSE,
Account,127500,,FALSE,
Account,127501,,FALSE,
Account,127502,,FALSE,
Account,127503,,FALSE,
Account,127800,,FALSE,
Account,128000,,FALSE,
Account,128200,,FALSE,
Account,128300,,FALSE,
Account,128400,,FALSE,
Account,129000,,FALSE,
Account,129001,,FALSE,
Account,129002,,FALSE,
Account,129003,,FALSE,
Account,129004,,FALSE,
Account,129005,,FALSE,
Account,129006,,FALSE,
Account,129007,,FALSE,
Account,129008,,FALSE,
Account,129009,,FALSE,
Account,129010,,FALSE,
Account,129011,,FALSE,
Account,129012,,FALSE,
Account,129013,,FALSE,
Account,129014,,FALSE,
Account,129015,,FALSE,
Account,129016,,FALSE,
Account,129017,,FALSE,
Account,129018,,FALSE,
Account,129019,,FALSE,
Account,129020,,FALSE,
Account,129021,,FALSE,
Account,129022,,FALSE,
Account,129023,,FALSE,
Account,129100,,FALSE,
Account,129110,,FALSE,
Account,129501,,FALSE,
Account,129550,,FALSE,
Account,129600,,FALSE,
Account,129650,,FALSE,
Account,129700,,FALSE,
Account,131000,,FALSE,
Account,131100,,FALSE,
Account,131200,,FALSE,
Account,133000,,FALSE,
Account,133300,,FALSE,
Account,133400,,FALSE,
Account,133500,,FALSE,
Account,135000,,FALSE,
Account,136000,,FALSE,
Account,136001,,FALSE,
Account,136002,,FALSE,
Account,136003,,FALSE,
Account,136004,,FALSE,
Account,136005,,FALSE,
Account,136006,,FALSE,
Account,140000,,FALSE,
Account,140001,,FALSE,
Account,140002,,FALSE,
Account,140003,,FALSE,
Account,140004,,FALSE,
Account,140100,,FALSE,
Account,140200,,FALSE,
Account,140201,,FALSE,
Account,140202,,FALSE,
Account,140203,,FALSE,
Account,140204,,FALSE,
Account,140205,,FALSE,
Account,140206,,FALSE,
Account,140207,,FALSE,
Account,140500,,FALSE,
Account,14X000,,FALSE,
Account,150000,,FALSE,
Account,150001,,FALSE,
Account,150100,,FALSE,
Account,151000,,FALSE,
Account,151100,,FALSE,
Account,151200,,FALSE,
Account,151300,,FALSE,
Account,151400,,FALSE,
Account,151500,,FALSE,
Account,151510,,FALSE,
Account,151600,,FALSE,
Account,151700,,FALSE,
Account,151800,,FALSE,
Account,152000,,FALSE,
Account,152001,,FALSE,
Account,152002,,FALSE,
Account,152003,,FALSE,
Account,152004,,FALSE,
Account,153001,,FALSE,
Account,153002,,FALSE,
Account,153003,,FALSE,
Account,154000,,FALSE,
Account,154100,,FALSE,
Account,155000,,FALSE,
Account,155100,,FALSE,
Account,155200,,FALSE,
Account,156000,,FALSE,
Account,156100,,FALSE,
Account,156200,,FALSE,
Account,156300,,FALSE,
Account,157000,,FALSE,
Account,157100,,FALSE,
Account,157200,,FALSE,
Account,157300,,FALSE,
Account,157301,,FALSE,
Account,157302,,FALSE,
Account,157400,,FALSE,
Account,157500,,FALSE,
Account,158100,,FALSE,
Account,158200,,FALSE,
Account,159100,,FALSE,
Account,159110,,FALSE,
Account,159120,,FALSE,
Account,159200,,FALSE,
Account,159210,,FALSE,
Account,159220,,FALSE,
Account,160000,,FALSE,
Account,161000,,FALSE,
Account,161100,,FALSE,
Account,161400,,FALSE,
Account,162000,,FALSE,
Account,162100,,FALSE,
Account,162200,,FALSE,
Account,162300,,FALSE,
Account,162400,,FALSE,
Account,162900,,FALSE,
Account,163000,,FALSE,
Account,163002,,FALSE,
Account,163100,,FALSE,
Account,163150,,FALSE,
Account,163200,,FALSE,
Account,163210,,FALSE,
Account,163300,,FALSE,
Account,163400,,FALSE,
Account,163500,,FALSE,
Account,163501,,FALSE,
Account,165000,,FALSE,
Account,165100,,FALSE,
Account,165500,,FALSE,
Account,166000,,FALSE,
Account,166100,,FALSE,
Account,166200,,FALSE,
Account,166300,,FALSE,
Account,166400,,FALSE,
Account,166900,,FALSE,
Account,167000,,FALSE,
Account,167002,,FALSE,
Account,167100,,FALSE,
Account,167150,,FALSE,
Account,167200,,FALSE,
Account,167300,,FALSE,
Account,170000,,FALSE,
Account,170250,,FALSE,
Account,171000,,FALSE,
Account,171100,,FALSE,
Account,171200,,FALSE,
Account,171300,,FALSE,
Account,171400,,FALSE,
Account,171401,,FALSE,
Account,171402,,FALSE,
Account,171500,,FALSE,
Account,171600,,FALSE,
Account,190000,,FALSE,
Account,190100,,FALSE,
Account,190200,,FALSE,
Account,190300,,FALSE,
Account,190400,,FALSE,
Account,190500,,FALSE,
Account,190900,,FALSE,
Account,200000,,FALSE,
Account,200001,,FALSE,
Account,200002,,FALSE,
Account,200003,,FALSE,
Account,200004,,FALSE,
Account,200005,,FALSE,
Account,200006,,FALSE,
Account,200007,,FALSE,
Account,200008,,FALSE,
Account,200009,,FALSE,
Account,200010,,FALSE,
Account,200011,,FALSE,
Account,200012,,FALSE,
Account,200013,,FALSE,
Account,200014,,FALSE,
Account,200015,,FALSE,
Account,200030,,FALSE,
Account,200050,,FALSE,
Account,201000,,FALSE,
Account,202000,,FALSE,
Account,202220,,FALSE,
Account,204000,,FALSE,
Account,204100,,FALSE,
Account,205000,,FALSE,
Account,205100,,FALSE,
Account,210000,,FALSE,
Account,210001,,FALSE,
Account,210015,,FALSE,
Account,210016,,FALSE,
Account,210500,,FALSE,
Account,211000,,FALSE,
Account,211100,,FALSE,
Account,211200,,FALSE,
Account,211300,,FALSE,
Account,211400,,FALSE,
Account,211500,,FALSE,
Account,212000,,FALSE,
Account,212100,,FALSE,
Account,212200,,FALSE,
Account,212300,,FALSE,
Account,212310,,FALSE,
Account,213000,,FALSE,
Account,213001,,FALSE,
Account,213002,,FALSE,
Account,213100,,FALSE,
Account,213200,,FALSE,
Account,213300,,FALSE,
Account,213400,,FALSE,
Account,213700,,FALSE,
Account,213701,,FALSE,
Account,213702,,FALSE,
Account,213703,,FALSE,
Account,213750,,FALSE,
Account,213800,,FALSE,
Account,213920,,FALSE,
Account,213921,,FALSE,
Account,213922,,FALSE,
Account,213923,,FALSE,
Account,213924,,FALSE,
Account,213925,,FALSE,
Account,213926,,FALSE,
Account,213930,,FALSE,
Account,220000,,FALSE,
Account,220100,,FALSE,
Account,220200,,FALSE,
Account,221000,,FALSE,
Account,222000,,FALSE,
Account,223000,,FALSE,
Account,223001,,FALSE,
Account,223002,,FALSE,
Account,223003,,FALSE,
Account,224000,,FALSE,
Account,224200,,FALSE,
Account,225000,,FALSE,
Account,225100,,FALSE,
Account,226000,,FALSE,
Account,226050,,FALSE,
Account,226100,,FALSE,
Account,226200,,FALSE,
Account,226201,,FALSE,
Account,226202,,FALSE,
Account,226203,,FALSE,
Account,226204,,FALSE,
Account,226205,,FALSE,
Account,226206,,FALSE,
Account,226207,,FALSE,
Account,226208,,FALSE,
Account,226209,,FALSE,
Account,226210,,FALSE,
Account,226211,,FALSE,
Account,226212,,FALSE,
Account,226213,,FALSE,
Account,226300,,FALSE,
Account,226400,,FALSE,
Account,226410,,FALSE,
Account,226420,,FALSE,
Account,226430,,FALSE,
Account,226500,,FALSE,
Account,226600,,FALSE,
Account,226630,,FALSE,
Account,226650,,FALSE,
Account,226651,,FALSE,
Account,226670,,FALSE,
Account,226700,,FALSE,
Account,226800,,FALSE,
Account,227000,,FALSE,
Account,227001,,FALSE,
Account,227200,,FALSE,
Account,230000,,FALSE,
Account,230001,,FALSE,
Account,231000,,FALSE,
Account,231100,,FALSE,
Account,231200,,FALSE,
Account,231300,,FALSE,
Account,231400,,FALSE,
Account,231500,,FALSE,
Account,231600,,FALSE,
Account,232000,,FALSE,
Account,232001,,FALSE,
Account,232002,,FALSE,
Account,232100,,FALSE,
Account,232101,,FALSE,
Account,232102,,FALSE,
Account,232200,,FALSE,
Account,233000,,FALSE,
Account,233100,,FALSE,
Account,233200,,FALSE,
Account,233250,,FALSE,
Account,233260,,FALSE,
Account,233300,,FALSE,
Account,234000,,FALSE,
Account,234006,,FALSE,
Account,234010,,FALSE,
Account,234011,,FALSE,
Account,234020,,FALSE,
Account,234030,,FALSE,
Account,234050,,FALSE,
Account,234090,,FALSE,
Account,234099,,FALSE,
Account,235000,,FALSE,
Account,235100,,FALSE,
Account,237000,,FALSE,
Account,237100,,FALSE,
Account,237200,,FALSE,
Account,237310,,FALSE,
Account,237400,,FALSE,
Account,237401,,FALSE,
Account,237500,,FALSE,
Account,237600,,FALSE,
Account,237700,,FALSE,
Account,237800,,FALSE,
Account,238004,,FALSE,
Account,238005,,FALSE,
Account,238006,,FALSE,
Account,238500,,FALSE,
Account,238501,,FALSE,
Account,238530,,FALSE,
Account,238532,,FALSE,
Account,238533,,FALSE,
Account,238534,,FALSE,
Account,238535,,FALSE,
Account,238536,,FALSE,
Account,238537,,FALSE,
Account,238538,,FALSE,
Account,238539,,FALSE,
Account,238540,,FALSE,
Account,238541,,FALSE,
Account,238542,,FALSE,
Account,238543,,FALSE,
Account,238550,,FALSE,
Account,238560,,FALSE,
Account,238561,,FALSE,
Account,238562,,FALSE,
Account,238570,,FALSE,
Account,238590,,FALSE,
Account,238591,,FALSE,
Account,238592,,FALSE,
Account,238599,,FALSE,
Account,238600,,FALSE,
Account,238610,,FALSE,
Account,238611,,FALSE,
Account,238612,,FALSE,
Account,238613,,FALSE,
Account,238700,,FALSE,
Account,238701,,FALSE,
Account,238702,,FALSE,
Account,238703,,FALSE,
Account,238704,,FALSE,
Account,238705,,FALSE,
Account,238706,,FALSE,
Account,238707,,FALSE,
Account,238900,,FALSE,
Account,238901,,FALSE,
Account,238970,,FALSE,
Account,238X00,,FALSE,
Account,238XXX,,FALSE,
Account,250000,,FALSE,
Account,250001,,FALSE,
Account,250002,,FALSE,
Account,250003,,FALSE,
Account,250004,,FALSE,
Account,250005,,FALSE,
Account,250006,,FALSE,
Account,250007,,FALSE,
Account,250008,,FALSE,
Account,250009,,FALSE,
Account,251000,,FALSE,
Account,251100,,FALSE,
Account,251200,,FALSE,
Account,251300,,FALSE,
Account,251400,,FALSE,
Account,251500,,FALSE,
Account,251600,,FALSE,
Account,257000,,FALSE,
Account,257100,,FALSE,
Account,257200,,FALSE,
Account,260000,,FALSE,
Account,260100,,FALSE,
Account,260200,,FALSE,
Account,260201,,FALSE,
Account,260202,,FALSE,
Account,261000,,FALSE,
Account,261002,,FALSE,
Account,261003,,FALSE,
Account,262000,,FALSE,
Account,262001,,FALSE,
Account,262002,,FALSE,
Account,262003,,FALSE,
Account,262004,,FALSE,
Account,262005,,FALSE,
Account,262006,,FALSE,
Account,262007,,FALSE,
Account,262008,,FALSE,
Account,262009,,FALSE,
Account,262100,,FALSE,
Account,262200,,FALSE,
Account,262201,,FALSE,
Account,262202,,FALSE,
Account,262203,,FALSE,
Account,262204,,FALSE,
Account,262205,,FALSE,
Account,263000,,FALSE,
Account,263100,,FALSE,
Account,263101,,FALSE,
Account,264000,,FALSE,
Account,264010,,FALSE,
Account,264020,,FALSE,
Account,264030,,FALSE,
Account,265000,,FALSE,
Account,265100,,FALSE,
Account,265200,,FALSE,
Account,265300,,FALSE,
Account,266000,,FALSE,
Account,266100,,FALSE,
Account,266200,,FALSE,
Account,267000,,FALSE,
Account,267010,,FALSE,
Account,267020,,FALSE,
Account,267030,,FALSE,
Account,268000,,FALSE,
Account,270000,,FALSE,
Account,270001,,FALSE,
Account,270002,,FALSE,
Account,270100,,FALSE,
Account,270200,,FALSE,
Account,270300,,FALSE,
Account,270400,,FALSE,
Account,270500,,FALSE,
Account,270600,,FALSE,
Account,270700,,FALSE,
Account,270800,,FALSE,
Account,290000,,FALSE,
Account,291000,,FALSE,
Account,292000,,FALSE,
Account,293000,,FALSE,
Account,294000,,FALSE,
Account,295000,,FALSE,
Account,295100,,FALSE,
Account,295200,,FALSE,
Account,295300,,FALSE,
Account,295401,,FALSE,
Account,295501,,FALSE,
Account,296000,,FALSE,
Account,297000,,FALSE,
Account,298000,,FALSE,
Account,299000,,FALSE,
Account,300000,,FALSE,
Account,300001,,FALSE,
Account,300050,,FALSE,
Account,301000,,FALSE,
Account,400000,,FALSE,
Account,400001,,FALSE,
Account,400002,,FALSE,
Account,400100,,FALSE,
Account,400101,,FALSE,
Account,400102,,FALSE,
Account,400200,,FALSE,
Account,400201,,FALSE,
Account,400202,,FALSE,
Account,400300,,FALSE,
Account,400301,,FALSE,
Account,400400,,FALSE,
Account,400401,,FALSE,
Account,400410,,FALSE,
Account,400411,,FALSE,
Account,400412,,FALSE,
Account,400500,,FALSE,
Account,400510,,FALSE,
Account,400600,,FALSE,
Account,400700,,FALSE,
Account,400800,,FALSE,
Account,400900,,FALSE,
Account,401000,,FALSE,
Account,401002,,FALSE,
Account,402000,,FALSE,
Account,402001,,FALSE,
Account,402002,,FALSE,
Account,402003,,FALSE,
Account,402010,,FALSE,
Account,402011,,FALSE,
Account,402012,,FALSE,
Account,402013,,FALSE,
Account,402018,,FALSE,
Account,402019,,FALSE,
Account,402020,,FALSE,
Account,402021,,FALSE,
Account,402090,,FALSE,
Account,402100,,FALSE,
Account,402101,,FALSE,
Account,402103,,FALSE,
Account,402200,,FALSE,
Account,402210,,FALSE,
Account,402300,,FALSE,
Account,402409,,FALSE,
Account,402410,,FALSE,
Account,402500,,FALSE,
Account,402510,,FALSE,
Account,402520,,FALSE,
Account,402530,,FALSE,
Account,402590,,FALSE,
Account,402591,,FALSE,
Account,402600,,FALSE,
Account,402601,,FALSE,
Account,402603,,FALSE,
Account,402609,,FALSE,
Account,402700,,FALSE,
Account,402701,,FALSE,
Account,402702,,FALSE,
Account,402703,,FALSE,
Account,402704,,FALSE,
Account,402705,,FALSE,
Account,402706,,FALSE,
Account,402707,,FALSE,
Account,402708,,FALSE,
Account,404000,,FALSE,
Account,404100,,FALSE,
Account,404200,,FALSE,
Account,404201,,FALSE,
Account,405000,,FALSE,
Account,405100,,FALSE,
Account,405200,,FALSE,
Account,405300,,FALSE,
Account,405400,,FALSE,
Account,405500,,FALSE,
Account,405600,,FALSE,
Account,406000,,FALSE,
Account,406050,,FALSE,
Account,406100,,FALSE,
Account,406200,,FALSE,
Account,406300,,FALSE,
Account,406400,,FALSE,
Account,407000,,FALSE,
Account,407100,,FALSE,
Account,407200,,FALSE,
Account,407300,,FALSE,
Account,408000,,FALSE,
Account,408100,,FALSE,
Account,408200,,FALSE,
Account,408300,,FALSE,
Account,410000,,FALSE,
Account,410001,,FALSE,
Account,410003,,FALSE,
Account,410004,,FALSE,
Account,410005,,FALSE,
Account,410006,,FALSE,
Account,410007,,FALSE,
Account,418100,,FALSE,
Account,418101,,FALSE,
Account,418110,,FALSE,
Account,420000,,FALSE,
Account,420002,,FALSE,
Account,420003,,FALSE,
Account,420014,,FALSE,
Account,420050,,FALSE,
Account,420051,,FALSE,
Account,420052,,FALSE,
Account,420053,,FALSE,
Account,420054,,FALSE,
Account,420055,,FALSE,
Account,420056,,FALSE,
Account,420057,,FALSE,
Account,420100,,FALSE,
Account,420109,,FALSE,
Account,420110,,FALSE,
Account,420115,,FALSE,
Account,420200,,FALSE,
Account,420201,,FALSE,
Account,423000,,FALSE,
Account,423001,,FALSE,
Account,423002,,FALSE,
Account,423003,,FALSE,
Account,423004,,FALSE,
Account,423005,,FALSE,
Account,423006,,FALSE,
Account,423007,,FALSE,
Account,423008,,FALSE,
Account,423010,,FALSE,
Account,423011,,FALSE,
Account,423012,,FALSE,
Account,423043,,FALSE,
Account,423084,,FALSE,
Account,423086,,FALSE,
Account,426000,,FALSE,
Account,426100,,FALSE,
Account,430000,,FALSE,
Account,430001,,FALSE,
Account,430002,,FALSE,
Account,430003,,FALSE,
Account,430004,,FALSE,
Account,430005,,FALSE,
Account,430009,,FALSE,
Account,430030,,FALSE,
Account,430031,,FALSE,
Account,430032,,FALSE,
Account,430033,,FALSE,
Account,430034,,FALSE,
Account,430035,,FALSE,
Account,430036,,FALSE,
Account,430037,,FALSE,
Account,430038,,FALSE,
Account,430039,,FALSE,
Account,430040,,FALSE,
Account,430041,,FALSE,
Account,430049,,FALSE,
Account,430050,,FALSE,
Account,430051,,FALSE,
Account,430055,,FALSE,
Account,430063,,FALSE,
Account,430070,,FALSE,
Account,430071,,FALSE,
Account,430080,,FALSE,
Account,430081,,FALSE,
Account,430082,,FALSE,
Account,430083,,FALSE,
Account,430084,,FALSE,
Account,430085,,FALSE,
Account,430090,,FALSE,
Account,430091,,FALSE,
Account,430092,,FALSE,
Account,431000,,FALSE,
Account,431001,,FALSE,
Account,432010,,FALSE,
Account,432011,,FALSE,
Account,432012,,FALSE,
Account,432019,,FALSE,
Account,432020,,FALSE,
Account,432030,,FALSE,
Account,432040,,FALSE,
Account,432041,,FALSE,
Account,432080,,FALSE,
Account,432090,,FALSE,
Account,432091,,FALSE,
Account,432092,,FALSE,
Account,432093,,FALSE,
Account,432094,,FALSE,
Account,432095,,FALSE,
Account,432099,,FALSE,
Account,433000,,FALSE,
Account,433200,,FALSE,
Account,433201,,FALSE,
Account,433202,,FALSE,
Account,433203,,FALSE,
Account,434000,,FALSE,
Account,434001,,FALSE,
Account,434002,,FALSE,
Account,434060,,FALSE,
Account,434070,,FALSE,
Account,434071,,FALSE,
Account,434072,,FALSE,
Account,434073,,FALSE,
Account,434080,,FALSE,
Account,434081,,FALSE,
Account,434099,,FALSE,
Account,434500,,FALSE,
Account,435000,,FALSE,
Account,435500,,FALSE,
Account,435501,,FALSE,
Account,436000,,FALSE,
Account,436001,,FALSE,
Account,436002,,FALSE,
Account,436003,,FALSE,
Account,436009,,FALSE,
Account,437000,,FALSE,
Account,437500,,FALSE,
Account,438000,,FALSE,
Account,438500,,FALSE,
Account,438501,,FALSE,
Account,438600,,FALSE,
Account,438700,,FALSE,
Account,438701,,FALSE,
Account,440000,,FALSE,
Account,440001,,FALSE,
Account,440002,,FALSE,
Account,440003,,FALSE,
Account,440004,,FALSE,
Account,440005,,FALSE,
Account,440006,,FALSE,
Account,440007,,FALSE,
Account,440008,,FALSE,
Account,440009,,FALSE,
Account,440010,,FALSE,
Account,440011,,FALSE,
Account,440012,,FALSE,
Account,440013,,FALSE,
Account,440014,,FALSE,
Account,440015,,FALSE,
Account,440900,,FALSE,
Account,440901,,FALSE,
Account,440902,,FALSE,
Account,445000,,FALSE,
Account,445100,,FALSE,
Account,445200,,FALSE,
Account,450000,,FALSE,
Account,450001,,FALSE,
Account,450100,,FALSE,
Account,450101,,FALSE,
Account,450102,,FALSE,
Account,450109,,FALSE,
Account,450110,,FALSE,
Account,450111,,FALSE,
Account,450112,,FALSE,
Account,450119,,FALSE,
Account,450200,,FALSE,
Account,450201,,FALSE,
Account,450300,,FALSE,
Account,450400,,FALSE,
Account,450500,,FALSE,
Account,450600,,FALSE,
Account,450700,,FALSE,
Account,451000,,FALSE,
Account,451100,,FALSE,
Account,451200,,FALSE,
Account,451300,,FALSE,
Account,451400,,FALSE,
Account,451500,,FALSE,
Account,451600,,FALSE,
Account,451700,,FALSE,
Account,451801,,FALSE,
Account,451802,,FALSE,
Account,451803,,FALSE,
Account,451804,,FALSE,
Account,451805,,FALSE,
Account,451806,,FALSE,
Account,451808,,FALSE,
Account,451809,,FALSE,
Account,451810,,FALSE,
Account,451811,,FALSE,
Account,451812,,FALSE,
Account,451813,,FALSE,
Account,452000,,FALSE,
Account,452100,,FALSE,
Account,452200,,FALSE,
Account,452300,,FALSE,
Account,452400,,FALSE,
Account,452500,,FALSE,
Account,452600,,FALSE,
Account,452700,,FALSE,
Account,452800,,FALSE,
Account,452900,,FALSE,
Account,453000,,FALSE,
Account,453100,,FALSE,
Account,453200,,FALSE,
Account,453300,,FALSE,
Account,453400,,FALSE,
Account,453500,,FALSE,
Account,453600,,FALSE,
Account,453700,,FALSE,
Account,453800,,FALSE,
Account,453900,,FALSE,
Account,454000,,FALSE,
Account,454100,,FALSE,
Account,454200,,FALSE,
Account,454600,,FALSE,
Account,454620,,FALSE,
Account,454640,,FALSE,
Account,454660,,FALSE,
Account,454661,,FALSE,
Account,454662,,FALSE,
Account,454663,,FALSE,
Account,454664,,FALSE,
Account,454680,,FALSE,
Account,454700,,FALSE,
Account,454720,,FALSE,
Account,454740,,FALSE,
Account,454760,,FALSE,
Account,454780,,FALSE,
Account,454800,,FALSE,
Account,454820,,FALSE,
Account,454840,,FALSE,
Account,455100,,FALSE,
Account,455200,,FALSE,
Account,455300,,FALSE,
Account,455400,,FALSE,
Account,456000,,FALSE,
Account,456100,,FALSE,
Account,456200,,FALSE,
Account,456300,,FALSE,
Account,456400,,FALSE,
Account,456500,,FALSE,
Account,456600,,FALSE,
Account,456700,,FALSE,
Account,456800,,FALSE,
Account,456900,,FALSE,
Account,457000,,FALSE,
Account,457100,,FALSE,
Account,457200,,FALSE,
Account,457300,,FALSE,
Account,457400,,FALSE,
Account,457500,,FALSE,
Account,457600,,FALSE,
Account,458000,,FALSE,
Account,458100,,FALSE,
Account,458200,,FALSE,
Account,469000,,FALSE,
Account,469001,,FALSE,
Account,469002,,FALSE,
Account,469010,,FALSE,
Account,469011,,FALSE,
Account,469012,,FALSE,
Account,469100,,FALSE,
Account,469101,,FALSE,
Account,469110,,FALSE,
Account,469111,,FALSE,
Account,469112,,FALSE,
Account,469113,,FALSE,
Account,469114,,FALSE,
Account,469120,,FALSE,
Account,469121,,FALSE,
Account,469122,,FALSE,
Account,469123,,FALSE,
Account,469130,,FALSE,
Account,469131,,FALSE,
Account,469132,,FALSE,
Account,469134,,FALSE,
Account,469135,,FALSE,
Account,469139,,FALSE,
Account,469140,,FALSE,
Account,469150,,FALSE,
Account,469160,,FALSE,
Account,469170,,FALSE,
Account,469180,,FALSE,
Account,469190,,FALSE,
Account,469191,,FALSE,
Account,469200,,FALSE,
Account,469500,,FALSE,
Account,469501,,FALSE,
Account,469502,,FALSE,
Account,469503,,FALSE,
Account,469504,,FALSE,
Account,469505,,FALSE,
Account,480000,,FALSE,
Account,480001,,FALSE,
Account,480007,,FALSE,
Account,480008,,FALSE,
Account,480009,,FALSE,
Account,480010,,FALSE,
Account,480021,,FALSE,
Account,480022,,FALSE,
Account,480023,,FALSE,
Account,480024,,FALSE,
Account,480025,,FALSE,
Account,480100,,FALSE,
Account,480200,,FALSE,
Account,481000,,FALSE,
Account,481100,,FALSE,
Account,481200,,FALSE,
Account,481300,,FALSE,
Account,481350,,FALSE,
Account,481400,,FALSE,
Account,482000,,FALSE,
Account,482001,,FALSE,
Account,482010,,FALSE,
Account,482100,,FALSE,
Account,482110,,FALSE,
Account,482120,,FALSE,
Account,482200,,FALSE,
Account,482210,,FALSE,
Account,482220,,FALSE,
Account,482300,,FALSE,
Account,482310,,FALSE,
Account,482320,,FALSE,
Account,483000,,FALSE,
Account,483001,,FALSE,
Account,483010,,FALSE,
Account,483020,,FALSE,
Account,483021,,FALSE,
Account,483100,,FALSE,
Account,483101,,FALSE,
Account,483110,,FALSE,
Account,483120,,FALSE,
Account,483130,,FALSE,
Account,483F00,,FALSE,
Account,483F01,,FALSE,
Account,483F02,,FALSE,
Account,483F03,,FALSE,
Account,483F04,,FALSE,
Account,483F05,,FALSE,
Account,483F06,,FALSE,
Account,483F07,,FALSE,
Account,483F08,,FALSE,
Account,483F09,,FALSE,
Account,483F10,,FALSE,
Account,483F11,,FALSE,
Account,484000,,FALSE,
Account,484001,,FALSE,
Account,484010,,FALSE,
Account,484020,,FALSE,
Account,484030,,FALSE,
Account,484040,,FALSE,
Account,484050,,FALSE,
Account,484060,,FALSE,
Account,484070,,FALSE,
Account,484080,,FALSE,
Account,484090,,FALSE,
Account,484100,,FALSE,
Account,484101,,FALSE,
Account,484110,,FALSE,
Account,484120,,FALSE,
Account,484130,,FALSE,
Account,484140,,FALSE,
Account,484150,,FALSE,
Account,484160,,FALSE,
Account,484170,,FALSE,
Account,484200,,FALSE,
Account,484210,,FALSE,
Account,484220,,FALSE,
Account,484230,,FALSE,
Account,484240,,FALSE,
Account,484250,,FALSE,
Account,484260,,FALSE,
Account,484270,,FALSE,
Account,484280,,FALSE,
Account,484281,,FALSE,
Account,484290,,FALSE,
Account,484300,,FALSE,
Account,484310,,FALSE,
Account,484320,,FALSE,
Account,484330,,FALSE,
Account,484400,,FALSE,
Account,484410,,FALSE,
Account,484500,,FALSE,
Account,484600,,FALSE,
Account,484610,,FALSE,
Account,484620,,FALSE,
Account,484650,,FALSE,
Account,484660,,FALSE,
Account,484670,,FALSE,
Account,484700,,FALSE,
Account,484710,,FALSE,
Account,484720,,FALSE,
Account,484750,,FALSE,
Account,484760,,FALSE,
Account,484770,,FALSE,
Account,484800,,FALSE,
Account,484810,,FALSE,
Account,484820,,FALSE,
Account,484850,,FALSE,
Account,484860,,FALSE,
Account,484870,,FALSE,
Account,484900,,FALSE,
Account,484910,,FALSE,
Account,484920,,FALSE,
Account,484950,,FALSE,
Account,484960,,FALSE,
Account,484970,,FALSE,
Account,484980,,FALSE,
Account,484990,,FALSE,
Account,484F00,,FALSE,
Account,484F01,,FALSE,
Account,484F02,,FALSE,
Account,484F03,,FALSE,
Account,484F04,,FALSE,
Account,484F05,,FALSE,
Account,484F06,,FALSE,
Account,484F07,,FALSE,
Account,485000,,FALSE,
Account,485001,,FALSE,
Account,485002,,FALSE,
Account,485003,,FALSE,
Account,485009,,FALSE,
Account,485010,,FALSE,
Account,485011,,FALSE,
Account,485020,,FALSE,
Account,485100,,FALSE,
Account,485200,,FALSE,
Account,485300,,FALSE,
Account,485400,,FALSE,
Account,485410,,FALSE,
Account,485500,,FALSE,
Account,485F00,,FALSE,
Account,485F01,,FALSE,
Account,485F02,,FALSE,
Account,485F03,,FALSE,
Account,485F04,,FALSE,
Account,485F05,,FALSE,
Account,485F06,,FALSE,
Account,486100,,FALSE,
Account,486110,,FALSE,
Account,486120,,FALSE,
Account,486200,,FALSE,
Account,486300,,FALSE,
Account,486400,,FALSE,
Account,486910,,FALSE,
Account,486920,,FALSE,
Account,486F00,,FALSE,
Account,486F01,,FALSE,
Account,486F02,,FALSE,
Account,486F03,,FALSE,
Account,486F04,,FALSE,
Account,486F05,,FALSE,
Account,500000,,TRUE,
Account,500001,,FALSE,
Account,500002,,FALSE,
Account,500003,,TRUE,
Account,500008,,TRUE,
Account,500010,,FALSE,
Account,500011,,TRUE,
Account,500030,,TRUE,
Account,500035,,TRUE,
Account,500040,,TRUE,
Account,500090,,TRUE,
Account,500091,,TRUE,
Account,500092,,TRUE,
Account,500093,,TRUE,
Account,500094,,FALSE,
Account,500098,,TRUE,
Account,500099,,TRUE,
Account,501000,,TRUE,
Account,501001,,TRUE,
Account,501002,,TRUE,
Account,501003,,TRUE,
Account,501004,,TRUE,
Account,501090,,TRUE,
Account,501091,,TRUE,
Account,501092,,TRUE,
Account,501093,,TRUE,
Account,501099,,TRUE,
Account,501940,,FALSE,
Account,502000,,TRUE,
Account,502001,,TRUE,
Account,502100,,TRUE,
Account,502101,,TRUE,
Account,502200,,TRUE,
Account,502201,,TRUE,
Account,502300,,TRUE,
Account,502301,,TRUE,
Account,502400,,TRUE,
Account,502401,,TRUE,
Account,502500,,TRUE,
Account,502501,,TRUE,
Account,502600,,TRUE,
Account,502601,,TRUE,
Account,502700,,TRUE,
Account,502701,,TRUE,
Account,502800,,TRUE,
Account,502801,,TRUE,
Account,502900,,TRUE,
Account,502901,,TRUE,
Account,502911,,TRUE,
Account,503000,,TRUE,
Account,503001,,TRUE,
Account,503002,,TRUE,
Account,503003,,TRUE,
Account,503100,,TRUE,
Account,503200,,TRUE,
Account,503300,,TRUE,
Account,503301,,TRUE,
Account,503500,,FALSE,
Account,504000,,TRUE,
Account,504002,,TRUE,
Account,504003,,TRUE,
Account,504004,,TRUE,
Account,504005,,TRUE,
Account,504500,,TRUE,
Account,505000,,TRUE,
Account,505001,,TRUE,
Account,505100,,TRUE,
Account,505200,,TRUE,
Account,505300,,TRUE,
Account,505400,,TRUE,
Account,505500,,TRUE,
Account,505600,,TRUE,
Account,505700,,TRUE,
Account,505800,,TRUE,
Account,505900,,TRUE,
Account,506000,,TRUE,
Account,506100,,TRUE,
Account,507000,,TRUE,
Account,507002,,TRUE,
Account,507003,,TRUE,
Account,507004,,TRUE,
Account,507020,,TRUE,
Account,507100,,TRUE,
Account,507200,,TRUE,
Account,507300,,TRUE,
Account,507400,,TRUE,
Account,507410,,TRUE,
Account,507411,,TRUE,
Account,507420,,TRUE,
Account,507430,,TRUE,
Account,507499,,TRUE,
Account,507500,,TRUE,
Account,507600,,TRUE,
Account,507700,,TRUE,
Account,508000,,TRUE,
Account,508001,,TRUE,
Account,508100,,TRUE,
Account,508101,,TRUE,
Account,508110,,TRUE,
Account,508120,,TRUE,
Account,508121,,TRUE,
Account,508125,,TRUE,
Account,508130,,TRUE,
Account,508132,,TRUE,
Account,508139,,TRUE,
Account,508140,,TRUE,
Account,508190,,TRUE,
Account,508191,,TRUE,
Account,508199,,TRUE,
Account,508210,,TRUE,
Account,508250,,TRUE,
Account,508300,,TRUE,
Account,508301,,TRUE,
Account,508500,,TRUE,
Account,508940,,FALSE,
Account,510000,,TRUE,
Account,510001,,TRUE,
Account,510002,,TRUE,
Account,510003,,TRUE,
Account,510004,,TRUE,
Account,510005,,TRUE,
Account,510006,,TRUE,
Account,510007,,TRUE,
Account,511000,,TRUE,
Account,511001,,TRUE,
Account,511002,,TRUE,
Account,511003,,TRUE,
Account,511004,,TRUE,
Account,511007,,TRUE,
Account,511009,,TRUE,
Account,520000,,TRUE,
Account,520001,,TRUE,
Account,520002,,TRUE,
Account,520003,,TRUE,
Account,520004,,TRUE,
Account,520005,,TRUE,
Account,520006,,TRUE,
Account,520007,,TRUE,
Account,520008,,TRUE,
Account,520009,,TRUE,
Account,520010,,TRUE,
Account,520011,,TRUE,
Account,520012,,TRUE,
Account,520050,,TRUE,
Account,520100,,TRUE,
Account,520150,,TRUE,
Account,520200,,TRUE,
Account,520250,,TRUE,
Account,520300,,TRUE,
Account,520350,,TRUE,
Account,520400,,TRUE,
Account,520450,,TRUE,
Account,520500,,TRUE,
Account,520502,,TRUE,
Account,520503,,TRUE,
Account,520504,,TRUE,
Account,520505,,TRUE,
Account,520506,,TRUE,
Account,520507,,TRUE,
Account,520508,,TRUE,
Account,520529,,TRUE,
Account,520550,,TRUE,
Account,520600,,TRUE,
Account,522000,,TRUE,
Account,522001,,TRUE,
Account,522010,,TRUE,
Account,522011,,TRUE,
Account,522012,,TRUE,
Account,522013,,TRUE,
Account,522014,,TRUE,
Account,522015,,TRUE,
Account,522100,,TRUE,
Account,522101,,TRUE,
Account,522102,,TRUE,
Account,522103,,TRUE,
Account,522104,,TRUE,
Account,522105,,TRUE,
Account,522106,,TRUE,
Account,522107,,TRUE,
Account,522108,,TRUE,
Account,522109,,TRUE,
Account,522110,,TRUE,
Account,522111,,TRUE,
Account,522112,,TRUE,
Account,522200,,TRUE,
Account,522201,,TRUE,
Account,522300,,TRUE,
Account,522301,,TRUE,
Account,522302,,TRUE,
Account,522400,,TRUE,
Account,522401,,TRUE,
Account,522402,,TRUE,
Account,522403,,TRUE,
Account,522404,,TRUE,
Account,522405,,TRUE,
Account,522406,,TRUE,
Account,522407,,TRUE,
Account,522511,,TRUE,
Account,522513,,TRUE,
Account,522514,,TRUE,
Account,522515,,TRUE,
Account,522600,,TRUE,
Account,522700,,TRUE,
Account,522800,,TRUE,
Account,522900,,TRUE,
Account,523000,,TRUE,
Account,523100,,TRUE,
Account,523210,,TRUE,
Account,523211,,TRUE,
Account,523212,,TRUE,
Account,523213,,TRUE,
Account,523214,,TRUE,
Account,523215,,TRUE,
Account,523216,,TRUE,
Account,523217,,TRUE,
Account,523218,,TRUE,
Account,523219,,TRUE,
Account,523220,,TRUE,
Account,523221,,TRUE,
Account,523222,,TRUE,
Account,523223,,TRUE,
Account,524000,,TRUE,
Account,524010,,TRUE,
Account,525000,,TRUE,
Account,525100,,TRUE,
Account,525200,,TRUE,
Account,525300,,TRUE,
Account,525400,,TRUE,
Account,525500,,TRUE,
Account,525600,,TRUE,
Account,525700,,TRUE,
Account,525800,,TRUE,
Account,525850,,TRUE,
Account,525900,,TRUE,
Account,525901,,TRUE,
Account,525904,,TRUE,
Account,526000,,TRUE,
Account,526100,,TRUE,
Account,526200,,TRUE,
Account,526300,,TRUE,
Account,526400,,TRUE,
Account,526500,,TRUE,
Account,530000,,TRUE,
Account,530101,,TRUE,
Account,530102,,TRUE,
Account,530103,,TRUE,
Account,530104,,TRUE,
Account,530200,,TRUE,
Account,530300,,TRUE,
Account,530400,,TRUE,
Account,530401,,TRUE,
Account,530500,,TRUE,
Account,530600,,TRUE,
Account,530601,,TRUE,
Account,530602,,TRUE,
Account,530701,,TRUE,
Account,530702,,TRUE,
Account,530703,,TRUE,
Account,530800,,TRUE,
Account,530900,,TRUE,
Account,530909,,TRUE,
Account,531010,,TRUE,
Account,531011,,TRUE,
Account,531012,,TRUE,
Account,531019,,TRUE,
Account,531100,,TRUE,
Account,531200,,TRUE,
Account,531300,,TRUE,
Account,532000,,TRUE,
Account,532100,,TRUE,
Account,532110,,TRUE,
Account,532120,,TRUE,
Account,532130,,TRUE,
Account,532200,,TRUE,
Account,532201,,TRUE,
Account,532202,,TRUE,
Account,532203,,TRUE,
Account,532204,,TRUE,
Account,532205,,TRUE,
Account,532210,,TRUE,
Account,532220,,TRUE,
Account,532230,,TRUE,
Account,532300,,TRUE,
Account,532301,,TRUE,
Account,532302,,TRUE,
Account,532303,,TRUE,
Account,532304,,TRUE,
Account,532305,,TRUE,
Account,532306,,TRUE,
Account,532307,,TRUE,
Account,532308,,TRUE,
Account,532309,,TRUE,
Account,532310,,TRUE,
Account,532311,,TRUE,
Account,532312,,TRUE,
Account,532313,,TRUE,
Account,532314,,TRUE,
Account,532315,,TRUE,
Account,532316,,TRUE,
Account,532400,,TRUE,
Account,532500,,TRUE,
Account,532600,,TRUE,
Account,533000,,TRUE,
Account,533100,,TRUE,
Account,534001,,TRUE,
Account,534010,,TRUE,
Account,534030,,TRUE,
Account,534040,,TRUE,
Account,534100,,TRUE,
Account,534101,,TRUE,
Account,534200,,TRUE,
Account,534300,,TRUE,
Account,534301,,TRUE,
Account,534309,,TRUE,
Account,535000,,TRUE,
Account,535001,,TRUE,
Account,535002,,TRUE,
Account,535003,,TRUE,
Account,535004,,TRUE,
Account,535005,,TRUE,
Account,535006,,TRUE,
Account,535009,,TRUE,
Account,535010,,TRUE,
Account,535100,,TRUE,
Account,535101,,TRUE,
Account,535109,,TRUE,
Account,536001,,TRUE,
Account,536002,,TRUE,
Account,536003,,TRUE,
Account,536004,,TRUE,
Account,536005,,TRUE,
Account,536011,,TRUE,
Account,536012,,TRUE,
Account,536013,,TRUE,
Account,536014,,TRUE,
Account,536015,,TRUE,
Account,536021,,TRUE,
Account,536022,,TRUE,
Account,536023,,TRUE,
Account,536024,,TRUE,
Account,536025,,TRUE,
Account,536093,,TRUE,
Account,536200,,TRUE,
Account,536201,,TRUE,
Account,536300,,TRUE,
Account,536400,,TRUE,
Account,536401,,TRUE,
Account,536500,,TRUE,
Account,536600,,TRUE,
Account,536601,,TRUE,
Account,536700,,TRUE,
Account,537000,,FALSE,
Account,537050,,FALSE,
Account,537100,,FALSE,
Account,537150,,FALSE,
Account,537200,,FALSE,
Account,537250,,FALSE,
Account,537300,,FALSE,
Account,537350,,FALSE,
Account,537400,,FALSE,
Account,537440,,FALSE,
Account,537450,,FALSE,
Account,537500,,FALSE,
Account,537550,,FALSE,
Account,537600,,FALSE,
Account,537610,,TRUE,
Account,537620,,TRUE,
Account,537630,,TRUE,
Account,537640,,TRUE,
Account,537650,,FALSE,
Account,537660,,FALSE,
Account,537700,,FALSE,
Account,537750,,TRUE,
Account,538000,,TRUE,
Account,538100,,TRUE,
Account,539000,,TRUE,
Account,539001,,TRUE,
Account,539002,,TRUE,
Account,539100,,TRUE,
Account,539200,,TRUE,
Account,539300,,TRUE,
Account,539400,,TRUE,
Account,539500,,TRUE,
Account,539501,,TRUE,
Account,539502,,TRUE,
Account,539503,,TRUE,
Account,539504,,TRUE,
Account,539505,,TRUE,
Account,539506,,TRUE,
Account,539507,,TRUE,
Account,539508,,TRUE,
Account,539509,,TRUE,
Account,539510,,TRUE,
Account,539511,,TRUE,
Account,539530,,TRUE,
Account,539531,,TRUE,
Account,539590,,TRUE,
Account,539591,,TRUE,
Account,539999,,TRUE,
Account,540000,,FALSE,
Account,540100,,FALSE,
Account,541000,,FALSE,
Account,542000,,FALSE,
Account,542100,,FALSE,
Account,542200,,FALSE,
Account,542300,,FALSE,
Account,542400,,FALSE,
Account,542900,,FALSE,
Account,543000,,FALSE,
Account,543001,,FALSE,
Account,544000,,FALSE,
Account,544100,,FALSE,
Account,545000,,FALSE,
Account,545100,,FALSE,
Account,546000,,FALSE,
Account,547000,,FALSE,
Account,547010,,FALSE,
Account,547020,,FALSE,
Account,548000,,FALSE,
Account,550000,,TRUE,
Account,550001,,TRUE,
Account,550100,,TRUE,
Account,550200,,TRUE,
Account,550300,,TRUE,
Account,550400,,TRUE,
Account,550401,,TRUE,
Account,550402,,TRUE,
Account,550409,,TRUE,
Account,560000,,TRUE,
Account,560001,,TRUE,
Account,560002,,TRUE,
Account,560003,,TRUE,
Account,560010,,TRUE,
Account,560011,,TRUE,
Account,560012,,TRUE,
Account,560013,,TRUE,
Account,560020,,TRUE,
Account,560021,,TRUE,
Account,560022,,TRUE,
Account,560023,,TRUE,
Account,560030,,TRUE,
Account,560031,,TRUE,
Account,560201,,TRUE,
Account,560202,,TRUE,
Account,560203,,TRUE,
Account,560204,,TRUE,
Account,560205,,TRUE,
Account,560206,,TRUE,
Account,580000,,TRUE,
Account,580010,,TRUE,
Account,580100,,TRUE,
Account,580200,,TRUE,
Account,580210,,TRUE,
Account,580220,,TRUE,
Account,580300,,TRUE,
Account,580310,,TRUE,
Account,580320,,TRUE,
Account,580400,,TRUE,
Account,580500,,TRUE,
Account,580600,,TRUE,
Account,580610,,TRUE,
Account,580700,,TRUE,
Account,580800,,TRUE,
Account,580900,,TRUE,
Account,581000,,TRUE,
Account,583000,,TRUE,
Account,583001,,TRUE,
Account,583010,,TRUE,
Account,583510,,TRUE,
Account,583520,,TRUE,
Account,583F00,,TRUE,
Account,583F01,,TRUE,
Account,583F02,,TRUE,
Account,583F03,,TRUE,
Account,583F04,,TRUE,
Account,583F05,,TRUE,
Account,583F06,,TRUE,
Account,583F07,,TRUE,
Account,587000,,TRUE,
Account,587400,,TRUE,
Account,587500,,TRUE,
Account,587600,,TRUE,
Account,587700,,TRUE,
Account,587800,,TRUE,
Account,587900,,TRUE,
Account,588000,,TRUE,
Account,588100,,TRUE,
Account,588200,,TRUE,
Account,590000,,FALSE,
Account,724010,,FALSE,
Account,724020,,FALSE,
Account,724030,,FALSE,
Account,724040,,FALSE,
Account,724050,,FALSE,
Account,724060,,FALSE,
Account,724070,,FALSE,
Account,724080,,FALSE,
Account,724090,,FALSE,
Account,724100,,FALSE,
Account,724110,,FALSE,
Account,724120,,FALSE,
Account,725010,,TRUE,
Account,725020,,TRUE,
Account,725030,,TRUE,
Account,725040,,TRUE,
Account,725050,,TRUE,
Account,725060,,TRUE,
Account,725070,,TRUE,
Account,725080,,TRUE,
Account,725090,,TRUE,
Account,725100,,TRUE,
Account,725110,,TRUE,
Account,725120,,TRUE,
Account,730000,,TRUE,
Account,731000,,TRUE,
Account,732000,,TRUE,
Account,733000,,TRUE,
Account,734000,,TRUE,
Account,735000,,TRUE,
Account,740000,,FALSE,
Account,741000,,FALSE,
Account,741010,,FALSE,
Account,741011,,FALSE,
Account,741015,,FALSE,
Account,741016,,FALSE,
Account,742000,,FALSE,
Account,742001,,FALSE,
Account,742002,,FALSE,
Account,742003,,FALSE,
Account,742004,,FALSE,
Account,743000,,FALSE,
Account,744000,,FALSE,
Account,744100,,FALSE,
Account,745000,,FALSE,
Account,745010,,FALSE,
Account,746010,,FALSE,
Account,746020,,FALSE,
Account,750000,,TRUE,
Account,750100,,TRUE,
Account,750200,,TRUE,
Account,750300,,TRUE,
Account,750400,,TRUE,
Account,750450,,TRUE,
Account,750500,,TRUE,
Account,750600,,TRUE,
Account,770000,,TRUE,
Account,770001,,TRUE,
Account,770002,,TRUE,
Account,770003,,TRUE,
Account,770004,,TRUE,
Account,770005,,TRUE,
Account,770006,,TRUE,
Account,770007,,TRUE,
Account,770008,,TRUE,
Account,770009,,TRUE,
Account,770010,,TRUE,
Account,770011,,TRUE,
Account,770012,,TRUE,
Account,770013,,TRUE,
Account,770014,,TRUE,
Account,770015,,TRUE,
Account,770016,,TRUE,
Account,770017,,TRUE,
Account,770018,,TRUE,
Account,770019,,TRUE,
Account,770100,,TRUE,
Account,770101,,FALSE,
Account,770102,,TRUE,
Account,770103,,FALSE,
Account,770104,,FALSE,
Account,770501,,TRUE,
Account,770502,,TRUE,
Account,770503,,TRUE,
Account,770504,,TRUE,
Account,770505,,TRUE,
Account,770506,,TRUE,
Account,770507,,TRUE,
Account,770508,,TRUE,
Account,770509,,TRUE,
Account,770510,,TRUE,
Account,770511,,TRUE,
Account,770512,,TRUE,
Account,770513,,TRUE,
Account,770514,,TRUE,
Account,770515,,TRUE,
Account,770516,,TRUE,
Account,770601,,TRUE,
Account,770602,,TRUE,
Account,770603,,TRUE,
Account,770604,,TRUE,
Account,770605,,TRUE,
Account,770606,,TRUE,
Account,770607,,TRUE,
Account,770608,,TRUE,
Account,770609,,TRUE,
Account,770610,,TRUE,
Account,770611,,TRUE,
Account,775000,,FALSE,
Account,775001,,FALSE,
Account,775002,,FALSE,
Account,775003,,FALSE,
Account,775004,,FALSE,
Account,775005,,FALSE,
Account,775100,,FALSE,
Account,775101,,FALSE,
Account,775102,,FALSE,
Account,775103,,FALSE,
Account,775104,,FALSE,
Account,775501,,FALSE,
Account,775502,,FALSE,
Account,775503,,FALSE,
Account,775504,,FALSE,
Account,775505,,FALSE,
Account,775506,,FALSE,
Account,775507,,FALSE,
Account,775508,,FALSE,
Account,775509,,FALSE,
Account,775510,,FALSE,
Account,775511,,FALSE,
Account,775512,,FALSE,
Account,775513,,FALSE,
Account,775514,,FALSE,
Account,775515,,FALSE,
Account,775516,,FALSE,
Account,775601,,FALSE,
Account,775602,,FALSE,
Account,775603,,FALSE,
Account,775604,,FALSE,
Account,775605,,FALSE,
Account,775606,,FALSE,
Account,775607,,FALSE,
Account,775608,,FALSE,
Account,775609,,FALSE,
Account,775610,,FALSE,
Account,775611,,FALSE,
Account,775612,,FALSE,
Account,775613,,FALSE,
Account,775614,,FALSE,
Account,775615,,FALSE,
Account,775616,,FALSE,
Account,775617,,FALSE,
Account,775618,,FALSE,
Account,775619,,FALSE,
Account,775620,,FALSE,
Account,775621,,FALSE,
Account,775622,,FALSE,
Account,775623,,FALSE,
Account,775624,,FALSE,
Account,775B00,,FALSE,
Account,775B01,,FALSE,
Account,775B05,,FALSE,
Account,775B06,,FALSE,
Account,775B10,,FALSE,
Account,775B11,,FALSE,
Account,775B14,,FALSE,
Account,775B15,,FALSE,
Account,780010,,TRUE,
Account,780015,,FALSE,
Account,780020,,TRUE,
Account,780025,,FALSE,
Account,780030,,TRUE,
Account,780035,,TRUE,
Account,780040,,TRUE,
Account,780045,,TRUE,
Account,780050,,TRUE,
Account,780055,,FALSE,
Account,780060,,TRUE,
Account,780065,,FALSE,
Account,780070,,TRUE,
Account,780075,,FALSE,
Account,780080,,TRUE,
Account,780085,,TRUE,
Account,780090,,TRUE,
Account,780095,,FALSE,
Account,780100,,TRUE,
Account,780105,,FALSE,
Account,780110,,TRUE,
Account,780115,,TRUE,
Account,780120,,TRUE,
Account,780125,,FALSE,
Account,785010,,FALSE,
Account,785015,,FALSE,
Account,785020,,FALSE,
Account,785025,,FALSE,
Account,785030,,FALSE,
Account,785035,,FALSE,
Account,785040,,FALSE,
Account,785045,,FALSE,
Account,785050,,FALSE,
Account,785055,,FALSE,
Account,785060,,FALSE,
Account,785065,,FALSE,
Account,785070,,FALSE,
Account,785075,,FALSE,
Account,785080,,FALSE,
Account,785085,,FALSE,
Account,785090,,FALSE,
Account,785095,,FALSE,
Account,785100,,FALSE,
Account,785105,,FALSE,
Account,785110,,FALSE,
Account,785115,,FALSE,
Account,785120,,FALSE,
Account,785125,,FALSE,
Account,810000,,FALSE,
Account,810010,,FALSE,
Account,810050,,FALSE,
Account,810100,,FALSE,
Account,810110,,FALSE,
Account,810200,,FALSE,
Account,810300,,FALSE,
Account,811000,,FALSE,
Account,811050,,FALSE,
Account,811100,,FALSE,
Account,811200,,FALSE,
Account,811300,,FALSE,
Account,812000,,FALSE,
Account,812050,,FALSE,
Account,812100,,FALSE,
Account,812200,,FALSE,
Account,812300,,FALSE,
Account,813000,,FALSE,
Account,813050,,FALSE,
Account,813100,,FALSE,
Account,813200,,FALSE,
Account,813300,,FALSE,
Account,814000,,FALSE,
Account,814100,,FALSE,
Account,814200,,FALSE,
Account,814300,,FALSE,
Account,814500,,FALSE,
Account,814510,,FALSE,
Account,814520,,FALSE,
Account,814530,,FALSE,
Account,814600,,FALSE,
Account,814610,,FALSE,
Account,814620,,FALSE,
Account,814630,,FALSE,
Account,814700,,FALSE,
Account,814710,,FALSE,
Account,814720,,FALSE,
Account,814730,,FALSE,
Account,815000,,FALSE,
Account,815100,,FALSE,
Account,815200,,FALSE,
Account,815300,,FALSE,
Account,815400,,FALSE,
Account,815500,,FALSE,
Account,816000,,FALSE,
Account,816001,,FALSE,
Account,816002,,FALSE,
Account,816009,,FALSE,
Account,816010,,FALSE,
Account,816020,,FALSE,
Account,816030,,FALSE,
Account,816040,,FALSE,
Account,816050,,FALSE,
Account,816060,,FALSE,
Account,816070,,FALSE,
Account,816080,,FALSE,
Account,816090,,FALSE,
Account,816100,,FALSE,
Account,816110,,FALSE,
Account,816120,,FALSE,
Account,816210,,FALSE,
Account,816220,,FALSE,
Account,816230,,FALSE,
Account,816240,,FALSE,
Account,816250,,FALSE,
Account,816260,,FALSE,
Account,816270,,FALSE,
Account,816280,,FALSE,
Account,816290,,FALSE,
Account,816300,,FALSE,
Account,816310,,FALSE,
Account,816320,,FALSE,
Account,816410,,FALSE,
Account,816420,,FALSE,
Account,816430,,FALSE,
Account,816440,,FALSE,
Account,816450,,FALSE,
Account,816460,,FALSE,
Account,816470,,FALSE,
Account,816480,,FALSE,
Account,816490,,FALSE,
Account,816500,,FALSE,
Account,816510,,FALSE,
Account,816520,,FALSE,
Account,816610,,FALSE,
Account,816620,,FALSE,
Account,816630,,FALSE,
Account,816640,,FALSE,
Account,816650,,FALSE,
Account,816660,,FALSE,
Account,816670,,FALSE,
Account,816680,,FALSE,
Account,816690,,FALSE,
Account,816700,,FALSE,
Account,816710,,FALSE,
Account,816720,,FALSE,
Account,820000,,FALSE,
Account,820010,,FALSE,
Account,820020,,FALSE,
Account,820030,,FALSE,
Account,820040,,FALSE,
Account,820050,,FALSE,
Account,820060,,FALSE,
Account,820070,,FALSE,
Account,820080,,FALSE,
Account,820090,,FALSE,
Account,821010,,FALSE,
Account,821020,,FALSE,
Account,821030,,FALSE,
Account,821040,,FALSE,
Account,821050,,FALSE,
Account,821060,,FALSE,
Account,821070,,FALSE,
Account,821080,,FALSE,
Account,821090,,FALSE,
Account,821100,,FALSE,
Account,821110,,FALSE,
Account,821120,,FALSE,
Account,822000,,FALSE,
Account,822010,,FALSE,
Account,822050,,FALSE,
Account,822100,,FALSE,
Account,822150,,FALSE,
Account,824000,,FALSE,
Account,824010,,FALSE,
Account,824020,,FALSE,
Account,824050,,FALSE,
Account,824060,,FALSE,
Account,824070,,FALSE,
Account,824080,,FALSE,
Account,824090,,FALSE,
Account,824100,,FALSE,
Account,825010,,FALSE,
Account,825020,,FALSE,
Account,825030,,FALSE,
Account,825040,,FALSE,
Account,825050,,FALSE,
Account,825060,,FALSE,
Account,825070,,FALSE,
Account,825080,,FALSE,
Account,825090,,FALSE,
Account,825100,,FALSE,
Account,825110,,FALSE,
Account,825120,,FALSE,
Account,826000,,FALSE,
Account,826010,,FALSE,
Account,826050,,FALSE,
Account,826100,,FALSE,
Account,829000,,FALSE,
Account,829010,,FALSE,
Account,829020,,FALSE,
Account,829030,,FALSE,
Account,829040,,FALSE,
Account,829050,,FALSE,
Account,829060,,FALSE,
Account,829070,,FALSE,
Account,829080,,FALSE,
Account,829090,,FALSE,
Account,829100,,FALSE,
Account,829170,,FALSE,
Account,829180,,FALSE,
Account,829190,,FALSE,
Account,829200,,FALSE,
Account,830010,,FALSE,
Account,830020,,FALSE,
Account,830030,,FALSE,
Account,830040,,FALSE,
Account,830050,,FALSE,
Account,830060,,FALSE,
Account,830070,,FALSE,
Account,830080,,FALSE,
Account,830090,,FALSE,
Account,830100,,FALSE,
Account,830110,,FALSE,
Account,830120,,FALSE,
Account,850000,,FALSE,
Account,850050,,FALSE,
Account,850100,,FALSE,
Account,850101,,FALSE,
Account,850150,,FALSE,
Account,850200,,FALSE,
Account,850201,,FALSE,
Account,850202,,FALSE,
Account,870000,,FALSE,
Account,870010,,FALSE,
Account,870020,,FALSE,
Account,870030,,FALSE,
Account,870040,,FALSE,
Account,870050,,FALSE,
Account,870060,,FALSE,
Account,870070,,FALSE,
Account,870080,,FALSE,
Account,870090,,FALSE,
Account,870100,,FALSE,
Account,870110,,FALSE,
Account,870120,,FALSE,
Account,870130,,FALSE,
Account,870140,,FALSE,
Account,870150,,FALSE,
Account,870160,,FALSE,
Account,870170,,FALSE,
Account,870180,,FALSE,
Account,870190,,FALSE,
Account,870200,,FALSE,
Account,870300,,FALSE,
Account,871000,,FALSE,
Account,872000,,FALSE,
Account,872100,,FALSE,
Account,872101,,FALSE,
Account,872102,,FALSE,
Account,872103,,FALSE,
Account,872104,,FALSE,
Account,872105,,FALSE,
Account,872106,,FALSE,
Account,872200,,FALSE,
Activity,000000,Default Activity Value,TRUE,
Activity,100000,Fall Welcome,TRUE,
Activity,100001,Homecoming,TRUE,
Activity,100002,Commencement,TRUE,
Activity,100003,Picnic Day,TRUE,
Activity,100004,Thank Goodness for Staff,TRUE,
Activity,100005,Retreats,TRUE,
Activity,100006,Cultural Events,TRUE,
Activity,100007,Student Events,TRUE,
Activity,100008,Deans Events,TRUE,
Activity,100009,College Wide Events,TRUE,
Activity,100010,Orientation,TRUE,
Activity,100011,Whole Earth Festival,TRUE,
Activity,100012,Colloquium Expenses,TRUE,
Activity,100013,Visiting Artists,TRUE,
Activity,100015,Aggie Day First Years Event Expenses,TRUE,
Activity,100016,Aggie Transfer Student Day,TRUE,
Activity,100029,Departmental Events,TRUE,
Activity,120000,Ticketing Office,TRUE,
Activity,120001,Front of House,TRUE,
Activity,200100,Faculty Recruiting,TRUE,
Activity,200101,Resident Graduate Student Recruiting and Outreach,TRUE,
Activity,200105,Graduate Program Travel Recruiting,TRUE,
Activity,200350,UG Resident Recruiting,TRUE,
Activity,200351,UG NonresidentandInternational Recruit,TRUE,
Activity,200352,UG Student Athletic Recruiting,TRUE,
Activity,200500,Executive,TRUE,
Activity,200501,Board of Directors,TRUE,
Activity,200502,Business and Finance,TRUE,
Activity,200503,Facilities and Maintenance Operations,TRUE,
Activity,200504,General Administration,TRUE,
Activity,200505,Marketing and Communications,TRUE,
Activity,200506,Information Technology Activities,TRUE,
Activity,200507,Computer Replacement,TRUE,
Activity,200508,Procurement,TRUE,
Activity,200509,Professional Development and Training,TRUE,
Activity,200510,Staff Appreciation,TRUE,
Activity,200511,Fund Development,TRUE,
Activity,200512,Human Resource Activities,TRUE,
Activity,200513,Diversity Equity Inclusion,TRUE,
Activity,200514,Departmental Support Activities,TRUE,
Activity,200515,Development Activities,TRUE,
Activity,200516,Engagement and Outreach,TRUE,
Activity,200517,Affiliate Memberships,TRUE,
Activity,200518,Marketing,TRUE,
Activity,200519,SalesAndServices,TRUE,
Activity,200520,Business Partnerships,TRUE,
Activity,200521,Print Media,TRUE,
Activity,200522,Digital Media,TRUE,
Activity,200523,Accreditation,TRUE,
Activity,200529,Websites,TRUE,
Activity,200531,Space Renovation,TRUE,
Activity,200532,Warehouse,TRUE,
Activity,200534,Merchandise,TRUE,
Activity,200535,Analysis,TRUE,
Activity,200536,Student Research,TRUE,
Activity,200538,Faculty Support,TRUE,
Activity,200541,Accident Claims and Reimbursements,TRUE,
Activity,200543,Equipment Rentals,TRUE,
Activity,200547,Equipment Repair and Maintenance,TRUE,
Activity,200548,Event Mangagment and Services,TRUE,
Activity,200549,Fundraising,TRUE,
Activity,200552,Copy Services,TRUE,
Activity,200557,Student Services,TRUE,
Activity,200558,Grad Student Support,TRUE,
Activity,200561,Lab Support,TRUE,
Activity,200562,Safety Expenses,TRUE,
Activity,200563,Equipment,TRUE,
Activity,200566,Telecommunications,TRUE,
Activity,200568,NAMS,TRUE,
Activity,200569,Assessments,TRUE,
Activity,200571,Cloud Services,TRUE,
Activity,200580,Public Information,TRUE,
Activity,200581,Community Education,TRUE,
Activity,200582,Education Outreach,TRUE,
Activity,200589,Museum Curation,TRUE,
Activity,200590,Base Staff,TRUE,
Activity,200594,Agreements,TRUE,
Activity,200598,On Campus Meeting Expenses,TRUE,
Activity,200599,Off Campus Meeting Expenses,TRUE,
Activity,200620,Autoclave Maintenance,TRUE,
Activity,200621,Support Personnel,TRUE,
Activity,200623,Business Travel,TRUE,
Activity,200626,Department Restructuring,TRUE,
Activity,200650,T32 Support,TRUE,
Activity,200688,STAR Award,TRUE,
Activity,200692,Staff Events,TRUE,
Activity,200693,Student Activities,TRUE,
Activity,200701,Community Education,TRUE,
Activity,200702,Education Outreach,TRUE,
Activity,200703,Aggie Ambassadors,TRUE,
Activity,200704,Aggie Jumpstart,TRUE,
Activity,200705,Faculty Orientation,TRUE,
Activity,200708,Student Yield,TRUE,
Activity,200709,Undergraduate Outreach,TRUE,
Activity,200801,Storage,TRUE,
Activity,200805,Tier 2 Support,TRUE,
Activity,200813,Research Supp Sec Serv,TRUE,
Activity,200815,Software,TRUE,
Activity,200900,Arson Investigation,TRUE,
Activity,200901,DispatchandControl Center,TRUE,
Activity,200902,Fleet Services,TRUE,
Activity,200903,Hazardous Materials Response,TRUE,
Activity,200904,Mapping,TRUE,
Activity,200905,Prevention,TRUE,
Activity,200906,Urban SearchandRescue,TRUE,
Activity,200907,Pass Through Costs,TRUE,
Activity,200912,Special Services,TRUE,
Activity,200923,Water Commodities and Services,TRUE,
Activity,200930,Foods for Health Institute,TRUE,
Activity,200990,Provost Award,TRUE,
Activity,201000,ADMAN,TRUE,
Activity,201001,Davis Faculty Association,TRUE,
Activity,201002,Staff Diversity Admin Advsry Committee,TRUE,
Activity,201003,Staff Assembly,TRUE,
Activity,201004,African American FacultyandStaff Assoc,TRUE,
Activity,201005,Chancellor Committee on LGBTQIA,TRUE,
Activity,201006,Disabilities Issues Administrative Advsry,TRUE,
Activity,201007,Asian Pacific American Systemwide Alliance,TRUE,
Activity,201008,Latinx StaffandFaculty Association,TRUE,
Activity,201009,Native American FacultyandStaff Association,TRUE,
Activity,201010,Status of Women at Davis Admin Adsry ,TRUE,
Activity,201011,Veteran Constituency Group,TRUE,
Activity,201012,Entertainment Council,TRUE,
Activity,201013,Institutional Review Board,TRUE,
Activity,201500,Development,TRUE,
Activity,201504,Employee Giving,TRUE,
Activity,201508,Gift Processing,TRUE,
Activity,201509,Patent,TRUE,
Activity,201518,Campus Stewardship Events,TRUE,
Activity,201541,Employee Recognition,TRUE,
Activity,202010,Faculty Research,TRUE,
Activity,202011,Faculty Academic Enrichment Prof Develop,TRUE,
Activity,202012,Faculty Start Up,TRUE,
Activity,202013,Leadership Support eg Dept Chair,TRUE,
Activity,202014,Faculty Bridge Funding,TRUE,
Activity,202015,Students Support Provisions,TRUE,
Activity,202016,Commitments,TRUE,
Activity,202017,ICR Return,TRUE,
Activity,202018,Faculty Summer Sessions,TRUE,
Activity,202019,Faculty Senate Awards,TRUE,
Activity,202020,Provost Funds,TRUE,
Activity,202021,Speaker Funds,TRUE,
Activity,202022,University Honors,TRUE,
Activity,202023,Seed Grant,TRUE,
Activity,202024,Other Faculty Awards,TRUE,
Activity,202025,MOU Memorandum of Understanding,TRUE,
Activity,202026,Additional Compensation,TRUE,
Activity,202027,POP Funding,TRUE,
Activity,202028,Faculty Retention,TRUE,
Activity,202031,Instructional Equipment,TRUE,
Activity,202032,Publication Assistance,TRUE,
Activity,202033,Summer Session Incentive,TRUE,
Activity,202034,Mini Grants,TRUE,
Activity,202035,Peer Advisors,TRUE,
Activity,202036,Renovations,TRUE,
Activity,202037,Base Funded Staff,TRUE,
Activity,202038,Student Awards,TRUE,
Activity,202039,Seminars,TRUE,
Activity,202040,ACCD Funding,TRUE,
Activity,202042,France Berkeley,TRUE,
Activity,202043,Instructional Support,TRUE,
Activity,202044,Salary Savings,TRUE,
Activity,202045,Innovative Learning Technology Initiative ILTI,TRUE,
Activity,202046,Programmatic Initiative,TRUE,
Activity,202050,Faculty Reserves,TRUE,
Activity,202051,Discretionary Funds,TRUE,
Activity,202052,Matching Funds,TRUE,
Activity,202054,Relocations and Removals,TRUE,
Activity,202055,Academic Federation Grants,TRUE,
Activity,202057,VM Salary Admin APM 675,TRUE,
Activity,202058,Travel Grants,TRUE,
Activity,202059,First Year Seminars,TRUE,
Activity,202060,UNEX,TRUE,
Activity,202062,Research and Education Funding,TRUE,
Activity,202063,Student Fellowships,TRUE,
Activity,202065,Restricted Use Funds,TRUE,
Activity,202069,Chancellor Fellow Award,TRUE,
Activity,202073,Salary Cap or Over the Cap Salary,TRUE,
Activity,202074,Wellness Grant,TRUE,
Activity,202075,Library Open Access,TRUE,
Activity,202076,Financial Aid,TRUE,
Activity,202079,Human Development Grad Students,TRUE,
Activity,202080,Child Development Grad Students,TRUE,
Activity,202081,Bench Fees,TRUE,
Activity,202082,Faculty Recruitment,TRUE,
Activity,202083,Research Fellowship,TRUE,
Activity,202084,Dean Office Research Grant,TRUE,
Activity,202087,Leadership Support Assistant Dean,TRUE,
Activity,202088,Leadership Support Associate Dean 1,TRUE,
Activity,202089,Leadership Support Associate Dean 2,TRUE,
Activity,202090,Leadership Support Associate Dean 3,TRUE,
Activity,202093,Leadership Support Executive Associate Dean,TRUE,
Activity,202100,Academic Senate Service Compensation,TRUE,
Activity,202102,Classroom Instruction,TRUE,
Activity,202112,Unrepresented Staff,TRUE,
Activity,202120,Undergraduate Student awards,TRUE,
Activity,202122,UAW Mitigation,TRUE,
Activity,202142,23 24 Hatch 1,TRUE,
Activity,202148,23 24 Animal Health 1,TRUE,
Activity,202156,24 25 Multistate 1,TRUE,
Activity,202160,UCOP Research,TRUE,
Activity,202164,22 23 Hatch 2,TRUE,
Activity,202166,22 23 Animal Health 2,TRUE,
Activity,202168,22 23 Multistate 2,TRUE,
Activity,202177,NIFA Cost Share,TRUE,
Activity,202301,Winter Quarter 2023,TRUE,
Activity,202308,Summer Quarter 2023,TRUE,
Activity,202310,Fall Quarter 2023,TRUE,
Activity,202401,Winter Quarter 2024,TRUE,
Activity,202403,Spring Quarter 2024,TRUE,
Activity,203004,Bioinformatics,TRUE,
Activity,203005,ES Cell,TRUE,
Activity,203006,Genetics,TRUE,
Activity,203007,Injection,TRUE,
Activity,203008,IVF and Cryo,TRUE,
Activity,203010,Phenotyping,TRUE,
Activity,203011,Project Management,TRUE,
Activity,203012,Vivarium,TRUE,
Activity,203020,Temporary Employment Pool,TRUE,
Activity,203031,LIGHTING SYSTEMS AND DEVICES,TRUE,
Activity,203033,GENERATOR,TRUE,
Activity,203053,Conferences,,
Activity,203936,Waterway Stewardship,TRUE,
Activity,210000,Active Minds at UC Davis,TRUE,
Activity,210001,ActuarialandDecision Science,TRUE,
Activity,210002,ActuarialandDecision Sciences Assoc,TRUE,
Activity,210003,Advanced Modeling Aeronautics,TRUE,
Activity,210004,Advanced Modeling Aeronautics Team,TRUE,
Activity,210005,Adventist Christian Fellowship ACF,TRUE,
Activity,210006,Afghan Student Association,TRUE,
Activity,210007,AfricanandBlack Coalition,TRUE,
Activity,210008,African American Black Coalition,TRUE,
Activity,210009,Afrovibes,TRUE,
Activity,210010,Agape,TRUE,
Activity,210011,Agathon,TRUE,
Activity,210012,Aggie Animal Rescue Club,TRUE,
Activity,210013,Aggie Archery at UC Davis,TRUE,
Activity,210014,Aggie Barbell Club,TRUE,
Activity,210015,Aggie Gaming at UC Davis,TRUE,
Activity,210016,Aggie Mahjong Club,TRUE,
Activity,210017,Aggie Mock Business Club,TRUE,
Activity,210018,Aggie Transcript at UC Davis,TRUE,
Activity,210019,Aggies for Humanity,TRUE,
Activity,210020,Aggies for Israel,TRUE,
Activity,210021,Aggies for Recovery,TRUE,
Activity,210022,Aggies of Color,TRUE,
Activity,210023,Aggies Online Network,TRUE,
Activity,210024,AgnosticandAtheist Student Association,TRUE,
Activity,210026,Alpha Kappa Delta Society,TRUE,
Activity,210027,Alzheimers Buddies at UC Davis,TRUE,
Activity,210028,Ambassadors of MathematicalandPhysical,TRUE,
Activity,210029,American Association of University Women,TRUE,
Activity,210030,American Cancer Society at UC Davis,TRUE,
Activity,210031,American Indian ScienceandEngineering,TRUE,
Activity,210032,American Institute of Chemical Engineers,TRUE,
Activity,210033,American Institute of Professional Geologists,TRUE,
Activity,210034,American Red Cross Club,TRUE,
Activity,210035,American Society for Biochemistry,TRUE,
Activity,210036,American Society of Civil Engineers,TRUE,
Activity,210037,American Society of Heating Refrigeration,TRUE,
Activity,210038,American Society of Landscape Architects,TRUE,
Activity,210039,American Water Works Assoc,TRUE,
Activity,210040,American Water Works Association Student Chapter,TRUE,
Activity,210041,Amnesty International,TRUE,
Activity,210042,Animal Biology Club,TRUE,
Activity,210043,Anthropology Club at UC Davis,TRUE,
Activity,210044,Anthropology Graduate Student Assoc,TRUE,
Activity,210045,Apapa at UC Davis,TRUE,
Activity,210046,APIQ,TRUE,
Activity,210047,Arab Student Union,TRUE,
Activity,210048,Ascend,TRUE,
Activity,210049,Ashrae,TRUE,
Activity,210050,Asian American Association AAA,TRUE,
Activity,210051,Asian American Christian Fellowship,TRUE,
Activity,210052,Asian Pacific Islanders Queers,TRUE,
Activity,210053,Asian Sorority Fraternity Council,TRUE,
Activity,210054,ASLA Student Chapter at UCD,TRUE,
Activity,210055,Associated Students of Interior Design,TRUE,
Activity,210056,Associated Students of Management,TRUE,
Activity,210057,Association for Women Geoscientists,TRUE,
Activity,210058,Association of Environmental Professionals,TRUE,
Activity,210059,Athletes in Action,TRUE,
Activity,210060,AutismandNeurodiversity Community,TRUE,
Activity,210061,AvianandExotic Animal Medicine Club AEMC ,TRUE,
Activity,210062,Aviation Club,TRUE,
Activity,210063,Aviation Club at UC Davis,TRUE,
Activity,210064,Ax Dance Crew,TRUE,
Activity,210065,BahaI Club at UCD,TRUE,
Activity,210066,Baile De Fuego,TRUE,
Activity,210067,Baja Sae,TRUE,
Activity,210068,Bakuhatsu Taiko Dan,TRUE,
Activity,210069,Bayanihan Clinic,TRUE,
Activity,210070,Bayside Students at UC Davis,TRUE,
Activity,210071,Behavior MedandAnimal Welfare Club,TRUE,
Activity,210072,Belly Dance Club,TRUE,
Activity,210073,Bengali Student Association,TRUE,
Activity,210074,Best Buddies,TRUE,
Activity,210075,Beyond the Book Club,TRUE,
Activity,210076,Beyond The Stats,TRUE,
Activity,210077,Bhagat Puran Singh Health Initiative,TRUE,
Activity,210078,Bio Boosters,TRUE,
Activity,210079,Bioinnovation Group,TRUE,
Activity,210080,Biology Owls,TRUE,
Activity,210081,Biomedical Engineering Society,TRUE,
Activity,210082,Biotechnology Club of UC Davis,TRUE,
Activity,210083,Birdstrike,TRUE,
Activity,210084,BIT Project,TRUE,
Activity,210085,Black Campus Ministries,TRUE,
Activity,210086,Black Engineers Association,TRUE,
Activity,210087,Black GraduateandProfessional Studies,TRUE,
Activity,210088,Black PreLaw Association,TRUE,
Activity,210089,Black Student Union,TRUE,
Activity,210090,Blockchain,TRUE,
Activity,210091,Blockchain at UC Davis,TRUE,
Activity,210092,Botany Club,TRUE,
Activity,210093,Breakdance Club at UC Davis,TRUE,
Activity,210094,Broad Spectrum Student Chapter of the LGVMA,TRUE,
Activity,210095,Brown Issues,TRUE,
Activity,210096,Brown Issues at UC Davis,TRUE,
Activity,210097,Business CareerandNetworking Club,TRUE,
Activity,210098,CAAA Charter Members Fund Account,TRUE,
Activity,210099,Cal Aggie Camp,TRUE,
Activity,210100,Cal Aggie Christian Association,TRUE,
Activity,210101,Cal Alumni Association,TRUE,
Activity,210102,California Health Professionals Student,TRUE,
Activity,210103,California Public Interest Research Group,TRUE,
Activity,210104,California Student Sustainability Coal,TRUE,
Activity,210105,California Womens List at UC Davis,TRUE,
Activity,210106,Cambodian Lao LuMien Coalition CLIC,TRUE,
Activity,210107,Camelid Medicine Club,TRUE,
Activity,210108,Camp Adventure,TRUE,
Activity,210109,Camp Kesem,TRUE,
Activity,210110,Camped,TRUE,
Activity,210111,Campus Crusade for Christ,TRUE,
Activity,210112,Campus Rotaract Club of Davis,TRUE,
Activity,210113,Canine Medicine Club,TRUE,
Activity,210114,Catalyst,TRUE,
Activity,210115,Central Valley Project,TRUE,
Activity,210116,Ceramics Club,TRUE,
Activity,210117,Chamber Music for Charity,TRUE,
Activity,210118,Chemistry Club at UC Davis,TRUE,
Activity,210119,Cherry Pie,TRUE,
Activity,210120,Cherry Tea Collective,TRUE,
Activity,210121,Chess Club,TRUE,
Activity,210122,Chicano Latino Collegiate Association,TRUE,
Activity,210123,ChicanosandLatinos EngineeringandScientists,TRUE,
Activity,210124,Chicanos in Health Education,TRUE,
Activity,210125,ChicanxandLatinx EngineeringandScientist Society,TRUE,
Activity,210126,Chicanx Latinx Collegiate Association,TRUE,
Activity,210127,Chicanx/Latinx In Health Education,TRUE,
Activity,210128,Children of Tomorrow,TRUE,
Activity,210129,Chinese Drama Club,TRUE,
Activity,210130,Chinese Gaming Social Platform,TRUE,
Activity,210131,Chinese GraduateandPostdoctoral Scholars,TRUE,
Activity,210132,Chinese Student Association,TRUE,
Activity,210133,Chinese StudentsandScholars Association,TRUE,
Activity,210134,Chinese Undergrad Student Union,TRUE,
Activity,210135,Chinese Union,TRUE,
Activity,210136,Christian Veterinary Fellowship,TRUE,
Activity,210137,Christian Science Organization,TRUE,
Activity,210139,Christians on Campus at UC Davis,TRUE,
Activity,210140,Churro Club,TRUE,
Activity,210141,Circle K International,TRUE,
Activity,210142,Class of 2021 School of Vet Medicine,TRUE,
Activity,210143,Class of 2021 School of Veterinary Medicine,TRUE,
Activity,210144,Class of 2022 at UCD School of Veterinary Medicine,TRUE,
Activity,210145,Class of 2023 School of Vet Med,TRUE,
Activity,210146,Class of 2023 UC Davis School of Vet Med,TRUE,
Activity,210147,Class Studies Association,TRUE,
Activity,210148,Classical Studies Association,TRUE,
Activity,210149,Cleftomaniacs,TRUE,
Activity,210150,Climate Reality Project Campus Corps,TRUE,
Activity,210151,Clinica Tepati,TRUE,
Activity,210152,Coalition of African Diaspora Student Athletes,TRUE,
Activity,210153,Coastal Cleanup Crew,TRUE,
Activity,210154,Cognitive Science Club,TRUE,
Activity,210155,Collective Hobbies of Japanese Animation,TRUE,
Activity,210156,College Life Christian Fellowship Cl,TRUE,
Activity,210157,Colleges Against Cancer,TRUE,
Activity,210158,Collegiate 4H at UC Davis,TRUE,
Activity,210159,Communication Club at UC Davis,TRUE,
Activity,210160,CommunityandRegional Development Students,TRUE,
Activity,210161,Computer Science for Kids,TRUE,
Activity,210162,Concrete Canoe,TRUE,
Activity,210163,Consult Your Community,TRUE,
Activity,210164,Cricket Club at UC Davis,TRUE,
Activity,210165,Cyber Security Club,TRUE,
Activity,210166,Davis Accounting Society,TRUE,
Activity,210167,Davis Aggies Lions Club,TRUE,
Activity,210168,Davis Alt Protein Project,TRUE,
Activity,210169,Davis Anime Club,TRUE,
Activity,210170,Davis Ballet Company,TRUE,
Activity,210171,Davis Ballroom Dance,TRUE,
Activity,210172,Davis Bhangra Crew,TRUE,
Activity,210173,Davis Chamber Choir,TRUE,
Activity,210174,Davis Chinese Dancers,TRUE,
Activity,210175,Davis Chinese Orchestra,TRUE,
Activity,210176,Davis Christian Fellowship,TRUE,
Activity,210177,Davis College Republicans,TRUE,
Activity,210178,Davis Collegiate Panhellenic Association,TRUE,
Activity,210179,Davis Computer Science Club,TRUE,
Activity,210180,Davis Culchies Hurling,TRUE,
Activity,210181,Davis Dance Marathon,TRUE,
Activity,210182,Davis Democratic Socialists,TRUE,
Activity,210183,Davis Drone Club,TRUE,
Activity,210184,Davis EnologyandViticulture Organization DEVO,TRUE,
Activity,210185,Davis Fandom Forward,TRUE,
Activity,210186,Davis Filmmaking Society,TRUE,
Activity,210187,Davis Financial Analyst Society,TRUE,
Activity,210188,Davis Fusion Dance,TRUE,
Activity,210189,Davis Hiking Club,TRUE,
Activity,210190,Davis Housing Svcs Agency Acct Homestay,TRUE,
Activity,210191,Davis Melee,TRUE,
Activity,210192,Davis Nerf Club,TRUE,
Activity,210193,Davis Personal Development Club,TRUE,
Activity,210194,Davis Plastic Models,TRUE,
Activity,210195,Davis Political Review,TRUE,
Activity,210196,Davis Pre Med SOMA,TRUE,
Activity,210197,Davis PreDental Society,TRUE,
Activity,210198,Davis PreMed Soma,TRUE,
Activity,210199,Davis Puppy Pals,TRUE,
Activity,210200,Davis Racing Dragons Team DRD,TRUE,
Activity,210201,Davis Roleplaying ActivitiesandGaming,TRUE,
Activity,210202,Davis RoleplayingandActivitiesandGaming,TRUE,
Activity,210203,Davis Sailing Team,TRUE,
Activity,210204,Davis Scuba,TRUE,
Activity,210205,Davis Student Veteran Organization,TRUE,
Activity,210206,Davis Supply Chain Management Society SCM,TRUE,
Activity,210207,Davis Swing Dancers,TRUE,
Activity,210208,Davis TheatreandComedy Club,TRUE,
Activity,210209,Davis Women In Business,TRUE,
Activity,210210,Davis Wushu,TRUE,
Activity,210211,Davis Wushu Kung Fu Club,TRUE,
Activity,210212,Debate at UC Davis,TRUE,
Activity,210213,Design Careers Club,TRUE,
Activity,210214,Design for America,TRUE,
Activity,210215,Design for America at UC Davis,TRUE,
Activity,210216,Deutschklub at UC Davis,TRUE,
Activity,210217,Diabetes AdvocacyandAwareness DAAG,TRUE,
Activity,210218,Diversity in STEM Coalition DISC,TRUE,
Activity,210219,DJ Club,TRUE,
Activity,210220,DJ Club at UC Davis,TRUE,
Activity,210221,EconomicsandBusiness Student Association,TRUE,
Activity,210222,Economics Club,TRUE,
Activity,210223,EJUC Environmental Justice For,TRUE,
Activity,210224,Electrical Computer Engineering Grad Students,TRUE,
Activity,210225,Elite Dance Company,TRUE,
Activity,210226,Emergency Medicine Experience Club,TRUE,
Activity,210227,Emergency Medicine Research Assoc Pro,TRUE,
Activity,210228,Empowered Arab Sisterhood,TRUE,
Activity,210229,Energy Club at UC Davis,TRUE,
Activity,210230,Engineering Joint Council,TRUE,
Activity,210231,Engineers without Borders at UC Davis,TRUE,
Activity,210232,English Country Dancers,TRUE,
Activity,210233,Entomology Club at UC Davis,TRUE,
Activity,210234,Environmental Club,TRUE,
Activity,210235,Environmental Toxicology,TRUE,
Activity,210236,Environmental Toxicology Club,TRUE,
Activity,210237,Epidemiology Graduate Group Students,TRUE,
Activity,210238,Equine Medicine Club EMC SCAAEP,TRUE,
Activity,210239,Equity In Science Technology Engineering MathandEnt,TRUE,
Activity,210240,Eritrean Ethiopian Student Association,TRUE,
Activity,210241,Faces of African Muslim Students at UC Davis,TRUE,
Activity,210242,Faces of African Muslims,TRUE,
Activity,210243,FashionandDesign Society FADS,TRUE,
Activity,210244,Feline Medicine Club,TRUE,
Activity,210245,Fellowship of Christian Grads,TRUE,
Activity,210246,Fellowship of Coptic Christian Students,TRUE,
Activity,210247,Figure Drawing Club,TRUE,
Activity,210248,Figure Skating Club at UC Davis,TRUE,
Activity,210249,Filipino Association For Health Careers,TRUE,
Activity,210250,Filipinos in Liberal ArtsandHumanities,TRUE,
Activity,210251,Filipinx Association For Health Careers,TRUE,
Activity,210252,Film Festival,TRUE,
Activity,210253,FinanceandInvestment Club,TRUE,
Activity,210254,Food AnimalandReproductive Medicine FARM,TRUE,
Activity,210255,Food Recovery Network at UC Davis,TRUE,
Activity,210256,Food Science Brewing Club,TRUE,
Activity,210257,Food Tech Club,TRUE,
Activity,210258,Forensic Science Student Org,TRUE,
Activity,210259,Foresight PreOptometry Club,TRUE,
Activity,210260,Fracture Program Club of UCD Vet School,TRUE,
Activity,210261,French Club at UC Davis,TRUE,
Activity,210262,Friends of Agriculture Student Teachers,TRUE,
Activity,210263,Future Female Electrical Engineers,TRUE,
Activity,210264,Game DevelopmentandArts Club,TRUE,
Activity,210265,Genetic Counseling Club,TRUE,
Activity,210266,Genetics Club at UC Davis,TRUE,
Activity,210267,Geo Challenge,TRUE,
Activity,210268,GeoChallenge,TRUE,
Activity,210269,Geology Club,TRUE,
Activity,210270,Geowall,TRUE,
Activity,210271,Girl Up,TRUE,
Activity,210272,Global Disease Biology Club at UC Davis,TRUE,
Activity,210273,Global Environmental Brigades,TRUE,
Activity,210274,Global Graduate Student Association,TRUE,
Activity,210275,Global Human Rights Brigade,TRUE,
Activity,210276,Global Medical Admissions Alliance,TRUE,
Activity,210277,Global Medical Brigades,TRUE,
Activity,210278,Global Medical Training,TRUE,
Activity,210279,Global Tea Club at UC Davis,TRUE,
Activity,210280,Global Veterinary Alliance,TRUE,
Activity,210281,Global Water Brigades,TRUE,
Activity,210282,Global Water Brigades at UC Davis,TRUE,
Activity,210283,Goals,TRUE,
Activity,210284,Grace Alive,TRUE,
Activity,210285,Grad Association of Political Science Students,TRUE,
Activity,210286,Graduate Arts Group,TRUE,
Activity,210287,Hackdavis,TRUE,
Activity,210288,Health Occ Students,TRUE,
Activity,210289,Health Occupations Students of America,TRUE,
Activity,210290,Hearts for the Homeless,TRUE,
Activity,210291,HelpandEducation Leading to Prevention,TRUE,
Activity,210292,HER Campus at UC Davis,TRUE,
Activity,210293,Hermanas Unidas,TRUE,
Activity,210294,Hermanos Macehual,TRUE,
Activity,210295,Hmong in Health,TRUE,
Activity,210296,Hmong Lifting Underserved Barriers,TRUE,
Activity,210297,Hmong Student Union,TRUE,
Activity,210298,HOME,TRUE,
Activity,210299,Home of Multicultural Equality HOME,TRUE,
Activity,210300,HOME: Where Friends Become Family,TRUE,
Activity,210301,Homemade,TRUE,
Activity,210302,Hong KongandCantonese Student Association,TRUE,
Activity,210303,Hong Kong Political AffairsandSocial Services,TRUE,
Activity,210304,Hope at UC Davis,TRUE,
Activity,210305,Horse Polo at UC Davis,TRUE,
Activity,210306,HorticultureandAgronomy Student Assoc,TRUE,
Activity,210307,House of Prayer,TRUE,
Activity,210308,HOX,TRUE,
Activity,210309,Human Development Club,TRUE,
Activity,210310,Human Powered Vehicle Team,TRUE,
Activity,210311,Hummus for Homeless,TRUE,
Activity,210312,Hyphen Apostolic Fellowship,TRUE,
Activity,210313,Ignite at UC Davis,TRUE,
Activity,210314,Imani Clinic,TRUE,
Activity,210315,Incarnation Ministries,TRUE,
Activity,210316,Indian Graduate Student Organization,TRUE,
Activity,210317,Indian Student Association ISA,TRUE,
Activity,210318,Indigenous Health Alliance,TRUE,
Activity,210319,Inprint Magazine,TRUE,
Activity,210320,Inspire to Aspire,TRUE,
Activity,210321,Institute of Transportation Engineers,TRUE,
Activity,210322,Integrative Veterinary Medicine Club,TRUE,
Activity,210323,Interclinic Consortium,TRUE,
Activity,210324,International Ag Development Graduate,TRUE,
Activity,210325,International Agricultural Develop Graduate Group,TRUE,
Activity,210326,International Fitness Club,TRUE,
Activity,210327,International Graduate Student Ministry,TRUE,
Activity,210328,International Relations Student Assoc,TRUE,
Activity,210329,International Society for Pharmaceutical Engineers,TRUE,
Activity,210330,International Students Club,TRUE,
Activity,210331,International Undergraduate Student Ministry,TRUE,
Activity,210332,International Veterinary Outreach,TRUE,
Activity,210333,International YouthandStudents for Soc,TRUE,
Activity,210334,Intervarsity Christian Fellowship,TRUE,
Activity,210335,Iranian Student Organization,TRUE,
Activity,210336,J Street U,TRUE,
Activity,210337,Jakara at UC Davis,TRUE,
Activity,210338,Japanese American Student Society,TRUE,
Activity,210339,Japanese LanguageandCultural Connection,TRUE,
Activity,210340,Jewish Voice for Peace at UC Davis,TRUE,
Activity,210341,Jhankaar,TRUE,
Activity,210342,Joan Viteri Memorial Clinic  Undergrad,TRUE,
Activity,210343,Journalism Club,TRUE,
Activity,210344,KAPWA Pilipino Bible StudyandMinistry,TRUE,
Activity,210345,Kendo Club,TRUE,
Activity,210346,King Hall EntertainmentandSports Law,TRUE,
Activity,210347,King Hall Legal Foundation,TRUE,
Activity,210348,Klesis,TRUE,
Activity,210349,Knights Landing Clinic,TRUE,
Activity,210350,Knights Landing One Health Veterinary Clinic,TRUE,
Activity,210351,Koinonia Christian Fellowship,TRUE,
Activity,210352,Korean Aggies United,TRUE,
Activity,210353,Korean American ScientistsandEngineering Association,TRUE,
Activity,210354,Korean American Student Association,TRUE,
Activity,210355,Korean Graduate Student Association,TRUE,
Activity,210356,Korean Job Search,TRUE,
Activity,210357,KoreanAmerican ScientistsandEng Assoc,TRUE,
Activity,210358,La Raza Law Student Association,TRUE,
Activity,210359,La Raza PreLaw Student Association,TRUE,
Activity,210360,Lashkara at UC Davis,TRUE,
Activity,210361,Latinx Graduate Student Association,TRUE,
Activity,210362,Le Fantastique Empirical Modern Art Club,TRUE,
Activity,210363,Leaders Of Achievement In Biological Sci,TRUE,
Activity,210364,League of Legends Club at UC Davis,TRUE,
Activity,210365,Lets Dish,TRUE,
Activity,210366,Liberty In North Korea,TRUE,
Activity,210367,Light Ministries,TRUE,
Activity,210368,Linguistics Club,TRUE,
Activity,210369,ME ChA,TRUE,
Activity,210370,Malaysian Student Association,TRUE,
Activity,210371,Manna Chinese Christian Fellowship,TRUE,
Activity,210372,MANRRS,TRUE,
Activity,210373,Mapping Club at UC Davis,TRUE,
Activity,210374,Mariachi Cielito Lindo,TRUE,
Activity,210375,Marine Science Club,TRUE,
Activity,210376,MarketingandBusiness Association,TRUE,
Activity,210377,Material Advantage Student Chapter at UC Davis,TRUE,
Activity,210378,Math Club at UC Davis,TRUE,
Activity,210379,Mecha,TRUE,
Activity,210380,Mechanism Press,TRUE,
Activity,210381,Medlife,TRUE,
Activity,210382,Mercer Vet Clinic for the Homeless UG,TRUE,
Activity,210383,Mercer Veterinary Clinic for the Homeless,TRUE,
Activity,210384,MESA Club,TRUE,
Activity,210385,MGA Kaibigan Dance Troupe,TRUE,
Activity,210386,MGA Kapatid MK,TRUE,
Activity,210387,Microwave TheoryandTechniques Society,TRUE,
Activity,210388,Middle Eastern South Asian Law Student Association,TRUE,
Activity,210389,Minority Association of PreMed Students,TRUE,
Activity,210390,Mixed Student Union,TRUE,
Activity,210391,MK Modern,TRUE,
Activity,210392,Mobility,TRUE,
Activity,210393,Mock Trial at UC Davis,TRUE,
Activity,210394,Model United Nations,TRUE,
Activity,210395,MolecularandCellular Biology Club,TRUE,
Activity,210396,Moneyball,TRUE,
Activity,210397,Morning Sign Out,TRUE,
Activity,210398,Mujeres Ayudando La Raza,TRUE,
Activity,210399,Muscular Dystrophy Awareness Club,TRUE,
Activity,210400,Music Graduate Student Association,TRUE,
Activity,210401,Music Unplugged,TRUE,
Activity,210402,Musicians of Davis,TRUE,
Activity,210403,Musicow,TRUE,
Activity,210404,Muslim Student Association,TRUE,
Activity,210405,Muslims of the West at UC Davis,TRUE,
Activity,210406,Mustard Seed Ministry,TRUE,
Activity,210407,Na Keiki O Hawaii,TRUE,
Activity,210408,Narrative PreHealth at UC Davis,TRUE,
Activity,210409,NATCAR HS,TRUE,
Activity,210410,National Alliance on Mental Illness,TRUE,
Activity,210411,National Association for Music Education,TRUE,
Activity,210412,National PanHellenic Council,TRUE,
Activity,210413,National Society of Collegiate Scholars,TRUE,
Activity,210414,National Society of LeadershipandSuccess,TRUE,
Activity,210415,Native American Student Union,TRUE,
Activity,210416,Native American Studies Grad Student Com,TRUE,
Activity,210417,Nepali StudentandScholars Association,TRUE,
Activity,210418,Net Impact Davis,TRUE,
Activity,210419,Neurobiology PhysiologyandBehavior Club,TRUE,
Activity,210420,Neurotech at Davis,TRUE,
Activity,210421,Newman Catholic Student Community,TRUE,
Activity,210422,News Real Estate Group,TRUE,
Activity,210423,Nigerian Student Association,TRUE,
Activity,210424,Nigerian Student Dance Group,TRUE,
Activity,210425,Nikkei Student Union,TRUE,
Activity,210426,Nintendo Club,TRUE,
Activity,210427,Nursing Club,TRUE,
Activity,210428,Older Wiser Learners,TRUE,
Activity,210429,One Campus Health,TRUE,
Activity,210430,One Campus Health Coalition,TRUE,
Activity,210431,Oneloop Hyperloop Pod Team,TRUE,
Activity,210432,Operation Smile at UC Davis,TRUE,
Activity,210433,Orphan Kitten Project at UC Davis,TRUE,
Activity,210434,Ostem at UC Davis,TRUE,
Activity,210435,Other Collective,TRUE,
Activity,210436,Page One,TRUE,
Activity,210437,Pakistani Student Association,TRUE,
Activity,210438,Pakistani Student Association PSA,TRUE,
Activity,210439,Pan African Student Organization PASO,TRUE,
Activity,210440,Pan Afro,TRUE,
Activity,210441,Pan Afro Student Organization,TRUE,
Activity,210442,Paul Hom Asian Clinic,TRUE,
Activity,210443,Period at UC Davis,TRUE,
Activity,210444,Peruvian Student Association at UC Davis,TRUE,
Activity,210445,Phi Beta Kappa Society,TRUE,
Activity,210446,Philosophy Club,TRUE,
Activity,210447,Photography Club at UC Davis,TRUE,
Activity,210448,Pilipino American in ScienceandEngineering,TRUE,
Activity,210449,Pilipinx In BusinessandLaw,TRUE,
Activity,210450,Pixel,TRUE,
Activity,210451,Pixel Graphic Design Club,TRUE,
Activity,210452,Plant Breeding Grad Student Organization,TRUE,
Activity,210453,Plant Science Club,TRUE,
Activity,210454,Plipinx American in ScienceandEngineering,TRUE,
Activity,210455,Popping Club at UC Davis,TRUE,
Activity,210456,Postpartum Anxiety N Depression Advocacy,TRUE,
Activity,210457,PreLaw Association,TRUE,
Activity,210458,PreMed American Medical Womens Association,TRUE,
Activity,210459,PreMed AMSA,TRUE,
Activity,210460,PreOccupational Therapy Club,TRUE,
Activity,210461,PrePharmacy Club,TRUE,
Activity,210462,PrePhysical Therapy Club,TRUE,
Activity,210463,PrePhysician Assistant Club,TRUE,
Activity,210464,PreVet Students Supporting Diversity,TRUE,
Activity,210465,Pride Student Veterinary Medical Community,TRUE,
Activity,210466,Primatology Club,TRUE,
Activity,210467,Princess Pals,TRUE,
Activity,210468,Prof SororitiesandFraternities Council,TRUE,
Activity,210469,Project Catalyst,TRUE,
Activity,210470,Project M,TRUE,
Activity,210471,Project M at UC Davis,TRUE,
Activity,210472,Project Rishi at UC Davis,TRUE,
Activity,210473,Prytanean Womens Honor Society,TRUE,
Activity,210474,Psi Chi Honor Society,TRUE,
Activity,210475,Psychology Student Association,TRUE,
Activity,210476,Public Health Brigades,TRUE,
Activity,210477,Public Health Club,TRUE,
Activity,210478,Public Health Club at UC Davis,TRUE,
Activity,210479,Puerto Rican Community Association,TRUE,
Activity,210480,Quantum Computing Club at UC Davis,TRUE,
Activity,210481,Queer Student Union,TRUE,
Activity,210482,Quiz Bowl,TRUE,
Activity,210483,Quiz Bowl at UC Davis,TRUE,
Activity,210484,RAVT New Hope,TRUE,
Activity,210485,React to Film,TRUE,
Activity,210486,Recognizing Illnesses Very EarlyandResponse,TRUE,
Activity,210487,Regents Scholar Society,TRUE,
Activity,210488,Religious Studies Club,TRUE,
Activity,210489,Revival Zine,TRUE,
Activity,210490,River on Campus,TRUE,
Activity,210491,Roller Club at UC Davis,TRUE,
Activity,210492,Rooh Jawani Dee,TRUE,
Activity,210493,Rovecrest at UC Davis,TRUE,
Activity,210494,Russian Cultural Association,TRUE,
Activity,210495,Sachacks,TRUE,
Activity,210496,Scholars Promoting Edu AwarenessandKnowledge,TRUE,
Activity,210497,Science Olympiad,TRUE,
Activity,210498,Science Says,TRUE,
Activity,210499,SCM Society,TRUE,
Activity,210500,SedadIranian Students Association,TRUE,
Activity,210501,Sensual Daydreams Rocky Horror Sdrhs,TRUE,
Activity,210502,Sher Alliance,TRUE,
Activity,210503,Shifa Community Clinic,TRUE,
Activity,210504,Sickspits Poetry Collective,TRUE,
Activity,210505,Sickspits Spoken Word Collective,TRUE,
Activity,210507,Sikh Cultural Association,TRUE,
Activity,210508,Simplecraft,TRUE,
Activity,210509,Ski or Snowboard Club,TRUE,
Activity,210510,Slavic Assoc of Youth,TRUE,
Activity,210511,Slavic Association of Ambitious Youth,TRUE,
Activity,210512,So KPop,TRUE,
Activity,210513,Society for Conservation Biology,TRUE,
Activity,210514,Society for the Advancement of ChicanosandHispanic,TRUE,
Activity,210515,Society of Manufacturing Engineers at UC Davis,TRUE,
Activity,210516,Society of Women Engineers,TRUE,
Activity,210517,Sociology Student Association,TRUE,
Activity,210518,Solar Boat Team,TRUE,
Activity,210519,Solar Car Team at UC Davis,TRUE,
Activity,210520,Sone1,TRUE,
Activity,210521,SONORAE,TRUE,
Activity,210522,Soul Sistahs,TRUE,
Activity,210523,Southeast Asian Buddhist Association,TRUE,
Activity,210524,Southeast Asian Student Alliance,TRUE,
Activity,210525,SpaceandSatellite Systems Club,TRUE,
Activity,210526,Spanish Club at UC Davis,TRUE,
Activity,210527,Special Olympics Club,TRUE,
Activity,210528,Specialties Club at UCD School of Veterinary Medicine,TRUE,
Activity,210529,Spoon University,TRUE,
Activity,210530,Sports Medicine Club at UC Davis,TRUE,
Activity,210531,Sprout Up,TRUE,
Activity,210532,Sri Lankan Student Association,TRUE,
Activity,210533,Star Trek Club,TRUE,
Activity,210534,Startup Hub,TRUE,
Activity,210535,Statistics Club,TRUE,
Activity,210536,Statistics Club at UC Davis,TRUE,
Activity,210537,Steel Bridge: Team Chrome Ollie,TRUE,
Activity,210538,StepUp,TRUE,
Activity,210539,Strategies for Ecology Education DevelopandSustain,TRUE,
Activity,210540,Student Advocates in Learning,TRUE,
Activity,210541,Student Alumni Association,TRUE,
Activity,210542,Student American Veterinary Medical Association,TRUE,
Activity,210543,Student AntiGenocide Coalition STAND,TRUE,
Activity,210544,Student Assistants to Chancellor Grants,TRUE,
Activity,210545,Student Association of Shelter Veterinarians,TRUE,
Activity,210546,Student California Teachers Association,TRUE,
Activity,210547,Student Energy at UC Davis,TRUE,
Activity,210548,Student Fashion Association,TRUE,
Activity,210549,Student Leadership In Green Infrastructure,TRUE,
Activity,210550,Student Nutrition Association,TRUE,
Activity,210551,Student Selfless Service,TRUE,
Activity,210552,Student Vet EmergencyandCritical Care Society SVECCS,TRUE,
Activity,210553,Students Against Suicide,TRUE,
Activity,210554,Students for Justice in Palestine,TRUE,
Activity,210555,Students for One Health,TRUE,
Activity,210556,Students for Reproductive Freedom at UC Davis,TRUE,
Activity,210557,Students In Vita,TRUE,
Activity,210558,Students of HorticultureandAgronomy,TRUE,
Activity,210559,Students of the Vet Emergency Response Team,TRUE,
Activity,210560,Studio 301 Productions,TRUE,
Activity,210561,Success through Education Mentoring,TRUE,
Activity,210562,Sunatya,TRUE,
Activity,210563,Sunrise Davis,TRUE,
Activity,210564,Supporting Survivors W 4Legged Friends,TRUE,
Activity,210565,Surf Club,TRUE,
Activity,210566,Surf Club at UC Davis,TRUE,
Activity,210567,Sustainable Resource Operations,TRUE,
Activity,210568,Swim Club at UC Davis,TRUE,
Activity,210569,SYNERGY,TRUE,
Activity,210570,Taiwanese American Organization TAO,TRUE,
Activity,210571,Taiwanese Student Association,TRUE,
Activity,210572,Tango Club,TRUE,
Activity,210573,Team HBV,TRUE,
Activity,210574,Tedxdavis,TRUE,
Activity,210575,Telemark Dance Troupe,TRUE,
Activity,210576,Textiles Grad Group,TRUE,
Activity,210577,The Afterglow Mens Acapella,TRUE,
Activity,210578,The American Society of Biochemistry,TRUE,
Activity,210579,The Amigos Backyard Program,TRUE,
Activity,210580,The Beautiful Mind Project,TRUE,
Activity,210581,The Belfry: Lutheran Episcopal Campus Mi,TRUE,
Activity,210582,The Body Project At UC Davis,TRUE,
Activity,210583,The Diaper Bank Project,TRUE,
Activity,210584,The Film Enthusiasts,TRUE,
Activity,210585,The Happiness Project,TRUE,
Activity,210586,The Harry Potter Alliance at UC Davis,TRUE,
Activity,210587,The Liquid Hotplates,TRUE,
Activity,210588,The Lounge Lizards,TRUE,
Activity,210589,The MathandApplied Math Galois Group,TRUE,
Activity,210590,The Navigators at UC Davis,TRUE,
Activity,210591,The Soon Movement,TRUE,
Activity,210592,The Spokes,TRUE,
Activity,210593,The Star Trek Club,TRUE,
Activity,210594,The Wildlife Society,TRUE,
Activity,210595,The Willow Clinic,TRUE,
Activity,210596,TheatreandDance Ensemble,TRUE,
Activity,210597,Theriogenology Club,TRUE,
Activity,210598,Together Representing UnityandEducation,TRUE,
Activity,210599,Transfer Student Association,TRUE,
Activity,210600,TrapandSkeet Team,TRUE,
Activity,210601,Turkish Student Association,TRUE,
Activity,210602,Turning Point USA at UC Davis,TRUE,
Activity,210603,Tutors for Inmates,TRUE,
Activity,210604,Tzu Ching Collegiate Association,TRUE,
Activity,210605,UAEM,TRUE,
Activity,210606,Ultimate Frisbee,TRUE,
Activity,210607,Unbound Progression Dance Company,TRUE,
Activity,210608,Undergraduate Psychology Association,TRUE,
Activity,210609,Undergraduate Students for One,TRUE,
Activity,210610,Undergraduate Students For One Health,TRUE,
Activity,210611,Undocumented Graduate Student Union,TRUE,
Activity,210612,UNICEF,TRUE,
Activity,210613,Universities Allied for Essential Medicine,TRUE,
Activity,210614,Unpacking Professionalism,TRUE,
Activity,210615,Vet Aide Club,TRUE,
Activity,210616,Vet Public Health,TRUE,
Activity,210617,Veterinary Business Management Club,TRUE,
Activity,210618,Veterinary Pathology Club,TRUE,
Activity,210619,Veterinary Public Heath Organization,TRUE,
Activity,210620,Veterinary Student Outreach VSO,TRUE,
Activity,210621,Vet Med HealthandWellness Club,TRUE,
Activity,210622,Video Game Orchestra at UC Davis,TRUE,
Activity,210623,Vietnamese Cancer Awareness Research Education,TRUE,
Activity,210624,Vietnamese Student Association,TRUE,
Activity,210625,VineandBranches,TRUE,
Activity,210626,Virtual Youth Buddies,TRUE,
Activity,210627,Vision Dance Troupe,TRUE,
Activity,210628,Volunteers Around the World,TRUE,
Activity,210629,Water Safety Council,TRUE,
Activity,210630,West Coast Bhangra,TRUE,
Activity,210631,Wild Campus,TRUE,
Activity,210632,Wilderness Medicine Club,TRUE,
Activity,210633,WildlifeandAquatic Animal Medicine Club,TRUE,
Activity,210634,Women in Computer Science,TRUE,
Activity,210635,Women in Data,TRUE,
Activity,210636,Women in Science Society,TRUE,
Activity,210637,Women in STEM at UC Davis,TRUE,
Activity,210638,Women in Transportation Seminar,TRUE,
Activity,210639,Womens List,TRUE,
Activity,210640,Womens Transportation Seminar,TRUE,
Activity,210641,Womens Veterinary Leadership Development Initiative,TRUE,
Activity,210642,Young Americans for Liberty YAL,TRUE,
Activity,210643,Young Democratic Socialists of America,TRUE,
Activity,210644,Youth Empowerment Program YEP,TRUE,
Activity,210645,Zero WasteandSustainability Club,TRUE,
Activity,210646,Making Waves Academy,TRUE,
Activity,210647,SwordsandSandals,TRUE,
Activity,211000,ANS Animal Biology GSA,TRUE,
Activity,211001,AND Grad Group GSA Agency,TRUE,
Activity,211002,BAE Graduate Student Association,TRUE,
Activity,211003,LDA Geography Graduate Group,TRUE,
Activity,211004,HD Grad Group Student Organization,TRUE,
Activity,211005,ARE Graduate Group GSA,TRUE,
Activity,211006,BMCDB Graduate Group GSA,TRUE,
Activity,211007,BPH Graduate Group GSA,TRUE,
Activity,211008,AETX Agchem Graduate Student Org,TRUE,
Activity,211009,CHEM Graduate Student Association,TRUE,
Activity,211010,CHMS Graduate Student Organization,TRUE,
Activity,211011,Comparative Literature Grad Stdnt Assoc,TRUE,
Activity,211012,COM GSA Grad Students,TRUE,
Activity,211013,LAWR ATM Grad Student Organization,TRUE,
Activity,211014,Cultural Studies Graduate Student Assoc,TRUE,
Activity,211015,Economic Graduate Student Association,TRUE,
Activity,211016,French Graduate Student Association,TRUE,
Activity,211017,German Graduate Student Association,TRUE,
Activity,211018,Ecology Graduate Student Association,TRUE,
Activity,211019,Sociology Graduate Student Association,TRUE,
Activity,211020,History Graduate Student Association,TRUE,
Activity,211021,Geology Graduate Student Association,TRUE,
Activity,211022,Linguistics Graduate Student Association,TRUE,
Activity,211023,Native American Graduate Student Assoc,TRUE,
Activity,211024,Physics Graduate Student Association,TRUE,
Activity,211025,Religion Graduate Student Association,TRUE,
Activity,211026,Spanish Graduate Student Association,TRUE,
Activity,211028,Global Disease Biology,TRUE,
Activity,220001,Dog,TRUE,
Activity,220002,Dog Restricted,TRUE,
Activity,220004,Cat,TRUE,
Activity,220011,Rodent,TRUE,
Activity,220015,Bees,TRUE,
Activity,220016,Avian,TRUE,
Activity,222000,Alpine Ski,TRUE,
Activity,222001,Alpine Ski Service,TRUE,
Activity,222002,Archery,TRUE,
Activity,222003,Badminton Service,TRUE,
Activity,222004,Baseball Service,TRUE,
Activity,222005,Bowling Service,TRUE,
Activity,222006,Boxing Service,TRUE,
Activity,222007,Climbing Club,TRUE,
Activity,222008,Crew Mens Service,TRUE,
Activity,222009,Crew Team Facility,TRUE,
Activity,222010,Cross CountryandTrack Club,TRUE,
Activity,222011,Cycling,TRUE,
Activity,222012,Dock Repair,TRUE,
Activity,222013,Equestrian Event,TRUE,
Activity,222014,Equestrian Hunter Jumper,TRUE,
Activity,222015,Equestrian Hunter Jumper Service,TRUE,
Activity,222016,Equestrian Western Service,TRUE,
Activity,222017,Facility Reserve,TRUE,
Activity,222018,Fencing Service,TRUE,
Activity,222019,Frisbee Mens Service,TRUE,
Activity,222020,Frisbee Womens Service,TRUE,
Activity,222021,Gymnastics Club Service,TRUE,
Activity,222022,Ice Hockey Service,TRUE,
Activity,222023,Lacrosse Club Service Mens,TRUE,
Activity,222024,Lacrosse Womens Service,TRUE,
Activity,222025,Mens Rugby Service,TRUE,
Activity,222026,Mens Volleyball Service,TRUE,
Activity,222027,Mens Water Polo,TRUE,
Activity,222028,Racquetball Service,TRUE,
Activity,222029,Rugby Mens Service,TRUE,
Activity,222030,Soccer Men Service,TRUE,
Activity,222031,Softball Service,TRUE,
Activity,222032,Sport Clubs Fines,TRUE,
Activity,222033,Table Tennis Service,TRUE,
Activity,222034,Tae Kwon Do Club Service,TRUE,
Activity,222035,Tennis Service,TRUE,
Activity,222036,Triathlon Service,TRUE,
Activity,222037,Volleyball Womens Service,TRUE,
Activity,222038,Water Ski Boat Club,TRUE,
Activity,222039,Womens Basketball,TRUE,
Activity,222040,Womens Basketball Club,TRUE,
Activity,222041,Womens Crew Service,TRUE,
Activity,222042,Womens Rugby Service,TRUE,
Activity,222043,Womens Soccer,TRUE,
Activity,222044,Womens Volleyball Service,TRUE,
Activity,222045,Womens Water Polo,TRUE,
Activity,223000,Alpha Chi Omega,TRUE,
Activity,223001,Alpha Delta Pi,TRUE,
Activity,223002,Alpha Epsilon Pi,TRUE,
Activity,223003,Alpha Gamma Rho,TRUE,
Activity,223004,Alpha Kappa Alpha Sorority,TRUE,
Activity,223005,Alpha Kappa Delta Phi,TRUE,
Activity,223006,Alpha Kappa Psi,TRUE,
Activity,223007,Alpha Phi,TRUE,
Activity,223008,Alpha Phi Omega,TRUE,
Activity,223009,Alpha Pi Sigma Sorority Inc,TRUE,
Activity,223010,Alpha Sigma Phi,TRUE,
Activity,223011,Beta Theta Pi,TRUE,
Activity,223012,Chi Delta Theta,TRUE,
Activity,223013,Chi Epsilon,TRUE,
Activity,223014,Chi Omega,TRUE,
Activity,223015,Chi Phi Fraternity,TRUE,
Activity,223016,Davis Delta Chi,TRUE,
Activity,223017,Delta Delta Delta,TRUE,
Activity,223018,Delta Epsilon Mu,TRUE,
Activity,223019,Delta Gamma Fraternity,TRUE,
Activity,223020,Delta Gamma Sorority,TRUE,
Activity,223021,Delta Lambda Phi,TRUE,
Activity,223022,Delta Sigma Pi,TRUE,
Activity,223023,Delta Sigma Theta Sorority,TRUE,
Activity,223024,Delta Xi Phi Multicultural Sorority,TRUE,
Activity,223025,Gamma Zeta Alpha Fraternity Inc,TRUE,
Activity,223026,Interfraternity Council IFC,TRUE,
Activity,223027,Kappa Alpha Theta,TRUE,
Activity,223028,Kappa Gamma Delta,TRUE,
Activity,223029,Kappa Kappa Gamma,TRUE,
Activity,223030,Kappa Psi Epsilon Sorority,TRUE,
Activity,223031,Lambda Omicron Xi,TRUE,
Activity,223032,Lambda Sigma Gamma Sorority Inc,TRUE,
Activity,223033,Lambda Theta Alpha,TRUE,
Activity,223034,Lambda Theta Nu Sorority,TRUE,
Activity,223035,Lambda Theta Phi,TRUE,
Activity,223036,Lambda Theta Phi Latin Fraternity Inc,TRUE,
Activity,223037,Nu Alpha Kappa Fraternity Inc,TRUE,
Activity,223038,Order of Omega,TRUE,
Activity,223039,Phi Alpha Theta,TRUE,
Activity,223040,Phi Beta Sigma,TRUE,
Activity,223041,Phi Delta Epsilon,TRUE,
Activity,223042,Phi Delta Theta,TRUE,
Activity,223043,Phi Delta Theta Fraternity,TRUE,
Activity,223044,Phi Gamma Delta,TRUE,
Activity,223045,Pi Beta Phi,TRUE,
Activity,223046,Pi Kappa Phi,TRUE,
Activity,223047,Psi Chi Omega,TRUE,
Activity,223048,Sigma Alpha,TRUE,
Activity,223049,Sigma Alpha Epsilon Pi,TRUE,
Activity,223050,Sigma Alpha Zeta Sorority Inc,TRUE,
Activity,223051,Sigma Chi,TRUE,
Activity,223052,Sigma Delta Alpha Fraternity,TRUE,
Activity,223053,Sigma Kappa Rho,TRUE,
Activity,223054,Sigma Lambda Beta,TRUE,
Activity,223055,Sigma Lambda Beta International Fraternity,TRUE,
Activity,223056,Sigma Lambda Gamma National Sorority Inc,TRUE,
Activity,223057,Sigma Mu Delta PreMedical Fraternity,TRUE,
Activity,223058,Sigma Nu Fraternity,TRUE,
Activity,223059,Sigma Omega Nu Kappa Colony,TRUE,
Activity,223060,Sigma Phi Epsilon,TRUE,
Activity,223061,Sigma Pi Alpha Sorority Inc,TRUE,
Activity,223062,Tau Kappa Epsilon,TRUE,
Activity,223063,Theta Chi Fraternity,TRUE,
Activity,223064,Theta Tau,TRUE,
Activity,223065,United SororityandFraternity Council,TRUE,
Activity,223066,Zeta Beta Tau,TRUE,
Activity,223067,Zeta Phi Beta Sorority Inc,TRUE,
Activity,223068,Zeta Psi,TRUE,
Activity,22EXPS,2022 Expense Activity,TRUE,
Activity,23EXPS,2023 Expense Activity,TRUE,
Activity,24EXPS,2024 Expense Activity,TRUE,
Activity,300002,Academic Enrichment,TRUE,
Activity,300003,Student Success,TRUE,
Activity,300004,Curriculum Deveopment,TRUE,
Activity,300005,Class Instructors,TRUE,
Activity,300006,Faculty Student Mentoring,TRUE,
Activity,300007,Student Advising,TRUE,
Activity,300100,Supplemental Instruction,TRUE,
Activity,300101,Temp Teaching,TRUE,
Activity,300112,BIS2 series,TRUE,
Activity,310100,Master Classes,TRUE,
Activity,310101,School Matinee Companion Activites,TRUE,
Activity,330000,Editorialship,TRUE,
Activity,330100,Teaching Fellowships,TRUE,
Activity,330101,Faculty Fellowship,TRUE,
Activity,380000,CPR Courses,TRUE,
Activity,380001,EMS Courses,TRUE,
Activity,381000,Brewing Program,TRUE,
Activity,381001,SensoryAndFood Science,TRUE,
Activity,381002,Viticulture Enology,TRUE,
Activity,381003,Winemaking,TRUE,
Activity,381004,Accounting Program,TRUE,
Activity,381005,Advanced Estimating,TRUE,
Activity,381006,Business Analysis,TRUE,
Activity,381007,Business Portfolio,TRUE,
Activity,381008,Coaching Program,TRUE,
Activity,381009,Construction Management,TRUE,
Activity,381010,Executive Leadership Program,TRUE,
Activity,381011,Human Resources Management,TRUE,
Activity,381012,Lean Six Sigma,TRUE,
Activity,381013,Management Development,TRUE,
Activity,381014,Paralegal,TRUE,
Activity,381015,Project Management Program,TRUE,
Activity,381016,Team Coaching,TRUE,
Activity,381017,Conflict Resolution,TRUE,
Activity,381018,Geographic Information Systems,TRUE,
Activity,381019,HealthAndSafety,TRUE,
Activity,381020,InfraTransportation Develpment Certificate,TRUE,
Activity,381021,Land Use,TRUE,
Activity,381022,Environmental Planning Certificate,TRUE,
Activity,381023,Natural Resources,TRUE,
Activity,381024,Permitting Regulatory Conservation,TRUE,
Activity,381025,Resilency Planning,TRUE,
Activity,381026,Sustainability Energy,TRUE,
Activity,381027,Water PolicyAndEconomics ,TRUE,
Activity,381028,Water Programs,TRUE,
Activity,381029,Credit Services,TRUE,
Activity,381030,Early Start Denver Model,TRUE,
Activity,381031,General Helth Science,TRUE,
Activity,381032,Healthcare Analytics,TRUE,
Activity,381033,Maternal Child Nutrition,TRUE,
Activity,381034,3D Printing,TRUE,
Activity,381035,Biomanufacturing Courses,TRUE,
Activity,381036,Cell Gene Therapy,TRUE,
Activity,381037,Regulatory Science Certificate,TRUE,
Activity,381038,Data Science,TRUE,
Activity,381039,Data Visualization,TRUE,
Activity,381040,Engineering Material Scinece,TRUE,
Activity,381041,Front End Development,TRUE,
Activity,381042,Machine Leaning,TRUE,
Activity,381043,Python Data Science,TRUE,
Activity,381044,Trilogy Educational Services,TRUE,
Activity,381045,Web Design Development,TRUE,
Activity,400000,Game Related Expenses,TRUE,
Activity,400001,Athletics Sports Camps,TRUE,
Activity,400002,Youth Camps,TRUE,
Activity,400017,ICA Banquet,TRUE,
Activity,402000,Housing Activity,TRUE,
Activity,402100,Staff Events Catering Supplies,TRUE,
Activity,402101,Staff Meal Product Distribution,TRUE,
Activity,402102,Staff Meal Controllable Distribution,TRUE,
Activity,402103,Controllable Distributions,TRUE,
Activity,402104,Marketing Program,TRUE,
Activity,402110,Taxable ,TRUE,
Activity,402111,NonTaxable,TRUE,
Activity,402300,Miscellaneous Commission,TRUE,
Activity,402301,Key Services,TRUE,
Activity,402302,Cancellation Fee,TRUE,
Activity,402303,Parking Fee,TRUE,
Activity,402304,Late Fee,TRUE,
Activity,402305,Mail Box,TRUE,
Activity,402321,LINEN RENTAL,TRUE,
Activity,450000,PERK Collections Commissions,TRUE,
Activity,450001,PERK Adminstrative Expnese,TRUE,
Activity,450002,PERK CostsAndLosses,TRUE,
Activity,450003,PERK Teachers SVC Cancelation,TRUE,
Activity,450004,PERK DandD Calcelation,TRUE,
Activity,450005,PERK Fed Gov Assigned Cancelation,TRUE,
Activity,450006,PERK Law Enforcement Cancelation,TRUE,
Activity,450007,PERK Military Service Canceltion,TRUE,
Activity,450008,PERK Other Cancelations,TRUE,
Activity,450009,PERK Fed Reimbursed Cancelations,TRUE,
Activity,450010,PERK Bankruptcy Cancelations,TRUE,
Activity,450011,PERK Volunteer Service Cancelations,TRUE,
Activity,450012,PERK C F EI Cancelations,TRUE,
Activity,450013,PERK Nurs Medical Tech Cancelations,TRUE,
Activity,450014,PERK Public Defender,TRUE,
Activity,450015,PERK PreK Child Care Cancelations,TRUE,
Activity,450016,PERK Firefighter Cancelations,TRUE,
Activity,450017,PERK Speech Pathology Cancelations,TRUE,
Activity,450018,PERK Librarian Services Cancelations,TRUE,
Activity,450019,PERK VA Disability Cancelations,TRUE,
Activity,450020,PERK Institutional Share Buyback,TRUE,
Activity,450021,PERK University Contribution,TRUE,
Activity,770006,UNITRANS  DAVIS TDA,TRUE,
Activity,770013,Damage Repair,TRUE,
Activity,800000,CAAA Membership Services,TRUE,
Activity,800001,Alumni Network Support,TRUE,
Activity,800002,Chapter Support,TRUE,
Activity,800003,Athletic Support,TRUE,
Activity,800050,Wine Program,TRUE,
Activity,800051,Beer Program,TRUE,
Activity,800052,Special Interest Chapters,TRUE,
Activity,800053,ParentandFamily Programs,TRUE,
Activity,800054,Retiree Center,TRUE,
Activity,800055,International Programs,TRUE,
Activity,800056,General Program,TRUE,
Activity,800057,Careers Program,TRUE,
Activity,800058,Scholarship Program,TRUE,
Activity,800100,CampandCrystal Lake,TRUE,
Activity,800101,Aggie Adventures Travel,TRUE,
Activity,800102,Leader Conference,TRUE,
Activity,800103,Aggie Welcome,TRUE,
Activity,800104,Alumni Awards,TRUE,
Activity,800150,Campus collaboration,TRUE,
Activity,800151,UC Davis,TRUE,
Activity,800200,Facilities Operations Bldg,TRUE,
Activity,800201,Association Facilities,TRUE,
Activity,810060,Avian and Exotic Animal Medicine Club AEMC,TRUE,
Activity,810255,Food Tech Club,TRUE,
Activity,810569,HANDS ON THE LAND,TRUE,
Activity,810699,YOUNG CATTLEMENS ASSOCIATION,TRUE,
Activity,900001,4H Citizenship,TRUE,
Activity,900002,STEM Program,TRUE,
Activity,900003,Civic Engagement,TRUE,
Activity,900004,Healthy Living,TRUE,
Activity,900005,Leadership Development,TRUE,
Activity,900006,Positive Youth Development,TRUE,
Activity,900007,JEDI,TRUE,
Activity,900008,Workforce Development,TRUE,
Activity,900009,Volunteer Development,TRUE,
Activity,900010,VMOCouncil,TRUE,
Activity,900011,OnLine Content,TRUE,
Activity,900012,Publication Sales App,TRUE,
Activity,900013,Urban ,TRUE,
Activity,900014,Publication Sales,TRUE,
Activity,900015,Educational Events,TRUE,
Activity,900016,CHERIMOYA,TRUE,
Activity,900017,Forestry,TRUE,
Activity,900018,OnLine Training,TRUE,
Activity,900019,Viticulture,TRUE,
Activity,900020,Publications,TRUE,
Activity,900021,Home Economics,TRUE,
Activity,900022,Blueberries,TRUE,
Activity,900023,Grapes,TRUE,
Activity,900024,Citrus,TRUE,
Activity,900025,Rosenberg,TRUE,
Activity,900026,Membership Agreements,TRUE,
Activity,900027,Staff Assembly Council,TRUE,
Activity,900028,Academic Assembly Council,TRUE,
Activity,900029,Professional Travel Grants,TRUE,
Activity,900030,Academic Distinguished Service Awards,TRUE,
Activity,900031,Professional Development,TRUE,
Activity,900032,COMMUNITY EDUCATION OUTREACH,TRUE,
Activity,900033,COMPOST,TRUE,
Activity,900034,DEER HUNT,TRUE,
Activity,900035,EDUCATION YOUTH PROGRAMS,TRUE,
Activity,900036,EDUCATION ADULT PROGRAMS,TRUE,
Activity,900037,EDUCATION COMMUNICATIONS,TRUE,
Activity,900038,EDUCATION DEMO GARDENSFIELDS,TRUE,
Activity,900039,FARM PRODUCE FOR SALE,TRUE,
Activity,900040,FARMS GROW PROGRAM,TRUE,
Activity,900041,FISHING CLUBS,TRUE,
Activity,900042,LAMBING SCHOOL,TRUE,
Activity,900043,POTATOES,TRUE,
Activity,900044,PRUNING,TRUE,
Activity,900045,PUBLIC HIKES,TRUE,
Activity,900046,RUN AROUND THE FARM,TRUE,
Activity,900047,Shearing School,TRUE,
Activity,900048,SHEEP DOG PUBLIC EVENTS,TRUE,
Activity,900049,VOLUNTEER PROGRAM,TRUE,
Activity,900050,WEST COAST RODENT ACADEMY,TRUE,
Activity,900051,Stocker Cattle,TRUE,
Activity,900052,SUDAN ,TRUE,
Activity,900053,HAY,TRUE,
Activity,900054,Non 4H Clubs,TRUE,
Activity,900055,ANIMAL SCIENCE MOU,TRUE,
Activity,900056,Animal Science,TRUE,
Activity,900057,Evaluation,TRUE,
Activity,900058,Incentive Recognition,TRUE,
Activity,900059,Military Program,TRUE,
Activity,900060,SET Program,TRUE,
Activity,900061,Program Administration,TRUE,
Activity,900062,Sectional Councils,TRUE,
Activity,900063,Statewide Program,TRUE,
Activity,900064,Thrive Education Program,TRUE,
Activity,900065,California State 4H Office,TRUE,
Activity,900066,Plant Sales,TRUE,
Activity,900067,Cell Tower,TRUE,
Activity,900068,REC Dorms,TRUE,
Activity,900069,REC Residence,TRUE,
Activity,900070,Curr credit card pilot,TRUE,
Activity,900071,PERSIMMON,TRUE,
Activity,900072,PLANTS,TRUE,
Activity,900073,Cotton,TRUE,
Activity,900074,Silage,TRUE,
Activity,900075,Avocados,TRUE,
Activity,900076,Nuts,TRUE,
Activity,900077,FruitsandVegtables,TRUE,
Activity,900078,Wool,TRUE,
Activity,900079,ALFALFA,TRUE,
Activity,900080,Sorghum,TRUE,
Activity,900081,ANIMAL CARE RATE,TRUE,
Activity,900082,Student Farm Ecological Garden Sales,TRUE,
Activity,900083,Student Farm Field Operations,TRUE,
Activity,900084,DIRECT RESEARCH WATER RATE,TRUE,
Activity,900085,FEED YARD DIRECT HOURLY RATE,TRUE,
Activity,900086,FEEDYARD PER PEN RESEARCH RATE,TRUE,
Activity,900087,GREENHOUSE PER SQUARE FOOT RATE,TRUE,
Activity,900088,Olive Center Other Products,TRUE,
Activity,900089,PRESSURIZED IRRGATION RATE,TRUE,
Activity,900090,RESEARCH PER ACRE RATE,TRUE,
Activity,900091,Superfund,TRUE,
Activity,900092,PACKLINE USER RATE,TRUE,
Activity,900093,Beans,TRUE,
Activity,900094,Cowpeas,TRUE,
Activity,900095,Fields,TRUE,
Activity,900096,Garbanzo,TRUE,
Activity,900098,Grass,TRUE,
Activity,900099,Limas,TRUE,
Activity,900100,Oats,TRUE,
Activity,900102,Triticale,TRUE,
Activity,900103,Wheat,TRUE,
Activity,900105,Chemicals,TRUE,
Activity,900106,Growing containers,TRUE,
Activity,900107,Electrical supplies,TRUE,
Activity,900108,Fertilizer,TRUE,
Activity,900109,Growing media,TRUE,
Activity,900110,Irrigation supplies,TRUE,
Activity,900112,Farming Equipment,TRUE,
Activity,900113,Beef,TRUE,
Activity,900114,Beef RIC,TRUE,
Activity,900115,Surgery Cole A,TRUE,
Activity,900116,Small Animal,TRUE,
Activity,900117,Meat Lab,TRUE,
Activity,900118,Creamery,TRUE,
Activity,900119,Dairy,TRUE,
Activity,900120,Farming Operations,TRUE,
Activity,900121,Feed,TRUE,
Activity,900122,Horse Foals,TRUE,
Activity,900123,Goats,TRUE,
Activity,900124,Horses,TRUE,
Activity,900125,Desert,TRUE,
Activity,900126,Sheep,TRUE,
Activity,900127,Sheep Day,TRUE,
Activity,900128,Sierra,TRUE,
Activity,900129,Swine,TRUE,
Activity,900130,Waste Management,TRUE,
Activity,900132,SmartFarm,TRUE,
Activity,900133,Mechanic Shop,TRUE,
Activity,900134,Field Day,TRUE,
Activity,900135,Future Farmers of America Conferences,TRUE,
Activity,900138,Tree Stewardship,TRUE,
Activity,900150,Field Research and Maintenance,TRUE,
Activity,900151,Research Funding,TRUE,
Activity,900211,Strawberries,TRUE,
Activity,920014,Fresno,TRUE,
Activity,990000,UC Path Default,FALSE,
Activity,990001,UC Path Suspense,FALSE,
Activity,990002,UC Path Error,FALSE,
Activity,SUM001,Summer Session 1,TRUE,
Activity,SUM002,Summer Session 2,,
Activity,SUM003,Summer,TRUE,
Activity,SUMQTR,Summer Quarter,TRUE,
Ern,8EF,Retro-EPSL-8EF,TRUE,
Ern,901,Retro Regular Pay-Non Base,FALSE,
Ern,92L,Retro Holiday-Premium Hourly,FALSE,
Ern,944,Retro Stipend-Admin-Academic,FALSE,
Ern,94H,NRA Retro Regular Pay,FALSE,
Ern,962,Retro Fellowship Qual Non-Tax,FALSE,
Ern,968,Retro Neg Sal Plan-Additional,FALSE,
Ern,980,Retro Supplement-Post Doc,FALSE,
Ern,98J,NRA Retro Catastrophic Lv Sal,TRUE,
Ern,98N,NRA Retro Vacation Leave-SAL,TRUE,
Ern,99T,Terminal Vacation-Pay NRA19Ret,FALSE,
Ern,9A1,Retro Administrative Leave Hrl,FALSE,
Ern,9AD,Retro Administrative Leave Sal,FALSE,
Ern,9AF,Retro Addl Comp-FY Research,FALSE,
Ern,9AS,Retro Addl Comp-Summer-No 403,FALSE,
Ern,9CC,Retro Addl Comp-Research,FALSE,
Ern,9CO,Retro - Comp Time Used Hrly,TRUE,
Ern,9ET,Terminal Vacation-Pay NRA18Ret,FALSE,
Ern,9HL,Retro Holiday-Regular Hourly,FALSE,
Ern,9HO,Retro Holiday-Regular Salaried,FALSE,
Ern,9HS,Retro HSCP-Negotiated (Y),FALSE,
Ern,9J8,NRA Retro Sick Leave Salaried,TRUE,
Ern,9JN,Retro Jury Duty-Hourly,TRUE,
Ern,9JR,Retro Jury Duty Salaried,TRUE,
Ern,9NC,Retro Negotiated Sal Plan-Reg All,FALSE,
Ern,9NE,Retro-EPSL-9NE,TRUE,
Ern,9OD,Retro Overtime Pay-Double,FALSE,
Ern,9OP,Retro - Overtime Pay Premium,FALSE,
Ern,9OS,Retro - Overtime Pay Straight,FALSE,
Ern,9PB,Retro-PFCB,FALSE,
Ern,9PL,Retro-EPSL-9PL,TRUE,
Ern,9PO,Retro Paid Time-Off Hourly,FALSE,
Ern,9PP,Retro - Premium Pay at Prem,FALSE,
Ern,9PS,Retro -Premium Pay at Straight,FALSE,
Ern,9R8,NRA Retro Regular Pay,FALSE,
Ern,9R9,NRA Retro - Regular Pay,FALSE,
Ern,9RC,RETRO Paid LV Salar,FALSE,
Ern,9RG,Retro - Regular Pay,FALSE,
Ern,9RT,Retro Paid Time-Off Salaried,TRUE,
Ern,9RV,RETRO Paid Lve-Hrly,FALSE,
Ern,9SA,Retro Stipend-Admin-Staff,FALSE,
Ern,9SF,Retro-EPSL-9SF,TRUE,
Ern,9SK,Retro Sick Leave Used Sal,TRUE,
Ern,9SL,Retro - Sick Leave-Used Hrly,TRUE,
Ern,9SO,Retro HSCP Off-Scale Earnings,FALSE,
Ern,9SP,Retro HSCP-Diff (X Prime),FALSE,
Ern,9SR,Retro HSCP-Regular (X),FALSE,
Ern,9TM,Terminal Vacation-Pay Retro,FALSE,
Ern,9VC,Retro-Vacation Leave-Used Sal,FALSE,
Ern,9VL,Retro Catastrophic Leave Taken,TRUE,
Ern,9VN,Retro-Vacation Leave-Used Hrly,FALSE,
Ern,9X0,NRA Retro HOL-Regular Hourly,FALSE,
Ern,9X1,NRA Retro HOL-Regular Hourly,FALSE,
Ern,A1N,Administrative Leave - Hourly,TRUE,
Ern,A8R,NRA Additional Comp-Research,FALSE,
Ern,A9A,NRA Additional Comp-SumNo DCP,FALSE,
Ern,A9N,NRA Additional CompGenNo RTMT,FALSE,
Ern,AAP,Academic Award Program,FALSE,
Ern,ACA,Additional Comp-Admin,FALSE,
Ern,ACR,Additional Comp-Research,TRUE,
Ern,ACS,Additional Comp-Summer-DCP,FALSE,
Ern,ADC,Additional Comp-General,FALSE,
Ern,ADM,Administrative Leave -Salaried,TRUE,
Ern,AFR,Additional Comp-FY Research,TRUE,
Ern,ASN,Additional Comp-Summer-No DCP,FALSE,
Ern,AWD,Incentive Award,FALSE,
Ern,B2B,Benefits Billing,FALSE,
Ern,C08,NRA Comp-Time-Used Hrly,TRUE,
Ern,CCA,Child Care Assistance,FALSE,
Ern,CON,Compensatory Time-Used Hrly,TRUE,
Ern,CRT,Certification Pay,FALSE,
Ern,CTO,Compensatory Time-Used Sal,TRUE,
Ern,CTP,Compensatory Time-Paid,FALSE,
Ern,CTT,Compensatory Time-Term,FALSE,
Ern,DLP,Discretionary Lump Sum,FALSE,
Ern,DM8,NRA Damage Payment,FALSE,
Ern,DM9,NRA Damage Payment,FALSE,
Ern,DMG,Damage Payment,FALSE,
Ern,E7F,Emergency Paid Sick Leave - Fa,TRUE,
Ern,E8F,Emergency Paid Sick Leave - Fa,TRUE,
Ern,E8P,Emergency Paid Sick Leave - EE,TRUE,
Ern,E9F,Emergency Paid Sick Leave - Fa,TRUE,
Ern,E9P,Emergency Paid Sick Leave - EE,TRUE,
Ern,EDI,Education-On Site,FALSE,
Ern,EFL,Expanded Family Medical Leave,TRUE,
Ern,EFN,Emergency Paid Sick Leave - Fa,TRUE,
Ern,EMN,Expanded Family Medical Leave,TRUE,
Ern,EN8,Emergency Paid Sick Leave - EE,TRUE,
Ern,EN9,Emergency Paid Sick Leave - EE,TRUE,
Ern,EPS,Emergency Paid Sick Leave - EE,TRUE,
Ern,ES8,NRA Evening Shift Differential,FALSE,
Ern,ESD,Evening Shift Differential,FALSE,
Ern,ESF,Emergency Paid Sick Leave - Fa,TRUE,
Ern,ESL,Extended Sick Leave,TRUE,
Ern,ESN,Emergency Paid Sick Leave - EE,TRUE,
Ern,ETW,Employee Taxable Wages,FALSE,
Ern,FEL,Fellowship Qual NRA Taxable,FALSE,
Ern,FEN,Fellowship Qual Non-Tax,FALSE,
Ern,FRA,Faculty Recruitment Allowance,FALSE,
Ern,H7L,NRA HOL-Regular Hourly,TRUE,
Ern,H8H,NRA Holiday-Regular Salaried,TRUE,
Ern,H8I,NRA Holiday-Premium,FALSE,
Ern,H8L,NRA HOL-Regular Hourly,TRUE,
Ern,H9H,NRA Holiday-Regular Salaried,TRUE,
Ern,H9I,NRA Holiday-Premium,FALSE,
Ern,H9L,NRA HOL-Regular Hourly,TRUE,
Ern,HCP,Holiday-Comp-Time-Paid,FALSE,
Ern,HLN,Holiday-Regular Hourly,TRUE,
Ern,HLP,Holiday-Premium,FALSE,
Ern,HLS,Holiday-Straight,FALSE,
Ern,HN9,NRA Honorarium,FALSE,
Ern,HOL,Holiday-Regular Salaried,TRUE,
Ern,HON,Honorarium,FALSE,
Ern,HOS,HSCP Off-Scale X Earnings,TRUE,
Ern,HPD,Holiday-Regular Salaried,TRUE,
Ern,HPH,Holiday-Regular Hourly,TRUE,
Ern,HSG,Housing Allowance,FALSE,
Ern,HSN,HSCP-Negotiated (Y),TRUE,
Ern,HSP,HSCP-Differential (X Prime),FALSE,
Ern,HSR,HSCP-Regular (X),TRUE,
Ern,HSZ,HLTH Sciences-Z (General),FALSE,
Ern,HUN,Holiday-Comp-Time-Used Hrly,TRUE,
Ern,IHT,Regular-Training Salaried,FALSE,
Ern,ITN,Regular-Training Hourly,FALSE,
Ern,ITP,Involuntary Term-Pay In Lieu,FALSE,
Ern,ITR,Involuntary Term-Regular,FALSE,
Ern,ITS,Involuntary Term-Severance,FALSE,
Ern,JRN,Jury Duty-Regular Hourly,TRUE,
Ern,JUR,Jury Duty - Salaried,TRUE,
Ern,L7P,NRA Leave-No Pay Salaried,FALSE,
Ern,L8F,NRA Leave-No Pay-FMLA Salaried,TRUE,
Ern,L8P,NRA Leave-No Pay Salaried,FALSE,
Ern,L9P,NRA Leave-No Pay Salaried,FALSE,
Ern,LEC,Leave - Emergency Closure,TRUE,
Ern,LNF,Leave-No Pay-FMLA Salaried,TRUE,
Ern,LNP,Leave-No Pay Salaried,TRUE,
Ern,LS8,NRA Lump Sum-No RET,FALSE,
Ern,LS9,NRA Lump Sum-No RET,FALSE,
Ern,LSN,Lump Sum-No Retirement,FALSE,
Ern,LSP,Lump Sum-Retirement,FALSE,
Ern,MIL,Military Pay-Salaried,TRUE,
Ern,MLN,Military Pay-Hourly,TRUE,
Ern,NCB,Negotiated Sal Plan-Regular,FALSE,
Ern,NFT,Non-Taxable Fringe Benefit,FALSE,
Ern,NNC,Negotiated Sal Plan-Additional,FALSE,
Ern,NSD,Night Shift Differential *,FALSE,
Ern,NTF,Non-Taxable Fringe Benefit,FALSE,
Ern,O9D,NRA Overtime Pay-Double,FALSE,
Ern,ODH,Overtime Pay-Double,FALSE,
Ern,OML,Overmax Lump,FALSE,
Ern,OS8,NRA Overtime Pay-Straight,FALSE,
Ern,OS9,NRA Overtime Pay-Straight,FALSE,
Ern,OT8,NRA Overtime Pay-Premium,FALSE,
Ern,OT9,NRA Overtime Pay-Premium,FALSE,
Ern,OTP,Overtime Pay-Premium,FALSE,
Ern,OTS,Overtime Pay-Straight,FALSE,
Ern,P18,Postdoc Child careNRA18,FALSE,
Ern,P8T,NRA Paid Time-Off Salaried,TRUE,
Ern,P9D,NRA Award-Professional Develop,FALSE,
Ern,P9T,NRA Paid Time-Off Salaried,TRUE,
Ern,PB8,NRA-Paid Family Care & Bonding Hourly,TRUE,
Ern,PCA,Police ADV Certif. Pay Hourly,FALSE,
Ern,PCC,Postdoc Child Care,FALSE,
Ern,PCO,Police ADV Cert Pay Hourly OT,FALSE,
Ern,PDA,Award-Professional Development,FALSE,
Ern,PFL,Paid Family Care & Bonding,TRUE,
Ern,PFN,Paid Family Care & Bonding,TRUE,
Ern,PON,Paid Time-Off Hourly,TRUE,
Ern,PP8,NRA Premium Pay at Premium,FALSE,
Ern,PPP,Premium Pay at Premium,FALSE,
Ern,PPS,Premium Pay at Straight,FALSE,
Ern,PRQ,Perq-House-Meal-Deduction,FALSE,
Ern,PS8,NRA Premium Pay at Straight,FALSE,
Ern,PS9,NRA Premium Pay at Straight,FALSE,
Ern,PTO,Paid Time-Off Salaried,TRUE,
Ern,PTP,Paid Time Off Payout,FALSE,
Ern,R89,RETRO PAID LV Salar,FALSE,
Ern,RC7,NRA Paid Leave-Salaried,TRUE,
Ern,RC8,NRA Paid Leave-Salaried,TRUE,
Ern,RC9,NRA Paid Leave-Salaried,TRUE,
Ern,REG,Regular Pay,TRUE,
Ern,RF7,NRA Regular-Flat Amount,FALSE,
Ern,RF9,NRA Regular-Flat Amount,FALSE,
Ern,RFA,Regular-Flat Amount,FALSE,
Ern,RG7,NRA Regular Pay,TRUE,
Ern,RG8,NRA Regular Pay,TRUE,
Ern,RG9,NRA Regular Pay,TRUE,
Ern,RGC,REG Paid Leave-Salaried,TRUE,
Ern,RGN,Regular Pay-Non Base,FALSE,
Ern,RIP,Relocation Payment,FALSE,
Ern,RN8,NRA Regular Pay-Non Base,FALSE,
Ern,RN9,NRA Regular Pay-Non Base,FALSE,
Ern,RPC,Reg. Paid Continuation -Salary,TRUE,
Ern,RPN,Reg. Paid Continuation -Hourly,TRUE,
Ern,RPY,Retention Pay,FALSE,
Ern,RSF,By Agreement - Self Supporting Program,FALSE,
Ern,RV8,REG Paid Leave-Hourly,TRUE,
Ern,RV9,REG Paid Leave-Hourly,TRUE,
Ern,RVN,REG Paid Leave-Hourly,TRUE,
Ern,S1L,Sick Leave-Paid Hourly,TRUE,
Ern,S7N,NRA Sick Leave-Paid Hourly,TRUE,
Ern,S7P,NRA Staff Physician PayReg,TRUE,
Ern,S8N,NRA Sick Leave-Paid Hourly,TRUE,
Ern,S8P,NRA Staff Physician PayReg,TRUE,
Ern,S9N,NRA Sick Leave-Paid Hourly,TRUE,
Ern,S9P,NRA Staff Physician PayReg,TRUE,
Ern,SAS,Stipend-Admin-Staff,FALSE,
Ern,SKA,PD Sck Leave Accrual,TRUE,
Ern,SKL,Sick Leave Paid - Salaried,TRUE,
Ern,SKP,Post Doc Sick Leave,TRUE,
Ern,SL7,NRA Sick Leave Used-Salaried,TRUE,
Ern,SL8,NRA Sick Leave Used-Salaried,TRUE,
Ern,SL9,NRA Sick Leave Paid - Salaried,TRUE,
Ern,SLA,Sick Leave-Accrued,TRUE,
Ern,SPD,Stipend-Post Doc,FALSE,
Ern,SPN,Staff Physician Pay-Non Base,FALSE,
Ern,SPR,Staff Physician Pay-Regular,TRUE,
Ern,STP,Stipend-Admin-Academic,FALSE,
Ern,T20,Time On Call - 20% Hrly Rate,FALSE,
Ern,TOC,Time On Call,FALSE,
Ern,TR8,NRA Terminal Vacation-Pay,FALSE,
Ern,TR9,NRA Terminal Vacation-Pay,FALSE,
Ern,TRM,Terminal Vacation-Pay,FALSE,
Ern,TT9,NRA Compensatory Time-Term,FALSE,
Ern,UNX,University Extensions,FALSE,
Ern,V7N,NRA Vacation Leave-Used Hourly,TRUE,
Ern,V8N,NRA Vacation Leave-Used Hourly,TRUE,
Ern,V9N,NRA Vacation Leave-Used Hourly,TRUE,
Ern,VAC,Vacation Leave-Used Salaried,TRUE,
Ern,VC7,NRA Vacatn Leave-Paid Salaried,TRUE,
Ern,VC8,NRA Vacatn Leave-Paid Salaried,TRUE,
Ern,VC9,NRA Vacation Leave-Used Salard,TRUE,
Ern,VCN,Vacation Leave-Used Hourly,TRUE,
Ern,VL7,NRA Catastrophic Leave Sal,TRUE,
Ern,VL8,NRA Catastrophic Leave Sal,TRUE,
Ern,VL9,NRA Catastrophic Leave Taken,TRUE,
Ern,VLA,Vacation Leave-Accrued,TRUE,
Ern,VLC,Catastrophic Leave Taken Sal,TRUE,
Ern,VLN,Catastrophic Leave Taken Hrly,TRUE,
Ern,VN7,NRA Catastrophic LV Taken Hrly,TRUE,
Ern,VN8,NRA Catastrophic LV Taken Hrly,TRUE,
Ern,VN9,NRA Catastrophic LV Taken Hrly,TRUE,
Ern,VPO,Vacation Payout,FALSE,
Ern,VTS,Voluntary Term-Severance,FALSE,
Ern,WCP,Workers Comp-Regular,TRUE,
Ern,WCR,Workers Comp-Reduction,FALSE,
Ern,WDD,Weekend Day Shift Differential,FALSE,
Ern,XCI,Clinical Incentive Plan,FALSE,
Ern,XSL,Star Award Local,FALSE,
Ern,XXX,Not Applicable (N/A),FALSE,
FinancialDepartment,1000001,,FALSE,
FinancialDepartment,1000002,,FALSE,
FinancialDepartment,1000003,,FALSE,
FinancialDepartment,1000004,,FALSE,
FinancialDepartment,1000005,,FALSE,
FinancialDepartment,1000006,,FALSE,
FinancialDepartment,1000007,,FALSE,
FinancialDepartment,1009302,,FALSE,
FinancialDepartment,1009303,,FALSE,
FinancialDepartment,1009304,,FALSE,
FinancialDepartment,1009307,,FALSE,
FinancialDepartment,1009308,,FALSE,
FinancialDepartment,1009310,,FALSE,
FinancialDepartment,1009314,,FALSE,
FinancialDepartment,1009315,,FALSE,
FinancialDepartment,1009316,,FALSE,
FinancialDepartment,1009322,,FALSE,
FinancialDepartment,1009323,,FALSE,
FinancialDepartment,1009324,,FALSE,
FinancialDepartment,1009325,,FALSE,
FinancialDepartment,1009326,,FALSE,
FinancialDepartment,1009327,,FALSE,
FinancialDepartment,1009328,,FALSE,
FinancialDepartment,1009329,,FALSE,
FinancialDepartment,1009331,,FALSE,
FinancialDepartment,1009334,,FALSE,
FinancialDepartment,1009336,,FALSE,
FinancialDepartment,1009337,,FALSE,
FinancialDepartment,1009339,,FALSE,
FinancialDepartment,1009342,,FALSE,
FinancialDepartment,1009343,,FALSE,
FinancialDepartment,1009344,,FALSE,
FinancialDepartment,1009349,,FALSE,
FinancialDepartment,1009350,,FALSE,
FinancialDepartment,1009352,,FALSE,
FinancialDepartment,1009353,,FALSE,
FinancialDepartment,1009354,,FALSE,
FinancialDepartment,1009355,,FALSE,
FinancialDepartment,1009358,,FALSE,
FinancialDepartment,1009359,,FALSE,
FinancialDepartment,1009360,,FALSE,
FinancialDepartment,1009361,,FALSE,
FinancialDepartment,1009362,,FALSE,
FinancialDepartment,1009363,,FALSE,
FinancialDepartment,1009368,,FALSE,
FinancialDepartment,1009369,,FALSE,
FinancialDepartment,1009372,,FALSE,
FinancialDepartment,1009373,,FALSE,
FinancialDepartment,1009374,,FALSE,
FinancialDepartment,1009379,,FALSE,
FinancialDepartment,1009381,,FALSE,
FinancialDepartment,1009382,,FALSE,
FinancialDepartment,1009383,,FALSE,
FinancialDepartment,1009384,,FALSE,
FinancialDepartment,1009385,,FALSE,
FinancialDepartment,1009386,,FALSE,
FinancialDepartment,1009387,,FALSE,
FinancialDepartment,1009389,,FALSE,
FinancialDepartment,1009390,,FALSE,
FinancialDepartment,1009391,,FALSE,
FinancialDepartment,1009392,,FALSE,
FinancialDepartment,1009393,,FALSE,
FinancialDepartment,1009394,,FALSE,
FinancialDepartment,1009602,,FALSE,
FinancialDepartment,1009605,,FALSE,
FinancialDepartment,1009609,,FALSE,
FinancialDepartment,1009610,,FALSE,
FinancialDepartment,1009611,,FALSE,
FinancialDepartment,1009613,,FALSE,
FinancialDepartment,1009616,,FALSE,
FinancialDepartment,1009617,,FALSE,
FinancialDepartment,1009618,,FALSE,
FinancialDepartment,1009619,,FALSE,
FinancialDepartment,1009620,,FALSE,
FinancialDepartment,1009621,,FALSE,
FinancialDepartment,1009622,,FALSE,
FinancialDepartment,1009623,,FALSE,
FinancialDepartment,1009625,,FALSE,
FinancialDepartment,1009626,,FALSE,
FinancialDepartment,1009628,,FALSE,
FinancialDepartment,1009629,,FALSE,
FinancialDepartment,1009630,,FALSE,
FinancialDepartment,1009632,,FALSE,
FinancialDepartment,1009633,,FALSE,
FinancialDepartment,1009638,,FALSE,
FinancialDepartment,1009639,,FALSE,
FinancialDepartment,1009640,,FALSE,
FinancialDepartment,1009641,,FALSE,
FinancialDepartment,1009642,,FALSE,
FinancialDepartment,1009643,,FALSE,
FinancialDepartment,1009644,,FALSE,
FinancialDepartment,1009645,,FALSE,
FinancialDepartment,1009646,,FALSE,
FinancialDepartment,1009648,,FALSE,
FinancialDepartment,1009649,,FALSE,
FinancialDepartment,1009650,,FALSE,
FinancialDepartment,1009651,,FALSE,
FinancialDepartment,1009652,,FALSE,
FinancialDepartment,1009656,,FALSE,
FinancialDepartment,1009659,,FALSE,
FinancialDepartment,1009660,,FALSE,
FinancialDepartment,1009662,,FALSE,
FinancialDepartment,1009664,,FALSE,
FinancialDepartment,1009665,,FALSE,
FinancialDepartment,1009666,,FALSE,
FinancialDepartment,1009668,,FALSE,
FinancialDepartment,1009669,,FALSE,
FinancialDepartment,1009670,,FALSE,
FinancialDepartment,1009671,,FALSE,
FinancialDepartment,1009672,,FALSE,
FinancialDepartment,1009673,,FALSE,
FinancialDepartment,1009674,,FALSE,
FinancialDepartment,1009675,,FALSE,
FinancialDepartment,1009677,,FALSE,
FinancialDepartment,1009678,,FALSE,
FinancialDepartment,1009679,,FALSE,
FinancialDepartment,1009680,,FALSE,
FinancialDepartment,1009683,,FALSE,
FinancialDepartment,1009684,,FALSE,
FinancialDepartment,1009685,,FALSE,
FinancialDepartment,1009686,,FALSE,
FinancialDepartment,1009687,,FALSE,
FinancialDepartment,1009688,,FALSE,
FinancialDepartment,1009690,,FALSE,
FinancialDepartment,1009691,,FALSE,
FinancialDepartment,1009692,,FALSE,
FinancialDepartment,1009693,,FALSE,
FinancialDepartment,1009694,,FALSE,
FinancialDepartment,1009696,,FALSE,
FinancialDepartment,1009697,,FALSE,
FinancialDepartment,1009698,,FALSE,
FinancialDepartment,1009699,,FALSE,
FinancialDepartment,1009700,,FALSE,
FinancialDepartment,1009701,,FALSE,
FinancialDepartment,1009702,,FALSE,
FinancialDepartment,1009703,,FALSE,
FinancialDepartment,1009705,,FALSE,
FinancialDepartment,1009706,,FALSE,
FinancialDepartment,1009707,,FALSE,
FinancialDepartment,1009708,,FALSE,
FinancialDepartment,1009709,,FALSE,
FinancialDepartment,1009710,,FALSE,
FinancialDepartment,1009711,,FALSE,
FinancialDepartment,1009712,,FALSE,
FinancialDepartment,1009713,,FALSE,
FinancialDepartment,1009715,,FALSE,
FinancialDepartment,1009716,,FALSE,
FinancialDepartment,1009717,,FALSE,
FinancialDepartment,1009718,,FALSE,
FinancialDepartment,1009719,,FALSE,
FinancialDepartment,1009720,,FALSE,
FinancialDepartment,1009721,,FALSE,
FinancialDepartment,1009722,,FALSE,
FinancialDepartment,1009723,,FALSE,
FinancialDepartment,1009724,,FALSE,
FinancialDepartment,1009725,,FALSE,
FinancialDepartment,1009726,,FALSE,
FinancialDepartment,1009727,,FALSE,
FinancialDepartment,1009728,,FALSE,
FinancialDepartment,1009729,,FALSE,
FinancialDepartment,1009730,,FALSE,
FinancialDepartment,1009731,,FALSE,
FinancialDepartment,1009732,,FALSE,
FinancialDepartment,1009733,,FALSE,
FinancialDepartment,1009734,,FALSE,
FinancialDepartment,1009735,,FALSE,
FinancialDepartment,1009736,,FALSE,
FinancialDepartment,1009737,,FALSE,
FinancialDepartment,1009738,,FALSE,
FinancialDepartment,1009739,,FALSE,
FinancialDepartment,1009740,,FALSE,
FinancialDepartment,1009741,,FALSE,
FinancialDepartment,1009742,,FALSE,
FinancialDepartment,1009743,,FALSE,
FinancialDepartment,1009745,,FALSE,
FinancialDepartment,1009746,,FALSE,
FinancialDepartment,1009747,,FALSE,
FinancialDepartment,1009748,,FALSE,
FinancialDepartment,1009749,,FALSE,
FinancialDepartment,1009750,,FALSE,
FinancialDepartment,1009751,,FALSE,
FinancialDepartment,1009752,,FALSE,
FinancialDepartment,1009753,,FALSE,
FinancialDepartment,1009755,,FALSE,
FinancialDepartment,1009757,,FALSE,
FinancialDepartment,1009758,,FALSE,
FinancialDepartment,1009759,,FALSE,
FinancialDepartment,1009760,,FALSE,
FinancialDepartment,1009761,,FALSE,
FinancialDepartment,1009762,,FALSE,
FinancialDepartment,1009764,,FALSE,
FinancialDepartment,1009765,,FALSE,
FinancialDepartment,1009766,,FALSE,
FinancialDepartment,1009767,,FALSE,
FinancialDepartment,1009770,,FALSE,
FinancialDepartment,1009771,,FALSE,
FinancialDepartment,1009772,,FALSE,
FinancialDepartment,1009776,,FALSE,
FinancialDepartment,1009779,,FALSE,
FinancialDepartment,1009780,,FALSE,
FinancialDepartment,1009781,,FALSE,
FinancialDepartment,1009782,,FALSE,
FinancialDepartment,1009784,,FALSE,
FinancialDepartment,1009785,,FALSE,
FinancialDepartment,1009786,,FALSE,
FinancialDepartment,1009787,,FALSE,
FinancialDepartment,1009788,,FALSE,
FinancialDepartment,1009789,,FALSE,
FinancialDepartment,1009790,,FALSE,
FinancialDepartment,1009792,,FALSE,
FinancialDepartment,1009793,,FALSE,
FinancialDepartment,1009794,,FALSE,
FinancialDepartment,1009795,,FALSE,
FinancialDepartment,1009796,,FALSE,
FinancialDepartment,1009798,,FALSE,
FinancialDepartment,1009799,,FALSE,
FinancialDepartment,1009800,,FALSE,
FinancialDepartment,1009801,,FALSE,
FinancialDepartment,1009802,,FALSE,
FinancialDepartment,1009803,,FALSE,
FinancialDepartment,1009804,,FALSE,
FinancialDepartment,1009806,,FALSE,
FinancialDepartment,1009807,,FALSE,
FinancialDepartment,1009808,,FALSE,
FinancialDepartment,1009809,,FALSE,
FinancialDepartment,1009810,,FALSE,
FinancialDepartment,1009811,,FALSE,
FinancialDepartment,1009812,,FALSE,
FinancialDepartment,1009813,,FALSE,
FinancialDepartment,1009814,,FALSE,
FinancialDepartment,1009815,,FALSE,
FinancialDepartment,1009816,,FALSE,
FinancialDepartment,1009817,,FALSE,
FinancialDepartment,1009818,,FALSE,
FinancialDepartment,1009819,,FALSE,
FinancialDepartment,1009820,,FALSE,
FinancialDepartment,1009821,,FALSE,
FinancialDepartment,1009822,,FALSE,
FinancialDepartment,1009823,,FALSE,
FinancialDepartment,1009824,,FALSE,
FinancialDepartment,1009826,,FALSE,
FinancialDepartment,1009827,,FALSE,
FinancialDepartment,1009828,,FALSE,
FinancialDepartment,1009829,,FALSE,
FinancialDepartment,1009830,,FALSE,
FinancialDepartment,1009831,,FALSE,
FinancialDepartment,1009832,,FALSE,
FinancialDepartment,1009833,,FALSE,
FinancialDepartment,1009834,,FALSE,
FinancialDepartment,1009835,,FALSE,
FinancialDepartment,1009836,,FALSE,
FinancialDepartment,1009838,,FALSE,
FinancialDepartment,1009840,,FALSE,
FinancialDepartment,1009841,,FALSE,
FinancialDepartment,1009842,,FALSE,
FinancialDepartment,1009844,,FALSE,
FinancialDepartment,1009845,,FALSE,
FinancialDepartment,1009846,,FALSE,
FinancialDepartment,1009847,,FALSE,
FinancialDepartment,1009848,,FALSE,
FinancialDepartment,1009849,,FALSE,
FinancialDepartment,1009850,,FALSE,
FinancialDepartment,1009851,,FALSE,
FinancialDepartment,1009852,,FALSE,
FinancialDepartment,1009853,,FALSE,
FinancialDepartment,1009854,,FALSE,
FinancialDepartment,1009855,,FALSE,
FinancialDepartment,1009856,,FALSE,
FinancialDepartment,1009857,,FALSE,
FinancialDepartment,1009858,,FALSE,
FinancialDepartment,1009860,,FALSE,
FinancialDepartment,1009861,,FALSE,
FinancialDepartment,1009862,,FALSE,
FinancialDepartment,1009863,,FALSE,
FinancialDepartment,1009865,,FALSE,
FinancialDepartment,1009866,,FALSE,
FinancialDepartment,1009869,,FALSE,
FinancialDepartment,1009870,,FALSE,
FinancialDepartment,1009871,,FALSE,
FinancialDepartment,1009872,,FALSE,
FinancialDepartment,1009873,,FALSE,
FinancialDepartment,1009875,,FALSE,
FinancialDepartment,1009876,,FALSE,
FinancialDepartment,1009878,,FALSE,
FinancialDepartment,1009882,,FALSE,
FinancialDepartment,1009883,,FALSE,
FinancialDepartment,1009884,,FALSE,
FinancialDepartment,1009885,,FALSE,
FinancialDepartment,1009886,,FALSE,
FinancialDepartment,1009888,,FALSE,
FinancialDepartment,1009890,,FALSE,
FinancialDepartment,1009893,,FALSE,
FinancialDepartment,1009894,,FALSE,
FinancialDepartment,1009900,,FALSE,
FinancialDepartment,1009903,,FALSE,
FinancialDepartment,1009904,,FALSE,
FinancialDepartment,1009905,,FALSE,
FinancialDepartment,1009906,,FALSE,
FinancialDepartment,1009907,,FALSE,
FinancialDepartment,1009908,,FALSE,
FinancialDepartment,1009909,,FALSE,
FinancialDepartment,1009910,,FALSE,
FinancialDepartment,1009912,,FALSE,
FinancialDepartment,1009915,,FALSE,
FinancialDepartment,1009916,,FALSE,
FinancialDepartment,1009917,,FALSE,
FinancialDepartment,1009918,,FALSE,
FinancialDepartment,1009920,,FALSE,
FinancialDepartment,1009921,,FALSE,
FinancialDepartment,1009922,,FALSE,
FinancialDepartment,1009923,,FALSE,
FinancialDepartment,1009925,,FALSE,
FinancialDepartment,1009926,,FALSE,
FinancialDepartment,1009927,,FALSE,
FinancialDepartment,1009930,,FALSE,
FinancialDepartment,1009932,,FALSE,
FinancialDepartment,1009933,,FALSE,
FinancialDepartment,1009935,,FALSE,
FinancialDepartment,1009938,,FALSE,
FinancialDepartment,1009939,,FALSE,
FinancialDepartment,1009940,,FALSE,
FinancialDepartment,1009941,,FALSE,
FinancialDepartment,1009943,,FALSE,
FinancialDepartment,1009944,,FALSE,
FinancialDepartment,1009945,,FALSE,
FinancialDepartment,1009947,,FALSE,
FinancialDepartment,1009948,,FALSE,
FinancialDepartment,1009950,,FALSE,
FinancialDepartment,1009951,,FALSE,
FinancialDepartment,1009952,,FALSE,
FinancialDepartment,1009953,,FALSE,
FinancialDepartment,1009954,,FALSE,
FinancialDepartment,1009955,,FALSE,
FinancialDepartment,1009956,,FALSE,
FinancialDepartment,1009957,,FALSE,
FinancialDepartment,1009958,,FALSE,
FinancialDepartment,1009960,,FALSE,
FinancialDepartment,1009961,,FALSE,
FinancialDepartment,1009962,,FALSE,
FinancialDepartment,1009963,,FALSE,
FinancialDepartment,1009965,,FALSE,
FinancialDepartment,1009966,,FALSE,
FinancialDepartment,1009967,,FALSE,
FinancialDepartment,1009968,,FALSE,
FinancialDepartment,1009970,,FALSE,
FinancialDepartment,1009972,,FALSE,
FinancialDepartment,1009974,,FALSE,
FinancialDepartment,1009976,,FALSE,
FinancialDepartment,1009977,,FALSE,
FinancialDepartment,1009979,,FALSE,
FinancialDepartment,1009980,,FALSE,
FinancialDepartment,1009983,,FALSE,
FinancialDepartment,1009985,,FALSE,
FinancialDepartment,1009986,,FALSE,
FinancialDepartment,1009988,,FALSE,
FinancialDepartment,1009990,,FALSE,
FinancialDepartment,1009991,,FALSE,
FinancialDepartment,1009992,,FALSE,
FinancialDepartment,1009997,,FALSE,
FinancialDepartment,1370010,,FALSE,
FinancialDepartment,1370011,,FALSE,
FinancialDepartment,1370012,,FALSE,
FinancialDepartment,1370013,,FALSE,
FinancialDepartment,1370014,,FALSE,
FinancialDepartment,1370015,,FALSE,
FinancialDepartment,1380001,,FALSE,
FinancialDepartment,1380002,,FALSE,
FinancialDepartment,1380003,,FALSE,
FinancialDepartment,1380004,,FALSE,
FinancialDepartment,1380005,,FALSE,
FinancialDepartment,1617000,,FALSE,
FinancialDepartment,1617900,,FALSE,
FinancialDepartment,1617901,,FALSE,
FinancialDepartment,1644000,,FALSE,
FinancialDepartment,1707400,,FALSE,
FinancialDepartment,1707401,,FALSE,
FinancialDepartment,1707402,,FALSE,
FinancialDepartment,1707403,,FALSE,
FinancialDepartment,1707404,,FALSE,
FinancialDepartment,1707405,,FALSE,
FinancialDepartment,1707700,,FALSE,
FinancialDepartment,1707701,,FALSE,
FinancialDepartment,1707702,,FALSE,
FinancialDepartment,1707764,,FALSE,
FinancialDepartment,1707900,,FALSE,
FinancialDepartment,1708100,,FALSE,
FinancialDepartment,1708400,,FALSE,
FinancialDepartment,1708401,,FALSE,
FinancialDepartment,1708402,,FALSE,
FinancialDepartment,1708500,,FALSE,
FinancialDepartment,1708501,,FALSE,
FinancialDepartment,1708502,,FALSE,
FinancialDepartment,1708503,,FALSE,
FinancialDepartment,1708504,,FALSE,
FinancialDepartment,1708505,,FALSE,
FinancialDepartment,1708506,,FALSE,
FinancialDepartment,1708507,,FALSE,
FinancialDepartment,1708508,,FALSE,
FinancialDepartment,1708509,,FALSE,
FinancialDepartment,1708510,,FALSE,
FinancialDepartment,1708511,,FALSE,
FinancialDepartment,1708512,,FALSE,
FinancialDepartment,1718000,,FALSE,
FinancialDepartment,1718001,,FALSE,
FinancialDepartment,1718002,,FALSE,
FinancialDepartment,1718003,,FALSE,
FinancialDepartment,1718004,,FALSE,
FinancialDepartment,1718005,,FALSE,
FinancialDepartment,1718006,,FALSE,
FinancialDepartment,1718007,,FALSE,
FinancialDepartment,1718008,,FALSE,
FinancialDepartment,1718009,,FALSE,
FinancialDepartment,1718010,,FALSE,
FinancialDepartment,1718011,,FALSE,
FinancialDepartment,1718012,,FALSE,
FinancialDepartment,1718013,,FALSE,
FinancialDepartment,1718014,,FALSE,
FinancialDepartment,1718015,,FALSE,
FinancialDepartment,1718016,,FALSE,
FinancialDepartment,1718017,,FALSE,
FinancialDepartment,1718018,,FALSE,
FinancialDepartment,1718020,,FALSE,
FinancialDepartment,1718021,,FALSE,
FinancialDepartment,1718022,,FALSE,
FinancialDepartment,1718023,,FALSE,
FinancialDepartment,1718024,,FALSE,
FinancialDepartment,1718025,,FALSE,
FinancialDepartment,1718026,,FALSE,
FinancialDepartment,1718027,,FALSE,
FinancialDepartment,1718028,,FALSE,
FinancialDepartment,1718029,,FALSE,
FinancialDepartment,1718030,,FALSE,
FinancialDepartment,1718031,,FALSE,
FinancialDepartment,1729900,,FALSE,
FinancialDepartment,1739000,,FALSE,
FinancialDepartment,1742200,,FALSE,
FinancialDepartment,1742900,,FALSE,
FinancialDepartment,1743000,,FALSE,
FinancialDepartment,1743001,,FALSE,
FinancialDepartment,1750400,,FALSE,
FinancialDepartment,1752000,,FALSE,
FinancialDepartment,1756000,,FALSE,
FinancialDepartment,1762000,,FALSE,
FinancialDepartment,1771000,,FALSE,
FinancialDepartment,1773000,,FALSE,
FinancialDepartment,1784000,,FALSE,
FinancialDepartment,1786100,,FALSE,
FinancialDepartment,1786300,,FALSE,
FinancialDepartment,1787000,,FALSE,
FinancialDepartment,1787001,,FALSE,
FinancialDepartment,1833000,,FALSE,
FinancialDepartment,1838000,,FALSE,
FinancialDepartment,1839000,,FALSE,
FinancialDepartment,1839001,,FALSE,
FinancialDepartment,1839002,,FALSE,
FinancialDepartment,1839003,,FALSE,
FinancialDepartment,1839004,,FALSE,
FinancialDepartment,1839005,,FALSE,
FinancialDepartment,1839006,,FALSE,
FinancialDepartment,1839007,,FALSE,
FinancialDepartment,1839008,,FALSE,
FinancialDepartment,1839009,,FALSE,
FinancialDepartment,1843000,,FALSE,
FinancialDepartment,1845001,,FALSE,
FinancialDepartment,1846000,,FALSE,
FinancialDepartment,1848001,,FALSE,
FinancialDepartment,1848002,,FALSE,
FinancialDepartment,1848003,,FALSE,
FinancialDepartment,1848004,,FALSE,
FinancialDepartment,1848005,,FALSE,
FinancialDepartment,1848006,,FALSE,
FinancialDepartment,1848007,,FALSE,
FinancialDepartment,1848008,,FALSE,
FinancialDepartment,1848009,,FALSE,
FinancialDepartment,1849000,,FALSE,
FinancialDepartment,1849001,,FALSE,
FinancialDepartment,1849002,,FALSE,
FinancialDepartment,1849003,,FALSE,
FinancialDepartment,1849004,,FALSE,
FinancialDepartment,1853000,,FALSE,
FinancialDepartment,1853001,,FALSE,
FinancialDepartment,1857001,,FALSE,
FinancialDepartment,1859000,,FALSE,
FinancialDepartment,1861000,,FALSE,
FinancialDepartment,1861001,,FALSE,
FinancialDepartment,1861002,,FALSE,
FinancialDepartment,1861003,,FALSE,
FinancialDepartment,1865000,,FALSE,
FinancialDepartment,1865001,,FALSE,
FinancialDepartment,1865050,,FALSE,
FinancialDepartment,1865100,,FALSE,
FinancialDepartment,1865150,,FALSE,
FinancialDepartment,1865200,,FALSE,
FinancialDepartment,1865250,,FALSE,
FinancialDepartment,1865300,,FALSE,
FinancialDepartment,1865350,,FALSE,
FinancialDepartment,1865400,,FALSE,
FinancialDepartment,1865450,,FALSE,
FinancialDepartment,1865500,,FALSE,
FinancialDepartment,1865550,,FALSE,
FinancialDepartment,1865600,,FALSE,
FinancialDepartment,1870001,,FALSE,
FinancialDepartment,1875002,,FALSE,
FinancialDepartment,1879000,,FALSE,
FinancialDepartment,1879001,,FALSE,
FinancialDepartment,1879002,,FALSE,
FinancialDepartment,1889000,,FALSE,
FinancialDepartment,2282200,,FALSE,
FinancialDepartment,2578000,,FALSE,
FinancialDepartment,2578001,,FALSE,
FinancialDepartment,2578002,,FALSE,
FinancialDepartment,2578003,,FALSE,
FinancialDepartment,2578004,,FALSE,
FinancialDepartment,2578005,,FALSE,
FinancialDepartment,2585100,,FALSE,
FinancialDepartment,2585101,,FALSE,
FinancialDepartment,2585102,,FALSE,
FinancialDepartment,2585103,,FALSE,
FinancialDepartment,2585104,,FALSE,
FinancialDepartment,2599000,,FALSE,
FinancialDepartment,2606000,,FALSE,
FinancialDepartment,2606001,,FALSE,
FinancialDepartment,2606002,,FALSE,
FinancialDepartment,2606003,,FALSE,
FinancialDepartment,2606004,,FALSE,
FinancialDepartment,2606005,,FALSE,
FinancialDepartment,2606006,,FALSE,
FinancialDepartment,2606007,,FALSE,
FinancialDepartment,2606008,,FALSE,
FinancialDepartment,2606009,,FALSE,
FinancialDepartment,2606010,,FALSE,
FinancialDepartment,2606011,,FALSE,
FinancialDepartment,2606012,,FALSE,
FinancialDepartment,2606013,,FALSE,
FinancialDepartment,2606014,,FALSE,
FinancialDepartment,2606015,,FALSE,
FinancialDepartment,2606016,,FALSE,
FinancialDepartment,2606017,,FALSE,
FinancialDepartment,2606018,,FALSE,
FinancialDepartment,2606019,,FALSE,
FinancialDepartment,2606020,,FALSE,
FinancialDepartment,2606021,,FALSE,
FinancialDepartment,2606022,,FALSE,
FinancialDepartment,2606023,,FALSE,
FinancialDepartment,2606024,,FALSE,
FinancialDepartment,2606025,,FALSE,
FinancialDepartment,2606026,,FALSE,
FinancialDepartment,2606027,,FALSE,
FinancialDepartment,2606028,,FALSE,
FinancialDepartment,2606029,,FALSE,
FinancialDepartment,2606030,,FALSE,
FinancialDepartment,2606031,,FALSE,
FinancialDepartment,2606032,,FALSE,
FinancialDepartment,2606033,,FALSE,
FinancialDepartment,2606034,,FALSE,
FinancialDepartment,2606035,,FALSE,
FinancialDepartment,2606036,,FALSE,
FinancialDepartment,2606037,,FALSE,
FinancialDepartment,2606038,,FALSE,
FinancialDepartment,2606039,,FALSE,
FinancialDepartment,2606040,,FALSE,
FinancialDepartment,2606041,,FALSE,
FinancialDepartment,2606042,,FALSE,
FinancialDepartment,2606043,,FALSE,
FinancialDepartment,2606044,,FALSE,
FinancialDepartment,2606045,,FALSE,
FinancialDepartment,2606046,,FALSE,
FinancialDepartment,2606047,,FALSE,
FinancialDepartment,2606048,,FALSE,
FinancialDepartment,2606049,,FALSE,
FinancialDepartment,2606050,,FALSE,
FinancialDepartment,2606051,,FALSE,
FinancialDepartment,2606052,,FALSE,
FinancialDepartment,2606053,,FALSE,
FinancialDepartment,2606054,,FALSE,
FinancialDepartment,2606055,,FALSE,
FinancialDepartment,2606056,,FALSE,
FinancialDepartment,2606057,,FALSE,
FinancialDepartment,2606058,,FALSE,
FinancialDepartment,2606059,,FALSE,
FinancialDepartment,2606060,,FALSE,
FinancialDepartment,2606061,,FALSE,
FinancialDepartment,2606062,,FALSE,
FinancialDepartment,2606063,,FALSE,
FinancialDepartment,2606064,,FALSE,
FinancialDepartment,2606065,,FALSE,
FinancialDepartment,2606066,,FALSE,
FinancialDepartment,2606067,,FALSE,
FinancialDepartment,2606068,,FALSE,
FinancialDepartment,2606069,,FALSE,
FinancialDepartment,2606070,,FALSE,
FinancialDepartment,2606071,,FALSE,
FinancialDepartment,2606072,,FALSE,
FinancialDepartment,2606073,,FALSE,
FinancialDepartment,2606074,,FALSE,
FinancialDepartment,2606075,,FALSE,
FinancialDepartment,2606076,,FALSE,
FinancialDepartment,2606077,,FALSE,
FinancialDepartment,2606078,,FALSE,
FinancialDepartment,2606079,,FALSE,
FinancialDepartment,2606080,,FALSE,
FinancialDepartment,2606081,,FALSE,
FinancialDepartment,2606082,,FALSE,
FinancialDepartment,2606083,,FALSE,
FinancialDepartment,2606084,,FALSE,
FinancialDepartment,2606085,,FALSE,
FinancialDepartment,2606086,,FALSE,
FinancialDepartment,2606087,,FALSE,
FinancialDepartment,2707000,,FALSE,
FinancialDepartment,2707001,,FALSE,
FinancialDepartment,2707002,,FALSE,
FinancialDepartment,2707003,,FALSE,
FinancialDepartment,2707004,,FALSE,
FinancialDepartment,2707005,,FALSE,
FinancialDepartment,2707006,,FALSE,
FinancialDepartment,2707007,,FALSE,
FinancialDepartment,2707008,,FALSE,
FinancialDepartment,2707009,,FALSE,
FinancialDepartment,2707500,,FALSE,
FinancialDepartment,2707600,,FALSE,
FinancialDepartment,2707700,,FALSE,
FinancialDepartment,2707701,,FALSE,
FinancialDepartment,2707800,,FALSE,
FinancialDepartment,2708100,,FALSE,
FinancialDepartment,2708200,,FALSE,
FinancialDepartment,2708300,,FALSE,
FinancialDepartment,2708400,,FALSE,
FinancialDepartment,2718000,,FALSE,
FinancialDepartment,2731000,,FALSE,
FinancialDepartment,2745000,,FALSE,
FinancialDepartment,2750000,,FALSE,
FinancialDepartment,2750400,,FALSE,
FinancialDepartment,2752000,,FALSE,
FinancialDepartment,2763000,,FALSE,
FinancialDepartment,2764000,,FALSE,
FinancialDepartment,2787900,,FALSE,
FinancialDepartment,2787901,,FALSE,
FinancialDepartment,2787902,,FALSE,
FinancialDepartment,2787903,,FALSE,
FinancialDepartment,2787904,,FALSE,
FinancialDepartment,2787905,,FALSE,
FinancialDepartment,2787906,,FALSE,
FinancialDepartment,2787907,,FALSE,
FinancialDepartment,2787908,,FALSE,
FinancialDepartment,2795000,,FALSE,
FinancialDepartment,2801000,,FALSE,
FinancialDepartment,2829000,,FALSE,
FinancialDepartment,2829001,,FALSE,
FinancialDepartment,2840000,,FALSE,
FinancialDepartment,2844000,,FALSE,
FinancialDepartment,2846000,,FALSE,
FinancialDepartment,2848000,,FALSE,
FinancialDepartment,2851000,,FALSE,
FinancialDepartment,2853000,,FALSE,
FinancialDepartment,2861001,,FALSE,
FinancialDepartment,2861002,,FALSE,
FinancialDepartment,2861003,,FALSE,
FinancialDepartment,2861004,,FALSE,
FinancialDepartment,2861005,,FALSE,
FinancialDepartment,2865000,,FALSE,
FinancialDepartment,2865001,,FALSE,
FinancialDepartment,2870000,,FALSE,
FinancialDepartment,2879000,,FALSE,
FinancialDepartment,2879001,,FALSE,
FinancialDepartment,2889000,,FALSE,
FinancialDepartment,2900000,,FALSE,
FinancialDepartment,2900001,,FALSE,
FinancialDepartment,2900002,,FALSE,
FinancialDepartment,2900003,,FALSE,
FinancialDepartment,2900004,,FALSE,
FinancialDepartment,2900005,,FALSE,
FinancialDepartment,2900006,,FALSE,
FinancialDepartment,2900007,,FALSE,
FinancialDepartment,2900100,,FALSE,
FinancialDepartment,2900101,,FALSE,
FinancialDepartment,2900102,,FALSE,
FinancialDepartment,2900150,,FALSE,
FinancialDepartment,2900151,,FALSE,
FinancialDepartment,2900152,,FALSE,
FinancialDepartment,2900153,,FALSE,
FinancialDepartment,2900154,,FALSE,
FinancialDepartment,2900155,,FALSE,
FinancialDepartment,2900156,,FALSE,
FinancialDepartment,2900157,,FALSE,
FinancialDepartment,2900158,,FALSE,
FinancialDepartment,2900200,,FALSE,
FinancialDepartment,3600001,,FALSE,
FinancialDepartment,3600002,,FALSE,
FinancialDepartment,3600003,,FALSE,
FinancialDepartment,3600004,,FALSE,
FinancialDepartment,3600005,,FALSE,
FinancialDepartment,3600006,,FALSE,
FinancialDepartment,3600007,,FALSE,
FinancialDepartment,3600008,,FALSE,
FinancialDepartment,3600009,,FALSE,
FinancialDepartment,3600100,,FALSE,
FinancialDepartment,3600101,,FALSE,
FinancialDepartment,3600102,,FALSE,
FinancialDepartment,3600103,,FALSE,
FinancialDepartment,3600104,,FALSE,
FinancialDepartment,3600105,,FALSE,
FinancialDepartment,3600106,,FALSE,
FinancialDepartment,3600107,,FALSE,
FinancialDepartment,3600108,,FALSE,
FinancialDepartment,3600150,,FALSE,
FinancialDepartment,3600151,,FALSE,
FinancialDepartment,3600152,,FALSE,
FinancialDepartment,3600153,,FALSE,
FinancialDepartment,3600154,,FALSE,
FinancialDepartment,3600155,,FALSE,
FinancialDepartment,3600156,,FALSE,
FinancialDepartment,3600157,,FALSE,
FinancialDepartment,3600158,,FALSE,
FinancialDepartment,3600200,,FALSE,
FinancialDepartment,3600201,,FALSE,
FinancialDepartment,3600202,,FALSE,
FinancialDepartment,3600203,,FALSE,
FinancialDepartment,3600204,,FALSE,
FinancialDepartment,3600205,,FALSE,
FinancialDepartment,3600206,,FALSE,
FinancialDepartment,3600207,,FALSE,
FinancialDepartment,3600250,,FALSE,
FinancialDepartment,4300070,,FALSE,
FinancialDepartment,4300181,,FALSE,
FinancialDepartment,4300211,,FALSE,
FinancialDepartment,4301001,,FALSE,
FinancialDepartment,4301002,,FALSE,
FinancialDepartment,4301003,,FALSE,
FinancialDepartment,4301004,,FALSE,
FinancialDepartment,4301005,,FALSE,
FinancialDepartment,4301006,,FALSE,
FinancialDepartment,4301007,,FALSE,
FinancialDepartment,4301010,,FALSE,
FinancialDepartment,4302001,,FALSE,
FinancialDepartment,4302002,,FALSE,
FinancialDepartment,4302003,,FALSE,
FinancialDepartment,4302004,,FALSE,
FinancialDepartment,4302005,,FALSE,
FinancialDepartment,4302006,,FALSE,
FinancialDepartment,4302007,,FALSE,
FinancialDepartment,4302008,,FALSE,
FinancialDepartment,4302009,,FALSE,
FinancialDepartment,4302101,,FALSE,
FinancialDepartment,4302102,,FALSE,
FinancialDepartment,4302201,,FALSE,
FinancialDepartment,4302301,,FALSE,
FinancialDepartment,4302401,,FALSE,
FinancialDepartment,4302501,,FALSE,
FinancialDepartment,4303101,,FALSE,
FinancialDepartment,4303102,,FALSE,
FinancialDepartment,4303103,,FALSE,
FinancialDepartment,4303104,,FALSE,
FinancialDepartment,4303105,,FALSE,
FinancialDepartment,4303106,,FALSE,
FinancialDepartment,4303107,,FALSE,
FinancialDepartment,4303108,,FALSE,
FinancialDepartment,4303109,,FALSE,
FinancialDepartment,4303110,,FALSE,
FinancialDepartment,4303201,,FALSE,
FinancialDepartment,4303301,,FALSE,
FinancialDepartment,4303401,,FALSE,
FinancialDepartment,4303501,,FALSE,
FinancialDepartment,4303601,,FALSE,
FinancialDepartment,4303701,,FALSE,
FinancialDepartment,4303801,,FALSE,
FinancialDepartment,4303901,,FALSE,
FinancialDepartment,4304001,,FALSE,
FinancialDepartment,4304101,,FALSE,
FinancialDepartment,4304201,,FALSE,
FinancialDepartment,4305001,,FALSE,
FinancialDepartment,4305002,,FALSE,
FinancialDepartment,4305003,,FALSE,
FinancialDepartment,4305101,,FALSE,
FinancialDepartment,4305102,,FALSE,
FinancialDepartment,4305201,,FALSE,
FinancialDepartment,4305301,,FALSE,
FinancialDepartment,4305302,,FALSE,
FinancialDepartment,4305401,,FALSE,
FinancialDepartment,4305402,,FALSE,
FinancialDepartment,4305403,,FALSE,
FinancialDepartment,4305404,,FALSE,
FinancialDepartment,4305405,,FALSE,
FinancialDepartment,4305406,,FALSE,
FinancialDepartment,4305407,,FALSE,
FinancialDepartment,4305408,,FALSE,
FinancialDepartment,4305409,,FALSE,
FinancialDepartment,4305410,,FALSE,
FinancialDepartment,4305411,,FALSE,
FinancialDepartment,4305412,,FALSE,
FinancialDepartment,4305413,,FALSE,
FinancialDepartment,4305414,,FALSE,
FinancialDepartment,4305415,,FALSE,
FinancialDepartment,4305416,,FALSE,
FinancialDepartment,4305417,,FALSE,
FinancialDepartment,4305501,,FALSE,
FinancialDepartment,4305601,,FALSE,
FinancialDepartment,4305602,,FALSE,
FinancialDepartment,4305701,,FALSE,
FinancialDepartment,4305702,,FALSE,
FinancialDepartment,4305703,,FALSE,
FinancialDepartment,4305704,,FALSE,
FinancialDepartment,4305705,,FALSE,
FinancialDepartment,4305706,,FALSE,
FinancialDepartment,4305707,,FALSE,
FinancialDepartment,4305801,,FALSE,
FinancialDepartment,4305901,,FALSE,
FinancialDepartment,4306001,,FALSE,
FinancialDepartment,4306101,,FALSE,
FinancialDepartment,4306201,,FALSE,
FinancialDepartment,4306202,,FALSE,
FinancialDepartment,4306203,,FALSE,
FinancialDepartment,4306204,,FALSE,
FinancialDepartment,4306205,,FALSE,
FinancialDepartment,4306206,,FALSE,
FinancialDepartment,4306207,,FALSE,
FinancialDepartment,4306208,,FALSE,
FinancialDepartment,4306209,,FALSE,
FinancialDepartment,4306210,,FALSE,
FinancialDepartment,4306211,,FALSE,
FinancialDepartment,4306212,,FALSE,
FinancialDepartment,4306213,,FALSE,
FinancialDepartment,4306214,,FALSE,
FinancialDepartment,4306215,,FALSE,
FinancialDepartment,4306216,,FALSE,
FinancialDepartment,4306217,,FALSE,
FinancialDepartment,4306218,,FALSE,
FinancialDepartment,4306219,,FALSE,
FinancialDepartment,4306301,,FALSE,
FinancialDepartment,4306401,,FALSE,
FinancialDepartment,4306501,,FALSE,
FinancialDepartment,4306601,,FALSE,
FinancialDepartment,4306602,,FALSE,
FinancialDepartment,4306701,,FALSE,
FinancialDepartment,4306702,,FALSE,
FinancialDepartment,4306703,,FALSE,
FinancialDepartment,4306704,,FALSE,
FinancialDepartment,4306705,,FALSE,
FinancialDepartment,4306706,,FALSE,
FinancialDepartment,4306707,,FALSE,
FinancialDepartment,4306708,,FALSE,
FinancialDepartment,4306709,,FALSE,
FinancialDepartment,4306710,,FALSE,
FinancialDepartment,4306711,,FALSE,
FinancialDepartment,4306712,,FALSE,
FinancialDepartment,4306713,,FALSE,
FinancialDepartment,4306801,,FALSE,
FinancialDepartment,4306901,,FALSE,
FinancialDepartment,4400011,,FALSE,
FinancialDepartment,4400021,,FALSE,
FinancialDepartment,4400031,,FALSE,
FinancialDepartment,4400032,,FALSE,
FinancialDepartment,4400033,,FALSE,
FinancialDepartment,4400043,,FALSE,
FinancialDepartment,4400044,,FALSE,
FinancialDepartment,4400045,,FALSE,
FinancialDepartment,4400046,,FALSE,
FinancialDepartment,4400047,,FALSE,
FinancialDepartment,4400048,,FALSE,
FinancialDepartment,4400057,,FALSE,
FinancialDepartment,4400058,,FALSE,
FinancialDepartment,4400059,,FALSE,
FinancialDepartment,4400060,,FALSE,
FinancialDepartment,4400061,,FALSE,
FinancialDepartment,4400071,,FALSE,
FinancialDepartment,4400072,,FALSE,
FinancialDepartment,4400073,,FALSE,
FinancialDepartment,4400074,,FALSE,
FinancialDepartment,4400075,,FALSE,
FinancialDepartment,4400076,,FALSE,
FinancialDepartment,4400077,,FALSE,
FinancialDepartment,4400085,,FALSE,
FinancialDepartment,4400086,,FALSE,
FinancialDepartment,4809103,,FALSE,
FinancialDepartment,4814103,,FALSE,
FinancialDepartment,4816103,,FALSE,
FinancialDepartment,4818103,,FALSE,
FinancialDepartment,4842103,,FALSE,
FinancialDepartment,4848103,,FALSE,
FinancialDepartment,5500000,,FALSE,
FinancialDepartment,5500001,,FALSE,
FinancialDepartment,5500200,,FALSE,
FinancialDepartment,5600001,,FALSE,
FinancialDepartment,5700000,,FALSE,
FinancialDepartment,5700001,,FALSE,
FinancialDepartment,5700002,,FALSE,
FinancialDepartment,5700003,,FALSE,
FinancialDepartment,5700004,,FALSE,
FinancialDepartment,5700005,,FALSE,
FinancialDepartment,5700006,,FALSE,
FinancialDepartment,5700007,,FALSE,
FinancialDepartment,5700008,,FALSE,
FinancialDepartment,5700009,,FALSE,
FinancialDepartment,5700010,,FALSE,
FinancialDepartment,5700011,,FALSE,
FinancialDepartment,5700020,,FALSE,
FinancialDepartment,6000001,,FALSE,
FinancialDepartment,6000002,,FALSE,
FinancialDepartment,6000003,,FALSE,
FinancialDepartment,6000004,,FALSE,
FinancialDepartment,6000150,,FALSE,
FinancialDepartment,6000151,,FALSE,
FinancialDepartment,6000152,,FALSE,
FinancialDepartment,6000153,,FALSE,
FinancialDepartment,6000154,,FALSE,
FinancialDepartment,6010001,,FALSE,
FinancialDepartment,6010003,,FALSE,
FinancialDepartment,6010004,,FALSE,
FinancialDepartment,6010005,,FALSE,
FinancialDepartment,6010006,,FALSE,
FinancialDepartment,6012001,,FALSE,
FinancialDepartment,6012002,,FALSE,
FinancialDepartment,6012003,,FALSE,
FinancialDepartment,6012004,,FALSE,
FinancialDepartment,6012005,,FALSE,
FinancialDepartment,6012006,,FALSE,
FinancialDepartment,6013001,,FALSE,
FinancialDepartment,6013002,,FALSE,
FinancialDepartment,6013003,,FALSE,
FinancialDepartment,6013101,,FALSE,
FinancialDepartment,6013102,,FALSE,
FinancialDepartment,6013103,,FALSE,
FinancialDepartment,6013104,,FALSE,
FinancialDepartment,6013105,,FALSE,
FinancialDepartment,6013106,,FALSE,
FinancialDepartment,6013107,,FALSE,
FinancialDepartment,6013201,,FALSE,
FinancialDepartment,6013301,,FALSE,
FinancialDepartment,6013401,,FALSE,
FinancialDepartment,6013402,,FALSE,
FinancialDepartment,6013403,,FALSE,
FinancialDepartment,6013404,,FALSE,
FinancialDepartment,6013405,,FALSE,
FinancialDepartment,6013406,,FALSE,
FinancialDepartment,6013407,,FALSE,
FinancialDepartment,6013408,,FALSE,
FinancialDepartment,6013409,,FALSE,
FinancialDepartment,6013410,,FALSE,
FinancialDepartment,6013411,,FALSE,
FinancialDepartment,6013412,,FALSE,
FinancialDepartment,6013413,,FALSE,
FinancialDepartment,6013414,,FALSE,
FinancialDepartment,6013501,,FALSE,
FinancialDepartment,6013504,,FALSE,
FinancialDepartment,6013505,,FALSE,
FinancialDepartment,6013506,,FALSE,
FinancialDepartment,6013601,,FALSE,
FinancialDepartment,6013602,,FALSE,
FinancialDepartment,6015001,,FALSE,
FinancialDepartment,6015002,,FALSE,
FinancialDepartment,6015003,,FALSE,
FinancialDepartment,6015004,,FALSE,
FinancialDepartment,6015005,,FALSE,
FinancialDepartment,6015006,,FALSE,
FinancialDepartment,6015007,,FALSE,
FinancialDepartment,6015008,,FALSE,
FinancialDepartment,6015009,,FALSE,
FinancialDepartment,6015101,,FALSE,
FinancialDepartment,6015102,,FALSE,
FinancialDepartment,6015103,,FALSE,
FinancialDepartment,6015104,,FALSE,
FinancialDepartment,6015201,,FALSE,
FinancialDepartment,6015202,,FALSE,
FinancialDepartment,6015301,,FALSE,
FinancialDepartment,6015302,,FALSE,
FinancialDepartment,6015303,,FALSE,
FinancialDepartment,6015401,,FALSE,
FinancialDepartment,6015402,,FALSE,
FinancialDepartment,6015404,,FALSE,
FinancialDepartment,6015405,,FALSE,
FinancialDepartment,6015406,,FALSE,
FinancialDepartment,6015407,,FALSE,
FinancialDepartment,6015501,,FALSE,
FinancialDepartment,6016201,,FALSE,
FinancialDepartment,6016202,,FALSE,
FinancialDepartment,6016203,,FALSE,
FinancialDepartment,6016204,,FALSE,
FinancialDepartment,6016205,,FALSE,
FinancialDepartment,6020001,,FALSE,
FinancialDepartment,6020002,,FALSE,
FinancialDepartment,6020003,,FALSE,
FinancialDepartment,6020004,,FALSE,
FinancialDepartment,6021001,,FALSE,
FinancialDepartment,6022001,,FALSE,
FinancialDepartment,6022002,,FALSE,
FinancialDepartment,6022003,,FALSE,
FinancialDepartment,6022004,,FALSE,
FinancialDepartment,6023001,,FALSE,
FinancialDepartment,6025001,,FALSE,
FinancialDepartment,6025002,,FALSE,
FinancialDepartment,6025003,,FALSE,
FinancialDepartment,6030001,,FALSE,
FinancialDepartment,6031001,,FALSE,
FinancialDepartment,6031002,,FALSE,
FinancialDepartment,6032001,,FALSE,
FinancialDepartment,7000400,,FALSE,
FinancialDepartment,7300000,,FALSE,
FinancialDepartment,7300001,,FALSE,
FinancialDepartment,7300002,,FALSE,
FinancialDepartment,7300300,,FALSE,
FinancialDepartment,7300500,,FALSE,
FinancialDepartment,7300501,,FALSE,
FinancialDepartment,7300502,,FALSE,
FinancialDepartment,7300503,,FALSE,
FinancialDepartment,7300504,,FALSE,
FinancialDepartment,7301000,,FALSE,
FinancialDepartment,7301001,,FALSE,
FinancialDepartment,7301002,,FALSE,
FinancialDepartment,7301003,,FALSE,
FinancialDepartment,7301004,,FALSE,
FinancialDepartment,7301005,,FALSE,
FinancialDepartment,7301006,,FALSE,
FinancialDepartment,7301007,,FALSE,
FinancialDepartment,7301008,,FALSE,
FinancialDepartment,7301009,,FALSE,
FinancialDepartment,7301010,,FALSE,
FinancialDepartment,7301011,,FALSE,
FinancialDepartment,7301012,,FALSE,
FinancialDepartment,7301013,,FALSE,
FinancialDepartment,7301101,,FALSE,
FinancialDepartment,7301201,,FALSE,
FinancialDepartment,7301202,,FALSE,
FinancialDepartment,7301203,,FALSE,
FinancialDepartment,7302000,,FALSE,
FinancialDepartment,7302001,,FALSE,
FinancialDepartment,7302002,,FALSE,
FinancialDepartment,7302003,,FALSE,
FinancialDepartment,7302004,,FALSE,
FinancialDepartment,7302200,,FALSE,
FinancialDepartment,7302201,,FALSE,
FinancialDepartment,7302500,,FALSE,
FinancialDepartment,7303000,,FALSE,
FinancialDepartment,7303001,,FALSE,
FinancialDepartment,7303002,,FALSE,
FinancialDepartment,7303003,,FALSE,
FinancialDepartment,7303004,,FALSE,
FinancialDepartment,7303005,,FALSE,
FinancialDepartment,7303006,,FALSE,
FinancialDepartment,7303007,,FALSE,
FinancialDepartment,7303008,,FALSE,
FinancialDepartment,7303009,,FALSE,
FinancialDepartment,7303010,,FALSE,
FinancialDepartment,7310000,,FALSE,
FinancialDepartment,7320000,,FALSE,
FinancialDepartment,7800000,,FALSE,
FinancialDepartment,7800001,,FALSE,
FinancialDepartment,7800002,,FALSE,
FinancialDepartment,7800003,,FALSE,
FinancialDepartment,7800004,,FALSE,
FinancialDepartment,7800005,,FALSE,
FinancialDepartment,7800006,,FALSE,
FinancialDepartment,7800007,,FALSE,
FinancialDepartment,7800008,,FALSE,
FinancialDepartment,7800009,,FALSE,
FinancialDepartment,7800010,,FALSE,
FinancialDepartment,7800050,,FALSE,
FinancialDepartment,7800051,,FALSE,
FinancialDepartment,7800052,,FALSE,
FinancialDepartment,7800053,,FALSE,
FinancialDepartment,7800054,,FALSE,
FinancialDepartment,7800055,,FALSE,
FinancialDepartment,7800056,,FALSE,
FinancialDepartment,7800057,,FALSE,
FinancialDepartment,7800058,,FALSE,
FinancialDepartment,7800059,,FALSE,
FinancialDepartment,7800070,,FALSE,
FinancialDepartment,8000001,,FALSE,
FinancialDepartment,8000002,,FALSE,
FinancialDepartment,8000150,,FALSE,
FinancialDepartment,8000151,,FALSE,
FinancialDepartment,8000152,,FALSE,
FinancialDepartment,8000153,,FALSE,
FinancialDepartment,8000154,,FALSE,
FinancialDepartment,8000155,,FALSE,
FinancialDepartment,8000200,,FALSE,
FinancialDepartment,8000201,,FALSE,
FinancialDepartment,8000202,,FALSE,
FinancialDepartment,8000203,,FALSE,
FinancialDepartment,8000204,,FALSE,
FinancialDepartment,8000205,,FALSE,
FinancialDepartment,8000206,,FALSE,
FinancialDepartment,8000300,,FALSE,
FinancialDepartment,8000301,,FALSE,
FinancialDepartment,8000302,,FALSE,
FinancialDepartment,8000303,,FALSE,
FinancialDepartment,8000304,,FALSE,
FinancialDepartment,8000305,,FALSE,
FinancialDepartment,8000306,,FALSE,
FinancialDepartment,8000307,,FALSE,
FinancialDepartment,8000308,,FALSE,
FinancialDepartment,8000309,,FALSE,
FinancialDepartment,8000310,,FALSE,
FinancialDepartment,8000400,,FALSE,
FinancialDepartment,8000401,,FALSE,
FinancialDepartment,8000402,,FALSE,
FinancialDepartment,8000403,,FALSE,
FinancialDepartment,8000404,,FALSE,
FinancialDepartment,8000405,,FALSE,
FinancialDepartment,8000406,,FALSE,
FinancialDepartment,8000500,,FALSE,
FinancialDepartment,8000501,,FALSE,
FinancialDepartment,8000502,,FALSE,
FinancialDepartment,8000503,,FALSE,
FinancialDepartment,8000534,,FALSE,
FinancialDepartment,8000540,,FALSE,
FinancialDepartment,8000555,,FALSE,
FinancialDepartment,8000559,,FALSE,
FinancialDepartment,8000564,,FALSE,
FinancialDepartment,8000565,,FALSE,
FinancialDepartment,8000566,,FALSE,
FinancialDepartment,8000567,,FALSE,
FinancialDepartment,8000568,,FALSE,
FinancialDepartment,8000569,,FALSE,
FinancialDepartment,8000573,,FALSE,
FinancialDepartment,8000574,,FALSE,
FinancialDepartment,8000575,,FALSE,
FinancialDepartment,8000578,,FALSE,
FinancialDepartment,8000579,,FALSE,
FinancialDepartment,8000581,,FALSE,
FinancialDepartment,8000583,,FALSE,
FinancialDepartment,8000586,,FALSE,
FinancialDepartment,8000588,,FALSE,
FinancialDepartment,8000589,,FALSE,
FinancialDepartment,8000590,,FALSE,
FinancialDepartment,8000592,,FALSE,
FinancialDepartment,8000594,,FALSE,
FinancialDepartment,8000596,,FALSE,
FinancialDepartment,8000597,,FALSE,
FinancialDepartment,8000599,,FALSE,
FinancialDepartment,8000600,,FALSE,
FinancialDepartment,8000603,,FALSE,
FinancialDepartment,8000604,,FALSE,
FinancialDepartment,8000605,,FALSE,
FinancialDepartment,8000606,,FALSE,
FinancialDepartment,8000607,,FALSE,
FinancialDepartment,8000608,,FALSE,
FinancialDepartment,8000609,,FALSE,
FinancialDepartment,8000610,,FALSE,
FinancialDepartment,8000611,,FALSE,
FinancialDepartment,8000613,,FALSE,
FinancialDepartment,8000614,,FALSE,
FinancialDepartment,8000615,,FALSE,
FinancialDepartment,8000616,,FALSE,
FinancialDepartment,8000617,,FALSE,
FinancialDepartment,8000618,,FALSE,
FinancialDepartment,8000700,,FALSE,
FinancialDepartment,8000701,,FALSE,
FinancialDepartment,8000702,,FALSE,
FinancialDepartment,8000703,,FALSE,
FinancialDepartment,8000704,,FALSE,
FinancialDepartment,8000705,,FALSE,
FinancialDepartment,8000706,,FALSE,
FinancialDepartment,8000707,,FALSE,
FinancialDepartment,8000708,,FALSE,
FinancialDepartment,8000709,,FALSE,
FinancialDepartment,8000710,,FALSE,
FinancialDepartment,8000711,,FALSE,
FinancialDepartment,8000712,,FALSE,
FinancialDepartment,8000713,,FALSE,
FinancialDepartment,8000714,,FALSE,
FinancialDepartment,8000715,,FALSE,
FinancialDepartment,8000716,,FALSE,
FinancialDepartment,8000717,,FALSE,
FinancialDepartment,8000718,,FALSE,
FinancialDepartment,8000719,,FALSE,
FinancialDepartment,8000720,,FALSE,
FinancialDepartment,8000721,,FALSE,
FinancialDepartment,8000722,,FALSE,
FinancialDepartment,8000723,,FALSE,
FinancialDepartment,8000724,,FALSE,
FinancialDepartment,8000725,,FALSE,
FinancialDepartment,8000726,,FALSE,
FinancialDepartment,8000800,,FALSE,
FinancialDepartment,8000801,,FALSE,
FinancialDepartment,8000802,,FALSE,
FinancialDepartment,8000803,,FALSE,
FinancialDepartment,8000804,,FALSE,
FinancialDepartment,8000805,,FALSE,
FinancialDepartment,8000806,,FALSE,
FinancialDepartment,8000807,,FALSE,
FinancialDepartment,8000808,,FALSE,
FinancialDepartment,8000809,,FALSE,
FinancialDepartment,8000810,,FALSE,
FinancialDepartment,8000811,,FALSE,
FinancialDepartment,8000812,,FALSE,
FinancialDepartment,8000813,,FALSE,
FinancialDepartment,8000814,,FALSE,
FinancialDepartment,8000815,,FALSE,
FinancialDepartment,8000816,,FALSE,
FinancialDepartment,8000817,,FALSE,
FinancialDepartment,8000818,,FALSE,
FinancialDepartment,8000819,,FALSE,
FinancialDepartment,8000820,,FALSE,
FinancialDepartment,8000821,,FALSE,
FinancialDepartment,8000822,,FALSE,
FinancialDepartment,8000823,,FALSE,
FinancialDepartment,8000824,,FALSE,
FinancialDepartment,8000825,,FALSE,
FinancialDepartment,8000826,,FALSE,
FinancialDepartment,8001800,,FALSE,
FinancialDepartment,8001900,,FALSE,
FinancialDepartment,8001901,,FALSE,
FinancialDepartment,8001902,,FALSE,
FinancialDepartment,8001903,,FALSE,
FinancialDepartment,8100000,,FALSE,
FinancialDepartment,8100001,,FALSE,
FinancialDepartment,8100002,,FALSE,
FinancialDepartment,8100003,,FALSE,
FinancialDepartment,8100004,,FALSE,
FinancialDepartment,8100005,,FALSE,
FinancialDepartment,8100006,,FALSE,
FinancialDepartment,8100100,,FALSE,
FinancialDepartment,8100101,,FALSE,
FinancialDepartment,8100102,,FALSE,
FinancialDepartment,8100103,,FALSE,
FinancialDepartment,8100104,,FALSE,
FinancialDepartment,8100105,,FALSE,
FinancialDepartment,8100150,,FALSE,
FinancialDepartment,8100151,,FALSE,
FinancialDepartment,8100152,,FALSE,
FinancialDepartment,8100153,,FALSE,
FinancialDepartment,8100154,,FALSE,
FinancialDepartment,8100155,,FALSE,
FinancialDepartment,8100156,,FALSE,
FinancialDepartment,8100157,,FALSE,
FinancialDepartment,8100200,,FALSE,
FinancialDepartment,8100201,,FALSE,
FinancialDepartment,8100250,,FALSE,
FinancialDepartment,8100300,,FALSE,
FinancialDepartment,8100301,,FALSE,
FinancialDepartment,8100302,,FALSE,
FinancialDepartment,8100303,,FALSE,
FinancialDepartment,8100304,,FALSE,
FinancialDepartment,8100305,,FALSE,
FinancialDepartment,8500001,,FALSE,
FinancialDepartment,8500002,,FALSE,
FinancialDepartment,8500003,,FALSE,
FinancialDepartment,8500004,,FALSE,
FinancialDepartment,8500005,,FALSE,
FinancialDepartment,8500006,,FALSE,
FinancialDepartment,8500007,,FALSE,
FinancialDepartment,8500008,,FALSE,
FinancialDepartment,8500009,,FALSE,
FinancialDepartment,8500010,,FALSE,
FinancialDepartment,8500011,,FALSE,
FinancialDepartment,8500012,,FALSE,
FinancialDepartment,8500013,,FALSE,
FinancialDepartment,8500014,,FALSE,
FinancialDepartment,8500015,,FALSE,
FinancialDepartment,8500016,,FALSE,
FinancialDepartment,8500200,,FALSE,
FinancialDepartment,8500300,,FALSE,
FinancialDepartment,8500301,,FALSE,
FinancialDepartment,8500350,,FALSE,
FinancialDepartment,8500351,,FALSE,
FinancialDepartment,8500352,,FALSE,
FinancialDepartment,8500353,,FALSE,
FinancialDepartment,8500354,,FALSE,
FinancialDepartment,8500355,,FALSE,
FinancialDepartment,8500356,,FALSE,
FinancialDepartment,8500357,,FALSE,
FinancialDepartment,8500370,,FALSE,
FinancialDepartment,8500371,,FALSE,
FinancialDepartment,8500372,,FALSE,
FinancialDepartment,8500400,,FALSE,
FinancialDepartment,8500401,,FALSE,
FinancialDepartment,8500402,,FALSE,
FinancialDepartment,8500403,,FALSE,
FinancialDepartment,8500404,,FALSE,
FinancialDepartment,8500450,,FALSE,
FinancialDepartment,8500451,,FALSE,
FinancialDepartment,8500452,,FALSE,
FinancialDepartment,8500453,,FALSE,
FinancialDepartment,8500454,,FALSE,
FinancialDepartment,8500500,,FALSE,
FinancialDepartment,8500501,,FALSE,
FinancialDepartment,8500502,,FALSE,
FinancialDepartment,8500503,,FALSE,
FinancialDepartment,8500504,,FALSE,
FinancialDepartment,8500505,,FALSE,
FinancialDepartment,8500506,,FALSE,
FinancialDepartment,8500507,,FALSE,
FinancialDepartment,8500508,,FALSE,
FinancialDepartment,8500509,,FALSE,
FinancialDepartment,8500510,,FALSE,
FinancialDepartment,8500511,,FALSE,
FinancialDepartment,8500512,,FALSE,
FinancialDepartment,8500513,,FALSE,
FinancialDepartment,8500514,,FALSE,
FinancialDepartment,8700001,,FALSE,
FinancialDepartment,8700002,,FALSE,
FinancialDepartment,8700003,,FALSE,
FinancialDepartment,8700010,,FALSE,
FinancialDepartment,8700030,,FALSE,
FinancialDepartment,8700050,,FALSE,
FinancialDepartment,8700051,,FALSE,
FinancialDepartment,8700052,,FALSE,
FinancialDepartment,8700100,,FALSE,
FinancialDepartment,8700101,,FALSE,
FinancialDepartment,8700102,,FALSE,
FinancialDepartment,8700103,,FALSE,
FinancialDepartment,8700104,,FALSE,
FinancialDepartment,8700200,,FALSE,
FinancialDepartment,8700201,,FALSE,
FinancialDepartment,8700202,,FALSE,
FinancialDepartment,8700210,,FALSE,
FinancialDepartment,8700211,,FALSE,
FinancialDepartment,8700212,,FALSE,
FinancialDepartment,8700240,,FALSE,
FinancialDepartment,8700241,,FALSE,
FinancialDepartment,8700242,,FALSE,
FinancialDepartment,8700243,,FALSE,
FinancialDepartment,8700244,,FALSE,
FinancialDepartment,8700245,,FALSE,
FinancialDepartment,8700500,,FALSE,
FinancialDepartment,8700501,,FALSE,
FinancialDepartment,8700502,,FALSE,
FinancialDepartment,8700503,,FALSE,
FinancialDepartment,8700504,,FALSE,
FinancialDepartment,9002608,,FALSE,
FinancialDepartment,9100000,,FALSE,
FinancialDepartment,9100046,,FALSE,
FinancialDepartment,9102608,,FALSE,
FinancialDepartment,9500000,,FALSE,
FinancialDepartment,9911111,,FALSE,
FinancialDepartment,9911112,,FALSE,
FinancialDepartment,9911113,,FALSE,
FinancialDepartment,9912111,,FALSE,
FinancialDepartment,9913111,,FALSE,
FinancialDepartment,9913112,,FALSE,
FinancialDepartment,9914111,,FALSE,
FinancialDepartment,9921111,,FALSE,
FinancialDepartment,9921112,,FALSE,
FinancialDepartment,9921113,,FALSE,
FinancialDepartment,9921114,,FALSE,
FinancialDepartment,9921211,,FALSE,
FinancialDepartment,9921212,,FALSE,
FinancialDepartment,9921221,,FALSE,
FinancialDepartment,9921222,,FALSE,
FinancialDepartment,9921223,,FALSE,
FinancialDepartment,9921224,,FALSE,
FinancialDepartment,9921225,,FALSE,
FinancialDepartment,9921226,,FALSE,
FinancialDepartment,9921227,,FALSE,
FinancialDepartment,9921228,,FALSE,
FinancialDepartment,9921311,,FALSE,
FinancialDepartment,9921312,,FALSE,
FinancialDepartment,9921411,,FALSE,
FinancialDepartment,9921511,,FALSE,
FinancialDepartment,9921611,,FALSE,
FinancialDepartment,9921711,,FALSE,
FinancialDepartment,9921811,,FALSE,
FinancialDepartment,9922111,,FALSE,
FinancialDepartment,9922121,,FALSE,
FinancialDepartment,9922131,,FALSE,
FinancialDepartment,9922141,,FALSE,
FinancialDepartment,9922151,,FALSE,
FinancialDepartment,9922161,,FALSE,
FinancialDepartment,9922171,,FALSE,
FinancialDepartment,9922181,,FALSE,
FinancialDepartment,9922191,,FALSE,
FinancialDepartment,9922201,,FALSE,
FinancialDepartment,9923111,,FALSE,
FinancialDepartment,9923211,,FALSE,
FinancialDepartment,9923212,,FALSE,
FinancialDepartment,9923213,,FALSE,
FinancialDepartment,9923214,,FALSE,
FinancialDepartment,9923215,,FALSE,
FinancialDepartment,9923216,,FALSE,
FinancialDepartment,9923217,,FALSE,
FinancialDepartment,9923218,,FALSE,
FinancialDepartment,9923219,,FALSE,
FinancialDepartment,9923220,,FALSE,
FinancialDepartment,9923221,,FALSE,
FinancialDepartment,9923222,,FALSE,
FinancialDepartment,9923223,,FALSE,
FinancialDepartment,9923224,,FALSE,
FinancialDepartment,9923225,,FALSE,
FinancialDepartment,9923226,,FALSE,
FinancialDepartment,9923227,,FALSE,
FinancialDepartment,9923228,,FALSE,
FinancialDepartment,9923229,,FALSE,
FinancialDepartment,9923230,,FALSE,
FinancialDepartment,9923231,,FALSE,
FinancialDepartment,9923232,,FALSE,
FinancialDepartment,9923233,,FALSE,
FinancialDepartment,9923234,,FALSE,
FinancialDepartment,9923235,,FALSE,
FinancialDepartment,9923236,,FALSE,
FinancialDepartment,9923237,,FALSE,
FinancialDepartment,9923238,,FALSE,
FinancialDepartment,9923239,,FALSE,
FinancialDepartment,9923240,,FALSE,
FinancialDepartment,9923241,,FALSE,
FinancialDepartment,9923242,,FALSE,
FinancialDepartment,9923243,,FALSE,
FinancialDepartment,9923244,,FALSE,
FinancialDepartment,9923245,,FALSE,
FinancialDepartment,9923246,,FALSE,
FinancialDepartment,9923247,,FALSE,
FinancialDepartment,9923248,,FALSE,
FinancialDepartment,9923249,,FALSE,
FinancialDepartment,9923250,,FALSE,
FinancialDepartment,9923251,,FALSE,
FinancialDepartment,9923252,,FALSE,
FinancialDepartment,9923253,,FALSE,
FinancialDepartment,9923254,,FALSE,
FinancialDepartment,9923255,,FALSE,
FinancialDepartment,9923256,,FALSE,
FinancialDepartment,9923257,,FALSE,
FinancialDepartment,9923258,,FALSE,
FinancialDepartment,9923259,,FALSE,
FinancialDepartment,9923260,,FALSE,
FinancialDepartment,9923261,,FALSE,
FinancialDepartment,9923262,,FALSE,
FinancialDepartment,9923263,,FALSE,
FinancialDepartment,9923264,,FALSE,
FinancialDepartment,9923265,,FALSE,
FinancialDepartment,9923266,,FALSE,
FinancialDepartment,9923267,,FALSE,
FinancialDepartment,9923281,,FALSE,
FinancialDepartment,9924111,,FALSE,
FinancialDepartment,9924161,,FALSE,
FinancialDepartment,9924211,,FALSE,
FinancialDepartment,9924261,,FALSE,
FinancialDepartment,9924262,,FALSE,
FinancialDepartment,9924301,,FALSE,
FinancialDepartment,9924361,,FALSE,
FinancialDepartment,9924401,,FALSE,
FinancialDepartment,9924461,,FALSE,
FinancialDepartment,9924501,,FALSE,
FinancialDepartment,9924561,,FALSE,
FinancialDepartment,9924562,,FALSE,
FinancialDepartment,9924611,,FALSE,
FinancialDepartment,9924711,,FALSE,
FinancialDepartment,9924811,,FALSE,
FinancialDepartment,9931111,,FALSE,
FinancialDepartment,9931112,,FALSE,
FinancialDepartment,9931113,,FALSE,
FinancialDepartment,9931211,,FALSE,
FinancialDepartment,9932111,,FALSE,
FinancialDepartment,9932211,,FALSE,
FinancialDepartment,9932311,,FALSE,
FinancialDepartment,9932411,,FALSE,
FinancialDepartment,9933111,,FALSE,
FinancialDepartment,9934111,,FALSE,
FinancialDepartment,9935111,,FALSE,
FinancialDepartment,9935112,,FALSE,
FinancialDepartment,9935113,,FALSE,
FinancialDepartment,9935121,,FALSE,
FinancialDepartment,9936111,,FALSE,
FinancialDepartment,9937111,,FALSE,
FinancialDepartment,9938111,,FALSE,
FinancialDepartment,9938112,,FALSE,
FinancialDepartment,9938113,,FALSE,
FinancialDepartment,9939111,,FALSE,
FinancialDepartment,9941110,,FALSE,
FinancialDepartment,9941111,,FALSE,
FinancialDepartment,9941112,,FALSE,
FinancialDepartment,9941113,,FALSE,
FinancialDepartment,9941114,,FALSE,
FinancialDepartment,9941115,,FALSE,
FinancialDepartment,9941116,,FALSE,
FinancialDepartment,9941117,,FALSE,
FinancialDepartment,9941118,,FALSE,
FinancialDepartment,9941120,,FALSE,
FinancialDepartment,9941121,,FALSE,
FinancialDepartment,9942110,,FALSE,
FinancialDepartment,9942111,,FALSE,
FinancialDepartment,9942112,,FALSE,
FinancialDepartment,9942113,,FALSE,
FinancialDepartment,9942114,,FALSE,
FinancialDepartment,9942115,,FALSE,
FinancialDepartment,9942116,,FALSE,
FinancialDepartment,9942117,,FALSE,
FinancialDepartment,9942118,,FALSE,
FinancialDepartment,9942119,,FALSE,
FinancialDepartment,9942120,,FALSE,
FinancialDepartment,9951111,,FALSE,
FinancialDepartment,9951144,,FALSE,
FinancialDepartment,9951162,,FALSE,
FinancialDepartment,9951164,,FALSE,
FinancialDepartment,9951211,,FALSE,
FinancialDepartment,9951311,,FALSE,
FinancialDepartment,9952111,,FALSE,
FinancialDepartment,9952112,,FALSE,
FinancialDepartment,9952113,,FALSE,
FinancialDepartment,9952114,,FALSE,
FinancialDepartment,9952115,,FALSE,
FinancialDepartment,9952116,,FALSE,
FinancialDepartment,9953111,,FALSE,
FinancialDepartment,9961111,,FALSE,
FinancialDepartment,9AANS01,,TRUE,
FinancialDepartment,9AANS02,,TRUE,
FinancialDepartment,9AANS03,,TRUE,
FinancialDepartment,9AARE01,,TRUE,
FinancialDepartment,9AARE02,,TRUE,
FinancialDepartment,9AARE03,,TRUE,
FinancialDepartment,9AARE04,,TRUE,
FinancialDepartment,9ABAE01,,TRUE,
FinancialDepartment,9ABAE02,,TRUE,
FinancialDepartment,9ABAE03,,TRUE,
FinancialDepartment,9ACBS01,,TRUE,
FinancialDepartment,9ACL101,,TRUE,
FinancialDepartment,9ACL201,,TRUE,
FinancialDepartment,9ACL301,,TRUE,
FinancialDepartment,9ACL401,,TRUE,
FinancialDepartment,9ACL501,,TRUE,
FinancialDepartment,9ADES01,,TRUE,
FinancialDepartment,9ADES02,,TRUE,
FinancialDepartment,9ADES03,,TRUE,
FinancialDepartment,9ADNO01,,TRUE,
FinancialDepartment,9ADNO03,,TRUE,
FinancialDepartment,9ADNO99,,TRUE,
FinancialDepartment,9AENM01,,TRUE,
FinancialDepartment,9AENM02,,TRUE,
FinancialDepartment,9AENM03,,TRUE,
FinancialDepartment,9AETX01,,TRUE,
FinancialDepartment,9AETX02,,TRUE,
FinancialDepartment,9AETX03,,TRUE,
FinancialDepartment,9AEVE01,,TRUE,
FinancialDepartment,9AEVE02,,TRUE,
FinancialDepartment,9AFST01,,TRUE,
FinancialDepartment,9AFST02,,TRUE,
FinancialDepartment,9AFST03,,TRUE,
FinancialDepartment,9AHCE01,,TRUE,
FinancialDepartment,9AHCE02,,TRUE,
FinancialDepartment,9AHCE03,,TRUE,
FinancialDepartment,9ALAW01,,TRUE,
FinancialDepartment,9ALAW02,,TRUE,
FinancialDepartment,9ALAW03,,TRUE,
FinancialDepartment,9AMCB01,,TRUE,
FinancialDepartment,9AMCB02,,TRUE,
FinancialDepartment,9AMMG01,,TRUE,
FinancialDepartment,9AMMG02,,TRUE,
FinancialDepartment,9ANPB01,,TRUE,
FinancialDepartment,9ANPB02,,TRUE,
FinancialDepartment,9ANUT01,,TRUE,
FinancialDepartment,9ANUT02,,TRUE,
FinancialDepartment,9ANUT03,,TRUE,
FinancialDepartment,9APLB01,,TRUE,
FinancialDepartment,9APLB02,,TRUE,
FinancialDepartment,9APLS01,,TRUE,
FinancialDepartment,9APLS02,,TRUE,
FinancialDepartment,9APLS03,,TRUE,
FinancialDepartment,9APLS09,,TRUE,
FinancialDepartment,9APLS10,,TRUE,
FinancialDepartment,9APLS11,,TRUE,
FinancialDepartment,9APLS12,,TRUE,
FinancialDepartment,9APPA01,,TRUE,
FinancialDepartment,9APPA02,,TRUE,
FinancialDepartment,9APPA03,,TRUE,
FinancialDepartment,9AVIT01,,TRUE,
FinancialDepartment,9AVIT02,,TRUE,
FinancialDepartment,9AVIT03,,TRUE,
FinancialDepartment,9AWFC01,,TRUE,
FinancialDepartment,9AWFC02,,TRUE,
FinancialDepartment,9AWFC03,,TRUE,
FinancialDepartment,9VHFS01,,FALSE,
FinancialDepartment,9VMD219,,FALSE,
FinancialDepartment,9VMEX01,,FALSE,
FinancialDepartment,9VMEX02,,FALSE,
FinancialDepartment,9VPHR01,,FALSE,
FinancialDepartment,9VPHR02,,FALSE,
FinancialDepartment,9VPHR03,,FALSE,
FinancialDepartment,9VPMI01,,FALSE,
FinancialDepartment,9VPMI02,,FALSE,
FinancialDepartment,9VPMI03,,FALSE,
FinancialDepartment,9VTRC11,,FALSE,
FinancialDepartment,9VVMB01,,FALSE,
FinancialDepartment,9VVMB02,,FALSE,
FinancialDepartment,9VVMB03,,FALSE,
FinancialDepartment,9VVME01,,FALSE,
FinancialDepartment,9VVME02,,FALSE,
FinancialDepartment,9VVME03,,FALSE,
FinancialDepartment,AANS001,,TRUE,
FinancialDepartment,AANS002,,TRUE,
FinancialDepartment,AANS003,,TRUE,
FinancialDepartment,AANS004,,TRUE,
FinancialDepartment,AANS005,,TRUE,
FinancialDepartment,AANS006,,TRUE,
FinancialDepartment,AARE001,,TRUE,
FinancialDepartment,AARE002,,TRUE,
FinancialDepartment,AARE003,,TRUE,
FinancialDepartment,AARE004,,TRUE,
FinancialDepartment,AARE005,,TRUE,
FinancialDepartment,AARE006,,TRUE,
FinancialDepartment,AARE007,,TRUE,
FinancialDepartment,ABAE001,,TRUE,
FinancialDepartment,ABAE002,,TRUE,
FinancialDepartment,ABAE003,,TRUE,
FinancialDepartment,ABAE004,,TRUE,
FinancialDepartment,ACA0010,,FALSE,
FinancialDepartment,ACBS001,,TRUE,
FinancialDepartment,ACBS002,,TRUE,
FinancialDepartment,ACBS099,,TRUE,
FinancialDepartment,ACL1001,,TRUE,
FinancialDepartment,ACL2001,,TRUE,
FinancialDepartment,ACL3001,,TRUE,
FinancialDepartment,ACL4001,,TRUE,
FinancialDepartment,ACL5001,,TRUE,
FinancialDepartment,ADES001,,TRUE,
FinancialDepartment,ADES002,,TRUE,
FinancialDepartment,ADES003,,TRUE,
FinancialDepartment,ADES004,,TRUE,
FinancialDepartment,ADES005,,TRUE,
FinancialDepartment,ADIT000,,FALSE,
FinancialDepartment,ADIT001,,FALSE,
FinancialDepartment,ADIT002,,FALSE,
FinancialDepartment,ADIT003,,FALSE,
FinancialDepartment,ADIT004,,FALSE,
FinancialDepartment,ADIT005,,FALSE,
FinancialDepartment,ADIT006,,FALSE,
FinancialDepartment,ADIT007,,FALSE,
FinancialDepartment,ADNO001,,TRUE,
FinancialDepartment,ADNO002,,TRUE,
FinancialDepartment,ADNO003,,TRUE,
FinancialDepartment,ADNO004,,TRUE,
FinancialDepartment,ADNO005,,TRUE,
FinancialDepartment,ADNO006,,TRUE,
FinancialDepartment,ADNO007,,TRUE,
FinancialDepartment,ADNO008,,TRUE,
FinancialDepartment,ADNO030,,TRUE,
FinancialDepartment,ADNO031,,TRUE,
FinancialDepartment,ADNO032,,TRUE,
FinancialDepartment,ADNO033,,TRUE,
FinancialDepartment,ADNO034,,TRUE,
FinancialDepartment,ADNO035,,TRUE,
FinancialDepartment,ADNO050,,TRUE,
FinancialDepartment,ADNO051,,TRUE,
FinancialDepartment,ADNO052,,TRUE,
FinancialDepartment,ADNO053,,TRUE,
FinancialDepartment,ADNO054,,TRUE,
FinancialDepartment,ADNO055,,TRUE,
FinancialDepartment,ADNO056,,TRUE,
FinancialDepartment,ADNO057,,TRUE,
FinancialDepartment,ADNO058,,TRUE,
FinancialDepartment,ADNO059,,TRUE,
FinancialDepartment,ADNO060,,TRUE,
FinancialDepartment,ADNO061,,TRUE,
FinancialDepartment,ADNO099,,TRUE,
FinancialDepartment,AENM001,,TRUE,
FinancialDepartment,AENM002,,TRUE,
FinancialDepartment,AENM003,,TRUE,
FinancialDepartment,AENM004,,TRUE,
FinancialDepartment,AENM005,,TRUE,
FinancialDepartment,AENM006,,TRUE,
FinancialDepartment,AENM007,,TRUE,
FinancialDepartment,AETX001,,TRUE,
FinancialDepartment,AETX002,,TRUE,
FinancialDepartment,AETX003,,TRUE,
FinancialDepartment,AETX004,,TRUE,
FinancialDepartment,AETX005,,TRUE,
FinancialDepartment,AETX006,,TRUE,
FinancialDepartment,AEVE001,,TRUE,
FinancialDepartment,AEVE002,,TRUE,
FinancialDepartment,AEVE003,,TRUE,
FinancialDepartment,AFST001,,TRUE,
FinancialDepartment,AFST002,,TRUE,
FinancialDepartment,AFST003,,TRUE,
FinancialDepartment,AFST004,,TRUE,
FinancialDepartment,AFST005,,TRUE,
FinancialDepartment,AHCE001,,TRUE,
FinancialDepartment,AHCE002,,TRUE,
FinancialDepartment,AHCE003,,TRUE,
FinancialDepartment,AHCE004,,TRUE,
FinancialDepartment,AHCE005,,TRUE,
FinancialDepartment,AHCE006,,TRUE,
FinancialDepartment,AHCE007,,TRUE,
FinancialDepartment,AHCE008,,TRUE,
FinancialDepartment,ALAW001,,TRUE,
FinancialDepartment,ALAW002,,TRUE,
FinancialDepartment,ALAW003,,TRUE,
FinancialDepartment,ALAW004,,TRUE,
FinancialDepartment,ALAW005,,TRUE,
FinancialDepartment,ALAW006,,TRUE,
FinancialDepartment,ALAW007,,TRUE,
FinancialDepartment,ALAW008,,TRUE,
FinancialDepartment,ALAW009,,TRUE,
FinancialDepartment,AMCB001,,TRUE,
FinancialDepartment,AMCB002,,TRUE,
FinancialDepartment,AMCB003,,TRUE,
FinancialDepartment,AMMG001,,TRUE,
FinancialDepartment,AMMG002,,TRUE,
FinancialDepartment,AMMG003,,TRUE,
FinancialDepartment,ANPB001,,TRUE,
FinancialDepartment,ANPB002,,TRUE,
FinancialDepartment,ANPB003,,TRUE,
FinancialDepartment,ANUT001,,TRUE,
FinancialDepartment,ANUT002,,TRUE,
FinancialDepartment,ANUT003,,TRUE,
FinancialDepartment,ANUT004,,TRUE,
FinancialDepartment,ANUT005,,TRUE,
FinancialDepartment,ANUT006,,TRUE,
FinancialDepartment,APLB001,,TRUE,
FinancialDepartment,APLB002,,TRUE,
FinancialDepartment,APLB003,,TRUE,
FinancialDepartment,APLS001,,TRUE,
FinancialDepartment,APLS002,,TRUE,
FinancialDepartment,APLS003,,TRUE,
FinancialDepartment,APLS004,,TRUE,
FinancialDepartment,APLS005,,TRUE,
FinancialDepartment,APLS006,,TRUE,
FinancialDepartment,APLS007,,TRUE,
FinancialDepartment,APLS008,,TRUE,
FinancialDepartment,APLS009,,TRUE,
FinancialDepartment,APLS010,,TRUE,
FinancialDepartment,APLS011,,TRUE,
FinancialDepartment,APLS012,,TRUE,
FinancialDepartment,APLS013,,TRUE,
FinancialDepartment,APLS014,,TRUE,
FinancialDepartment,APLS015,,TRUE,
FinancialDepartment,APLS016,,TRUE,
FinancialDepartment,APLS017,,TRUE,
FinancialDepartment,APLS018,,TRUE,
FinancialDepartment,APLS019,,TRUE,
FinancialDepartment,APLS020,,TRUE,
FinancialDepartment,APLS021,,TRUE,
FinancialDepartment,APLS022,,TRUE,
FinancialDepartment,APPA001,,TRUE,
FinancialDepartment,APPA002,,TRUE,
FinancialDepartment,APPA003,,TRUE,
FinancialDepartment,APPA004,,FALSE,
FinancialDepartment,APPA005,,TRUE,
FinancialDepartment,APPA006,,TRUE,
FinancialDepartment,ASU0010,,FALSE,
FinancialDepartment,ASU0011,,FALSE,
FinancialDepartment,ASU0050,,FALSE,
FinancialDepartment,ASU0051,,FALSE,
FinancialDepartment,ASU0052,,FALSE,
FinancialDepartment,ASU0053,,FALSE,
FinancialDepartment,ASU0054,,FALSE,
FinancialDepartment,ASU0100,,FALSE,
FinancialDepartment,ASU0101,,FALSE,
FinancialDepartment,ASU0102,,FALSE,
FinancialDepartment,ASU0103,,FALSE,
FinancialDepartment,ASU0104,,FALSE,
FinancialDepartment,ASU0150,,FALSE,
FinancialDepartment,ASU0151,,FALSE,
FinancialDepartment,ASU0152,,FALSE,
FinancialDepartment,ASU0153,,FALSE,
FinancialDepartment,ASU0200,,FALSE,
FinancialDepartment,ASU0201,,FALSE,
FinancialDepartment,ASU0202,,FALSE,
FinancialDepartment,ASU0203,,FALSE,
FinancialDepartment,ASU0250,,FALSE,
FinancialDepartment,ASU0251,,FALSE,
FinancialDepartment,ASU0252,,FALSE,
FinancialDepartment,ATHL001,,FALSE,
FinancialDepartment,ATHL002,,FALSE,
FinancialDepartment,ATHL003,,FALSE,
FinancialDepartment,ATHL004,,FALSE,
FinancialDepartment,ATHL005,,FALSE,
FinancialDepartment,ATHL006,,FALSE,
FinancialDepartment,ATHL007,,FALSE,
FinancialDepartment,ATHL010,,FALSE,
FinancialDepartment,ATHL011,,FALSE,
FinancialDepartment,ATHL012,,FALSE,
FinancialDepartment,ATHL020,,FALSE,
FinancialDepartment,ATHL021,,FALSE,
FinancialDepartment,ATHL022,,FALSE,
FinancialDepartment,ATHL023,,FALSE,
FinancialDepartment,ATHL024,,FALSE,
FinancialDepartment,ATHL025,,FALSE,
FinancialDepartment,ATHL026,,FALSE,
FinancialDepartment,ATHL027,,FALSE,
FinancialDepartment,ATHL028,,FALSE,
FinancialDepartment,ATHL029,,FALSE,
FinancialDepartment,ATHL030,,FALSE,
FinancialDepartment,ATHL031,,FALSE,
FinancialDepartment,ATHL032,,FALSE,
FinancialDepartment,ATHL033,,FALSE,
FinancialDepartment,ATHL034,,FALSE,
FinancialDepartment,ATHL035,,FALSE,
FinancialDepartment,ATHL036,,FALSE,
FinancialDepartment,ATHL037,,FALSE,
FinancialDepartment,ATHL038,,FALSE,
FinancialDepartment,ATHL039,,FALSE,
FinancialDepartment,ATHL040,,FALSE,
FinancialDepartment,ATHL041,,FALSE,
FinancialDepartment,ATHL042,,FALSE,
FinancialDepartment,ATHL043,,FALSE,
FinancialDepartment,ATHL044,,FALSE,
FinancialDepartment,ATHL045,,FALSE,
FinancialDepartment,ATHL046,,FALSE,
FinancialDepartment,AUSSC01,,FALSE,
FinancialDepartment,AVIT001,,TRUE,
FinancialDepartment,AVIT002,,TRUE,
FinancialDepartment,AVIT003,,TRUE,
FinancialDepartment,AVIT004,,TRUE,
FinancialDepartment,AVIT005,,TRUE,
FinancialDepartment,AVIT006,,TRUE,
FinancialDepartment,AVIT007,,TRUE,
FinancialDepartment,AWFC001,,TRUE,
FinancialDepartment,AWFC002,,TRUE,
FinancialDepartment,AWFC003,,TRUE,
FinancialDepartment,BCBS001,,TRUE,
FinancialDepartment,BCBS002,,TRUE,
FinancialDepartment,BCBS003,,TRUE,
FinancialDepartment,BCBS004,,TRUE,
FinancialDepartment,BCBS005,,TRUE,
FinancialDepartment,BCBS006,,TRUE,
FinancialDepartment,BCBS007,,TRUE,
FinancialDepartment,BCBS008,,TRUE,
FinancialDepartment,BCBS009,,TRUE,
FinancialDepartment,BCNS001,,TRUE,
FinancialDepartment,BCNS003,,TRUE,
FinancialDepartment,BCPB001,,TRUE,
FinancialDepartment,BEVE001,,TRUE,
FinancialDepartment,BEVE002,,TRUE,
FinancialDepartment,BEVE003,,TRUE,
FinancialDepartment,BEVE004,,TRUE,
FinancialDepartment,BGEN001,,TRUE,
FinancialDepartment,BGEN002,,TRUE,
FinancialDepartment,BGEN003,,TRUE,
FinancialDepartment,BGEN004,,TRUE,
FinancialDepartment,BGEN005,,TRUE,
FinancialDepartment,BGEN006,,TRUE,
FinancialDepartment,BGEN007,,TRUE,
FinancialDepartment,BGEN008,,TRUE,
FinancialDepartment,BGEN009,,TRUE,
FinancialDepartment,BGEN010,,TRUE,
FinancialDepartment,BMCB001,,TRUE,
FinancialDepartment,BMCB002,,TRUE,
FinancialDepartment,BMCB003,,TRUE,
FinancialDepartment,BMCB004,,TRUE,
FinancialDepartment,BMCB005,,TRUE,
FinancialDepartment,BMMG001,,TRUE,
FinancialDepartment,BMMG002,,TRUE,
FinancialDepartment,BMMG003,,TRUE,
FinancialDepartment,BN00001,,FALSE,
FinancialDepartment,BN00002,,FALSE,
FinancialDepartment,BN00003,,FALSE,
FinancialDepartment,BNPB001,,TRUE,
FinancialDepartment,BNPB002,,TRUE,
FinancialDepartment,BNPB003,,TRUE,
FinancialDepartment,BPLB001,,TRUE,
FinancialDepartment,BPLB002,,TRUE,
FinancialDepartment,BPLB003,,TRUE,
FinancialDepartment,BPLB004,,TRUE,
FinancialDepartment,BPLB005,,TRUE,
FinancialDepartment,BRMP000,,FALSE,
FinancialDepartment,BRMP001,,FALSE,
FinancialDepartment,BSDF001,,TRUE,
FinancialDepartment,BSDF004,,TRUE,
FinancialDepartment,BSDF005,,TRUE,
FinancialDepartment,BSDF006,,TRUE,
FinancialDepartment,BSDF007,,TRUE,
FinancialDepartment,BSDF008,,TRUE,
FinancialDepartment,BSDF009,,TRUE,
FinancialDepartment,BSDF010,,TRUE,
FinancialDepartment,BSDF011,,TRUE,
FinancialDepartment,BSDF012,,TRUE,
FinancialDepartment,BSDF013,,TRUE,
FinancialDepartment,BSDF014,,TRUE,
FinancialDepartment,CAPL000,,FALSE,
FinancialDepartment,CESS000,,FALSE,
FinancialDepartment,CESS001,,FALSE,
FinancialDepartment,CFPR000,,FALSE,
FinancialDepartment,CPAP000,,FALSE,
FinancialDepartment,CPAP001,,FALSE,
FinancialDepartment,CPAP002,,FALSE,
FinancialDepartment,CPES000,,FALSE,
FinancialDepartment,CPES001,,FALSE,
FinancialDepartment,CPES002,,FALSE,
FinancialDepartment,CPES003,,FALSE,
FinancialDepartment,CPES004,,FALSE,
FinancialDepartment,CPES005,,FALSE,
FinancialDepartment,CPES006,,FALSE,
FinancialDepartment,CPTP000,,FALSE,
FinancialDepartment,CPTP001,,FALSE,
FinancialDepartment,CPTP002,,FALSE,
FinancialDepartment,CPTP003,,FALSE,
FinancialDepartment,CR00000,,FALSE,
FinancialDepartment,CR00001,,FALSE,
FinancialDepartment,CR00002,,FALSE,
FinancialDepartment,CR00003,,FALSE,
FinancialDepartment,CR00004,,FALSE,
FinancialDepartment,CR00050,,FALSE,
FinancialDepartment,CR00051,,FALSE,
FinancialDepartment,CR00052,,FALSE,
FinancialDepartment,CR00053,,FALSE,
FinancialDepartment,CR00054,,FALSE,
FinancialDepartment,CR00055,,FALSE,
FinancialDepartment,CR00056,,FALSE,
FinancialDepartment,CR00057,,FALSE,
FinancialDepartment,CR00058,,FALSE,
FinancialDepartment,CR00059,,FALSE,
FinancialDepartment,CR00060,,FALSE,
FinancialDepartment,CR00061,,FALSE,
FinancialDepartment,CR00062,,FALSE,
FinancialDepartment,CR00200,,FALSE,
FinancialDepartment,CR00201,,FALSE,
FinancialDepartment,CR00202,,FALSE,
FinancialDepartment,CRC0300,,FALSE,
FinancialDepartment,CRC0301,,FALSE,
FinancialDepartment,CRC0302,,FALSE,
FinancialDepartment,CRC0303,,FALSE,
FinancialDepartment,CRC0304,,FALSE,
FinancialDepartment,CRC0305,,FALSE,
FinancialDepartment,CRC0306,,FALSE,
FinancialDepartment,CRC0307,,FALSE,
FinancialDepartment,CRC0308,,FALSE,
FinancialDepartment,CRC0309,,FALSE,
FinancialDepartment,CREM000,,FALSE,
FinancialDepartment,CREM001,,FALSE,
FinancialDepartment,CREM002,,FALSE,
FinancialDepartment,CREM003,,FALSE,
FinancialDepartment,CREM004,,FALSE,
FinancialDepartment,CREM005,,FALSE,
FinancialDepartment,CREM006,,FALSE,
FinancialDepartment,CREM007,,FALSE,
FinancialDepartment,CREM008,,FALSE,
FinancialDepartment,CREM009,,FALSE,
FinancialDepartment,CREM010,,FALSE,
FinancialDepartment,CREM011,,FALSE,
FinancialDepartment,CREM012,,FALSE,
FinancialDepartment,CREM013,,FALSE,
FinancialDepartment,CREM014,,FALSE,
FinancialDepartment,DCCP000,,FALSE,
FinancialDepartment,DCMS000,,FALSE,
FinancialDepartment,DCMS001,,FALSE,
FinancialDepartment,DCMS002,,FALSE,
FinancialDepartment,DCMS003,,FALSE,
FinancialDepartment,DCMS004,,FALSE,
FinancialDepartment,DCMS005,,FALSE,
FinancialDepartment,DCNO000,,FALSE,
FinancialDepartment,DCRS000,,FALSE,
FinancialDepartment,DCRS001,,FALSE,
FinancialDepartment,DCSP000,,FALSE,
FinancialDepartment,EBAE111,,FALSE,
FinancialDepartment,EBAE112,,FALSE,
FinancialDepartment,EBAE113,,FALSE,
FinancialDepartment,EBAE114,,FALSE,
FinancialDepartment,EBAE115,,FALSE,
FinancialDepartment,EBME121,,FALSE,
FinancialDepartment,EBME122,,FALSE,
FinancialDepartment,EBME123,,FALSE,
FinancialDepartment,EBME124,,FALSE,
FinancialDepartment,EBME131,,FALSE,
FinancialDepartment,EBME132,,FALSE,
FinancialDepartment,EBME133,,FALSE,
FinancialDepartment,EBME134,,FALSE,
FinancialDepartment,EBME135,,FALSE,
FinancialDepartment,ECEE181,,FALSE,
FinancialDepartment,ECEE182,,FALSE,
FinancialDepartment,ECEE183,,FALSE,
FinancialDepartment,ECEE184,,FALSE,
FinancialDepartment,ECEE185,,FALSE,
FinancialDepartment,ECEE186,,FALSE,
FinancialDepartment,ECEE187,,FALSE,
FinancialDepartment,ECEE188,,FALSE,
FinancialDepartment,ECEE189,,FALSE,
FinancialDepartment,ECHE161,,FALSE,
FinancialDepartment,ECHE162,,FALSE,
FinancialDepartment,ECHE163,,FALSE,
FinancialDepartment,ECHE164,,FALSE,
FinancialDepartment,ECHE165,,FALSE,
FinancialDepartment,ECHM151,,FALSE,
FinancialDepartment,ECOE011,,FALSE,
FinancialDepartment,ECOE012,,FALSE,
FinancialDepartment,ECOE013,,FALSE,
FinancialDepartment,ECOE014,,FALSE,
FinancialDepartment,ECOE015,,FALSE,
FinancialDepartment,ECOE016,,FALSE,
FinancialDepartment,ECOE017,,FALSE,
FinancialDepartment,ECOE018,,FALSE,
FinancialDepartment,ECOE019,,FALSE,
FinancialDepartment,ECOE020,,FALSE,
FinancialDepartment,ECOE021,,FALSE,
FinancialDepartment,ECOE022,,FALSE,
FinancialDepartment,ECOE023,,FALSE,
FinancialDepartment,ECOE024,,FALSE,
FinancialDepartment,ECOE025,,FALSE,
FinancialDepartment,ECOE026,,FALSE,
FinancialDepartment,ECOE031,,FALSE,
FinancialDepartment,ECOE032,,FALSE,
FinancialDepartment,ECOE033,,FALSE,
FinancialDepartment,ECOE034,,FALSE,
FinancialDepartment,ECOE035,,FALSE,
FinancialDepartment,ECOE036,,FALSE,
FinancialDepartment,ECOE081,,FALSE,
FinancialDepartment,ECOE091,,FALSE,
FinancialDepartment,ECSE231,,FALSE,
FinancialDepartment,ECSE232,,FALSE,
FinancialDepartment,ECSE233,,FALSE,
FinancialDepartment,ECSE234,,FALSE,
FinancialDepartment,ECSE235,,FALSE,
FinancialDepartment,EECE221,,FALSE,
FinancialDepartment,EECE222,,FALSE,
FinancialDepartment,EECE223,,FALSE,
FinancialDepartment,EECE224,,FALSE,
FinancialDepartment,EECE225,,FALSE,
FinancialDepartment,EMAE261,,FALSE,
FinancialDepartment,EMAE262,,FALSE,
FinancialDepartment,EMAE263,,FALSE,
FinancialDepartment,EMAE264,,FALSE,
FinancialDepartment,EMAE265,,FALSE,
FinancialDepartment,EMAE266,,FALSE,
FinancialDepartment,EMSE251,,FALSE,
FinancialDepartment,EMSE252,,FALSE,
FinancialDepartment,EMSE253,,FALSE,
FinancialDepartment,EMSE254,,FALSE,
FinancialDepartment,EMSE255,,FALSE,
FinancialDepartment,EMSE256,,FALSE,
FinancialDepartment,EOES001,,FALSE,
FinancialDepartment,EOES002,,FALSE,
FinancialDepartment,EOES003,,FALSE,
FinancialDepartment,EOES004,,FALSE,
FinancialDepartment,EOES005,,FALSE,
FinancialDepartment,EOES006,,FALSE,
FinancialDepartment,EOES007,,FALSE,
FinancialDepartment,EOES008,,FALSE,
FinancialDepartment,EOES009,,FALSE,
FinancialDepartment,EOES010,,FALSE,
FinancialDepartment,EOES011,,FALSE,
FinancialDepartment,EOES012,,FALSE,
FinancialDepartment,EOES013,,FALSE,
FinancialDepartment,EOES014,,FALSE,
FinancialDepartment,FDFD000,,FALSE,
FinancialDepartment,FDFD001,,FALSE,
FinancialDepartment,FDFD002,,FALSE,
FinancialDepartment,FMAM000,,FALSE,
FinancialDepartment,FMAM001,,FALSE,
FinancialDepartment,FMAM002,,FALSE,
FinancialDepartment,FMAM003,,FALSE,
FinancialDepartment,FMAM004,,FALSE,
FinancialDepartment,FMBM000,,FALSE,
FinancialDepartment,FMBM001,,FALSE,
FinancialDepartment,FMBM002,,FALSE,
FinancialDepartment,FMBM003,,FALSE,
FinancialDepartment,FMBM004,,FALSE,
FinancialDepartment,FMBM005,,FALSE,
FinancialDepartment,FMBM006,,FALSE,
FinancialDepartment,FMCS000,,FALSE,
FinancialDepartment,FMCS001,,FALSE,
FinancialDepartment,FMDM000,,FALSE,
FinancialDepartment,FMEE000,,FALSE,
FinancialDepartment,FMEE001,,FALSE,
FinancialDepartment,FMEE002,,FALSE,
FinancialDepartment,FMEE003,,FALSE,
FinancialDepartment,FMEE004,,FALSE,
FinancialDepartment,FMEE005,,FALSE,
FinancialDepartment,FMEE006,,FALSE,
FinancialDepartment,FMFS000,,FALSE,
FinancialDepartment,FMFS001,,FALSE,
FinancialDepartment,FMFS002,,FALSE,
FinancialDepartment,FMOS000,,FALSE,
FinancialDepartment,FMOS001,,FALSE,
FinancialDepartment,FMOS002,,FALSE,
FinancialDepartment,FMOS003,,FALSE,
FinancialDepartment,FMUS000,,FALSE,
FinancialDepartment,FMUS001,,FALSE,
FinancialDepartment,FMUS002,,FALSE,
FinancialDepartment,FMUS003,,FALSE,
FinancialDepartment,FMUS004,,FALSE,
FinancialDepartment,FMUS005,,FALSE,
FinancialDepartment,FMUS006,,FALSE,
FinancialDepartment,FMVO000,,FALSE,
FinancialDepartment,FNAC000,,FALSE,
FinancialDepartment,FNAC001,,FALSE,
FinancialDepartment,FNAC002,,FALSE,
FinancialDepartment,FNAC003,,FALSE,
FinancialDepartment,FNAC004,,FALSE,
FinancialDepartment,FNAC005,,FALSE,
FinancialDepartment,FNAC006,,FALSE,
FinancialDepartment,FODR000,,FALSE,
FinancialDepartment,FODR001,,FALSE,
FinancialDepartment,FODR002,,FALSE,
FinancialDepartment,FODR003,,FALSE,
FinancialDepartment,FODR004,,FALSE,
FinancialDepartment,HMRC000,,FALSE,
FinancialDepartment,HMRC001,,FALSE,
FinancialDepartment,HRLR000,,FALSE,
FinancialDepartment,HRLR001,,FALSE,
FinancialDepartment,HRLR002,,FALSE,
FinancialDepartment,HROE000,,FALSE,
FinancialDepartment,HROE001,,FALSE,
FinancialDepartment,HRSS000,,FALSE,
FinancialDepartment,HRSS001,,FALSE,
FinancialDepartment,HRSS002,,FALSE,
FinancialDepartment,HRTR000,,FALSE,
FinancialDepartment,HRTR001,,FALSE,
FinancialDepartment,HRTR002,,FALSE,
FinancialDepartment,HRTR003,,FALSE,
FinancialDepartment,HRTR004,,FALSE,
FinancialDepartment,HRTR005,,FALSE,
FinancialDepartment,HRWS000,,FALSE,
FinancialDepartment,ICC0010,,FALSE,
FinancialDepartment,IETAA01,,FALSE,
FinancialDepartment,IETAP01,,FALSE,
FinancialDepartment,IETAP02,,FALSE,
FinancialDepartment,IETAP03,,FALSE,
FinancialDepartment,IETAP04,,FALSE,
FinancialDepartment,IETAP05,,FALSE,
FinancialDepartment,IETBF01,,FALSE,
FinancialDepartment,IETCS01,,FALSE,
FinancialDepartment,IETCS02,,FALSE,
FinancialDepartment,IETCS03,,FALSE,
FinancialDepartment,IETCS04,,FALSE,
FinancialDepartment,IETCS05,,FALSE,
FinancialDepartment,IETCS06,,FALSE,
FinancialDepartment,IETCS07,,FALSE,
FinancialDepartment,IETCS08,,FALSE,
FinancialDepartment,IETCT01,,FALSE,
FinancialDepartment,IETCT02,,FALSE,
FinancialDepartment,IETCT03,,FALSE,
FinancialDepartment,IETCT04,,FALSE,
FinancialDepartment,IETCT05,,FALSE,
FinancialDepartment,IETEI01,,FALSE,
FinancialDepartment,IETEM01,,FALSE,
FinancialDepartment,IETEM02,,FALSE,
FinancialDepartment,IETES01,,FALSE,
FinancialDepartment,IETHR01,,FALSE,
FinancialDepartment,IETIM01,,FALSE,
FinancialDepartment,IETIN01,,FALSE,
FinancialDepartment,IETIN02,,FALSE,
FinancialDepartment,IETIN03,,FALSE,
FinancialDepartment,IETIN04,,FALSE,
FinancialDepartment,IETIN05,,FALSE,
FinancialDepartment,IETIS01,,FALSE,
FinancialDepartment,IETOP01,,FALSE,
FinancialDepartment,IETPM01,,FALSE,
FinancialDepartment,IETSF01,,FALSE,
FinancialDepartment,IETSF02,,FALSE,
FinancialDepartment,IETTL01,,FALSE,
FinancialDepartment,IETVP01,,FALSE,
FinancialDepartment,LAAS001,,FALSE,
FinancialDepartment,LAAS002,,FALSE,
FinancialDepartment,LAAS003,,FALSE,
FinancialDepartment,LAHI001,,FALSE,
FinancialDepartment,LAHI002,,FALSE,
FinancialDepartment,LAHI003,,FALSE,
FinancialDepartment,LAHI004,,FALSE,
FinancialDepartment,LAMS001,,FALSE,
FinancialDepartment,LAMS002,,FALSE,
FinancialDepartment,LAMS003,,FALSE,
FinancialDepartment,LANT001,,FALSE,
FinancialDepartment,LANT002,,FALSE,
FinancialDepartment,LANT003,,FALSE,
FinancialDepartment,LANT004,,FALSE,
FinancialDepartment,LANT101,,FALSE,
FinancialDepartment,LAPM001,,FALSE,
FinancialDepartment,LARB001,,FALSE,
FinancialDepartment,LARB002,,FALSE,
FinancialDepartment,LASA001,,FALSE,
FinancialDepartment,LASA002,,FALSE,
FinancialDepartment,LASA003,,FALSE,
FinancialDepartment,LASA101,,FALSE,
FinancialDepartment,LAST001,,FALSE,
FinancialDepartment,LAST002,,FALSE,
FinancialDepartment,LAST003,,FALSE,
FinancialDepartment,LAST004,,FALSE,
FinancialDepartment,LBST001,,FALSE,
FinancialDepartment,LCAI001,,FALSE,
FinancialDepartment,LCAI003,,FALSE,
FinancialDepartment,LCDM001,,FALSE,
FinancialDepartment,LCDM002,,FALSE,
FinancialDepartment,LCDM003,,FALSE,
FinancialDepartment,LCGS001,,FALSE,
FinancialDepartment,LCGS002,,FALSE,
FinancialDepartment,LCGS003,,FALSE,
FinancialDepartment,LCHC001,,FALSE,
FinancialDepartment,LCHE001,,FALSE,
FinancialDepartment,LCHE002,,FALSE,
FinancialDepartment,LCHE003,,FALSE,
FinancialDepartment,LCHE004,,FALSE,
FinancialDepartment,LCHE005,,FALSE,
FinancialDepartment,LCHE901,,FALSE,
FinancialDepartment,LCHE902,,FALSE,
FinancialDepartment,LCHE903,,FALSE,
FinancialDepartment,LCHI001,,FALSE,
FinancialDepartment,LCHI002,,FALSE,
FinancialDepartment,LCHI003,,FALSE,
FinancialDepartment,LCHI101,,FALSE,
FinancialDepartment,LCHN001,,FALSE,
FinancialDepartment,LCHN002,,FALSE,
FinancialDepartment,LCHS001,,FALSE,
FinancialDepartment,LCHS003,,FALSE,
FinancialDepartment,LCIS001,,FALSE,
FinancialDepartment,LCLA001,,FALSE,
FinancialDepartment,LCLA002,,FALSE,
FinancialDepartment,LCLA003,,FALSE,
FinancialDepartment,LCLC001,,FALSE,
FinancialDepartment,LCLC002,,FALSE,
FinancialDepartment,LCLC003,,FALSE,
FinancialDepartment,LCMB001,,FALSE,
FinancialDepartment,LCMB002,,FALSE,
FinancialDepartment,LCMB003,,FALSE,
FinancialDepartment,LCMN001,,FALSE,
FinancialDepartment,LCMN002,,FALSE,
FinancialDepartment,LCMN003,,FALSE,
FinancialDepartment,LCMN004,,FALSE,
FinancialDepartment,LCMP001,,FALSE,
FinancialDepartment,LCMP003,,FALSE,
FinancialDepartment,LCNL001,,FALSE,
FinancialDepartment,LCNL003,,FALSE,
FinancialDepartment,LCNL901,,FALSE,
FinancialDepartment,LCNL902,,FALSE,
FinancialDepartment,LCOM001,,FALSE,
FinancialDepartment,LCOM002,,FALSE,
FinancialDepartment,LCOM003,,FALSE,
FinancialDepartment,LCOM004,,FALSE,
FinancialDepartment,LCOS001,,FALSE,
FinancialDepartment,LCOS003,,FALSE,
FinancialDepartment,LCPR001,,FALSE,
FinancialDepartment,LCPR003,,FALSE,
FinancialDepartment,LCRI001,,FALSE,
FinancialDepartment,LCST001,,FALSE,
FinancialDepartment,LCTM001,,FALSE,
FinancialDepartment,LDES001,,FALSE,
FinancialDepartment,LDES002,,FALSE,
FinancialDepartment,LDES003,,FALSE,
FinancialDepartment,LDES004,,FALSE,
FinancialDepartment,LDES101,,FALSE,
FinancialDepartment,LDHI001,,FALSE,
FinancialDepartment,LDHI002,,FALSE,
FinancialDepartment,LDHI003,,FALSE,
FinancialDepartment,LDLC001,,FALSE,
FinancialDepartment,LDLC002,,FALSE,
FinancialDepartment,LDLC003,,FALSE,
FinancialDepartment,LDRA001,,FALSE,
FinancialDepartment,LDRA002,,FALSE,
FinancialDepartment,LDRA003,,FALSE,
FinancialDepartment,LDRA004,,FALSE,
FinancialDepartment,LDRA901,,FALSE,
FinancialDepartment,LDSC001,,FALSE,
FinancialDepartment,LDSC002,,FALSE,
FinancialDepartment,LDSI001,,FALSE,
FinancialDepartment,LDSI002,,FALSE,
FinancialDepartment,LDSI003,,FALSE,
FinancialDepartment,LEAL001,,FALSE,
FinancialDepartment,LEAL003,,FALSE,
FinancialDepartment,LEAS001,,FALSE,
FinancialDepartment,LEAS002,,FALSE,
FinancialDepartment,LEAS003,,FALSE,
FinancialDepartment,LECN001,,FALSE,
FinancialDepartment,LECN002,,FALSE,
FinancialDepartment,LECN003,,FALSE,
FinancialDepartment,LECN004,,FALSE,
FinancialDepartment,LEHR000,,FALSE,
FinancialDepartment,LENL001,,FALSE,
FinancialDepartment,LENL002,,FALSE,
FinancialDepartment,LENL003,,FALSE,
FinancialDepartment,LENL004,,FALSE,
FinancialDepartment,LENL005,,FALSE,
FinancialDepartment,LEPC001,,FALSE,
FinancialDepartment,LEPS001,,FALSE,
FinancialDepartment,LEPS002,,FALSE,
FinancialDepartment,LEPS003,,FALSE,
FinancialDepartment,LEPS004,,FALSE,
FinancialDepartment,LEPS901,,FALSE,
FinancialDepartment,LEPS902,,FALSE,
FinancialDepartment,LEPS903,,FALSE,
FinancialDepartment,LEPS904,,FALSE,
FinancialDepartment,LFAI001,,FALSE,
FinancialDepartment,LFAI003,,FALSE,
FinancialDepartment,LFRE001,,FALSE,
FinancialDepartment,LFRE002,,FALSE,
FinancialDepartment,LFRE004,,FALSE,
FinancialDepartment,LGAR001,,FALSE,
FinancialDepartment,LGAR003,,FALSE,
FinancialDepartment,LGER001,,FALSE,
FinancialDepartment,LGER002,,FALSE,
FinancialDepartment,LGER004,,FALSE,
FinancialDepartment,LGMC001,,FALSE,
FinancialDepartment,LGMC003,,FALSE,
FinancialDepartment,LGRM001,,FALSE,
FinancialDepartment,LGRM003,,FALSE,
FinancialDepartment,LGSW001,,FALSE,
FinancialDepartment,LGSW002,,FALSE,
FinancialDepartment,LGSW003,,FALSE,
FinancialDepartment,LGSW004,,FALSE,
FinancialDepartment,LHEB001,,FALSE,
FinancialDepartment,LHEB002,,FALSE,
FinancialDepartment,LHIA001,,FALSE,
FinancialDepartment,LHIA002,,FALSE,
FinancialDepartment,LHIA003,,FALSE,
FinancialDepartment,LHIN001,,FALSE,
FinancialDepartment,LHIN002,,FALSE,
FinancialDepartment,LHIP001,,FALSE,
FinancialDepartment,LHIS001,,FALSE,
FinancialDepartment,LHIS002,,FALSE,
FinancialDepartment,LHIS003,,FALSE,
FinancialDepartment,LHIS004,,FALSE,
FinancialDepartment,LHMR001,,FALSE,
FinancialDepartment,LHMR002,,FALSE,
FinancialDepartment,LHMR003,,FALSE,
FinancialDepartment,LHPR001,,FALSE,
FinancialDepartment,LHPR003,,FALSE,
FinancialDepartment,LHUM001,,FALSE,
FinancialDepartment,LHUM002,,FALSE,
FinancialDepartment,LHUM003,,FALSE,
FinancialDepartment,LIPN001,,FALSE,
FinancialDepartment,LIPN002,,FALSE,
FinancialDepartment,LIPN003,,FALSE,
FinancialDepartment,LITA001,,FALSE,
FinancialDepartment,LITA002,,FALSE,
FinancialDepartment,LJES001,,FALSE,
FinancialDepartment,LJES002,,FALSE,
FinancialDepartment,LJES003,,FALSE,
FinancialDepartment,LJPN001,,FALSE,
FinancialDepartment,LJPN002,,FALSE,
FinancialDepartment,LLIN001,,FALSE,
FinancialDepartment,LLIN002,,FALSE,
FinancialDepartment,LLIN003,,FALSE,
FinancialDepartment,LLIN004,,FALSE,
FinancialDepartment,LLSB001,,FALSE,
FinancialDepartment,LLSG001,,FALSE,
FinancialDepartment,LLSO001,,FALSE,
FinancialDepartment,LLSY001,,FALSE,
FinancialDepartment,LMAC001,,FALSE,
FinancialDepartment,LMAT001,,FALSE,
FinancialDepartment,LMAT002,,FALSE,
FinancialDepartment,LMAT003,,FALSE,
FinancialDepartment,LMAT004,,FALSE,
FinancialDepartment,LMEM001,,FALSE,
FinancialDepartment,LMEM002,,FALSE,
FinancialDepartment,LMEM003,,FALSE,
FinancialDepartment,LMIL001,,FALSE,
FinancialDepartment,LMIL002,,FALSE,
FinancialDepartment,LMIL003,,FALSE,
FinancialDepartment,LMSA001,,FALSE,
FinancialDepartment,LMSA002,,FALSE,
FinancialDepartment,LMSA003,,FALSE,
FinancialDepartment,LMUS001,,FALSE,
FinancialDepartment,LMUS002,,FALSE,
FinancialDepartment,LMUS003,,FALSE,
FinancialDepartment,LMUS004,,FALSE,
FinancialDepartment,LMUS901,,FALSE,
FinancialDepartment,LMUS902,,FALSE,
FinancialDepartment,LNAS001,,FALSE,
FinancialDepartment,LNAS002,,FALSE,
FinancialDepartment,LNAS003,,FALSE,
FinancialDepartment,LNAS004,,FALSE,
FinancialDepartment,LNAS101,,FALSE,
FinancialDepartment,LNAS111,,FALSE,
FinancialDepartment,LPER001,,FALSE,
FinancialDepartment,LPER002,,FALSE,
FinancialDepartment,LPFS001,,FALSE,
FinancialDepartment,LPHC001,,FALSE,
FinancialDepartment,LPHI001,,FALSE,
FinancialDepartment,LPHI002,,FALSE,
FinancialDepartment,LPHI003,,FALSE,
FinancialDepartment,LPHI004,,FALSE,
FinancialDepartment,LPHY001,,FALSE,
FinancialDepartment,LPHY002,,FALSE,
FinancialDepartment,LPHY003,,FALSE,
FinancialDepartment,LPHY004,,FALSE,
FinancialDepartment,LPHY101,,FALSE,
FinancialDepartment,LPHY111,,FALSE,
FinancialDepartment,LPHY901,,FALSE,
FinancialDepartment,LPOL001,,FALSE,
FinancialDepartment,LPOL002,,FALSE,
FinancialDepartment,LPOL003,,FALSE,
FinancialDepartment,LPOL004,,FALSE,
FinancialDepartment,LPOR001,,FALSE,
FinancialDepartment,LPOR002,,FALSE,
FinancialDepartment,LPSC001,,FALSE,
FinancialDepartment,LPSC002,,FALSE,
FinancialDepartment,LPSC003,,FALSE,
FinancialDepartment,LPSC004,,FALSE,
FinancialDepartment,LPSC901,,FALSE,
FinancialDepartment,LPSE001,,FALSE,
FinancialDepartment,LPSE003,,FALSE,
FinancialDepartment,LPUN001,,FALSE,
FinancialDepartment,LPUN002,,FALSE,
FinancialDepartment,LREL001,,FALSE,
FinancialDepartment,LREL002,,FALSE,
FinancialDepartment,LREL003,,FALSE,
FinancialDepartment,LREL004,,FALSE,
FinancialDepartment,LRUS001,,FALSE,
FinancialDepartment,LRUS002,,FALSE,
FinancialDepartment,LSAP001,,FALSE,
FinancialDepartment,LSAP003,,FALSE,
FinancialDepartment,LSDA001,,FALSE,
FinancialDepartment,LSDE001,,FALSE,
FinancialDepartment,LSDG001,,FALSE,
FinancialDepartment,LSDP001,,FALSE,
FinancialDepartment,LSDX001,,FALSE,
FinancialDepartment,LSIT001,,FALSE,
FinancialDepartment,LSMK001,,FALSE,
FinancialDepartment,LSOC001,,FALSE,
FinancialDepartment,LSOC002,,FALSE,
FinancialDepartment,LSOC003,,FALSE,
FinancialDepartment,LSOC004,,FALSE,
FinancialDepartment,LSPA001,,FALSE,
FinancialDepartment,LSPA002,,FALSE,
FinancialDepartment,LSPA004,,FALSE,
FinancialDepartment,LSPR001,,FALSE,
FinancialDepartment,LSRS001,,FALSE,
FinancialDepartment,LSSP001,,FALSE,
FinancialDepartment,LSTA001,,FALSE,
FinancialDepartment,LSTA002,,FALSE,
FinancialDepartment,LSTA003,,FALSE,
FinancialDepartment,LSTA004,,FALSE,
FinancialDepartment,LSTA901,,FALSE,
FinancialDepartment,LSTC001,,FALSE,
FinancialDepartment,LSTS001,,FALSE,
FinancialDepartment,LSTS002,,FALSE,
FinancialDepartment,LSTS003,,FALSE,
FinancialDepartment,LSUE001,,FALSE,
FinancialDepartment,LTAG001,,FALSE,
FinancialDepartment,LUWP001,,FALSE,
FinancialDepartment,LUWP002,,FALSE,
FinancialDepartment,LUWP003,,FALSE,
FinancialDepartment,LVAU001,,FALSE,
FinancialDepartment,LWPA001,,FALSE,
FinancialDepartment,LWPA003,,FALSE,
FinancialDepartment,PDPD000,,FALSE,
FinancialDepartment,PDPD001,,FALSE,
FinancialDepartment,PDPD002,,FALSE,
FinancialDepartment,PDPD003,,FALSE,
FinancialDepartment,PDPD004,,FALSE,
FinancialDepartment,PDPD005,,FALSE,
FinancialDepartment,PDPD006,,FALSE,
FinancialDepartment,RSSCS01,,FALSE,
FinancialDepartment,RSSCS02,,FALSE,
FinancialDepartment,RSSIT01,,FALSE,
FinancialDepartment,RSSIT02,,FALSE,
FinancialDepartment,RSSIT03,,FALSE,
FinancialDepartment,RSSIT04,,FALSE,
FinancialDepartment,RSSIT05,,FALSE,
FinancialDepartment,RSSMG01,,FALSE,
FinancialDepartment,RSSMG02,,FALSE,
FinancialDepartment,RSSMG03,,FALSE,
FinancialDepartment,RSSOP01,,FALSE,
FinancialDepartment,RSSOP02,,FALSE,
FinancialDepartment,RSSSD01,,FALSE,
FinancialDepartment,RSSSM01,,FALSE,
FinancialDepartment,RSSSM02,,FALSE,
FinancialDepartment,RSSSM03,,FALSE,
FinancialDepartment,SA00001,,FALSE,
FinancialDepartment,SA00002,,FALSE,
FinancialDepartment,SA00003,,FALSE,
FinancialDepartment,SA00004,,FALSE,
FinancialDepartment,SA00005,,FALSE,
FinancialDepartment,SA00006,,FALSE,
FinancialDepartment,SA00007,,FALSE,
FinancialDepartment,SA00010,,FALSE,
FinancialDepartment,SA00030,,FALSE,
FinancialDepartment,SA00031,,FALSE,
FinancialDepartment,SA00032,,FALSE,
FinancialDepartment,SA00033,,FALSE,
FinancialDepartment,SA00034,,FALSE,
FinancialDepartment,SA00035,,FALSE,
FinancialDepartment,SA00036,,FALSE,
FinancialDepartment,SA00037,,FALSE,
FinancialDepartment,SA00040,,FALSE,
FinancialDepartment,SA00041,,FALSE,
FinancialDepartment,SA00100,,FALSE,
FinancialDepartment,SA00101,,FALSE,
FinancialDepartment,SA00102,,FALSE,
FinancialDepartment,SA00103,,FALSE,
FinancialDepartment,SA00104,,FALSE,
FinancialDepartment,SA00154,,FALSE,
FinancialDepartment,SCDS000,,FALSE,
FinancialDepartment,SCMD000,,FALSE,
FinancialDepartment,SCMS000,,FALSE,
FinancialDepartment,SCPP000,,FALSE,
FinancialDepartment,SCPS000,,FALSE,
FinancialDepartment,SCRP000,,FALSE,
FinancialDepartment,SCSF000,,FALSE,
FinancialDepartment,SCSH000,,FALSE,
FinancialDepartment,SCSH001,,FALSE,
FinancialDepartment,SCSH002,,FALSE,
FinancialDepartment,SCSH003,,FALSE,
FinancialDepartment,SCSH004,,FALSE,
FinancialDepartment,SCSH005,,FALSE,
FinancialDepartment,SCSR000,,FALSE,
FinancialDepartment,SH00010,,FALSE,
FinancialDepartment,SH00011,,FALSE,
FinancialDepartment,SH00012,,FALSE,
FinancialDepartment,SH00013,,FALSE,
FinancialDepartment,SHCS000,,FALSE,
FinancialDepartment,SHCS001,,FALSE,
FinancialDepartment,SHCS002,,FALSE,
FinancialDepartment,SHCS003,,FALSE,
FinancialDepartment,SHCS004,,FALSE,
FinancialDepartment,SHCS005,,FALSE,
FinancialDepartment,SHCS006,,FALSE,
FinancialDepartment,SHCS007,,FALSE,
FinancialDepartment,SHCS008,,FALSE,
FinancialDepartment,SHCS009,,FALSE,
FinancialDepartment,SHCS010,,FALSE,
FinancialDepartment,SHCS011,,FALSE,
FinancialDepartment,SHCS012,,FALSE,
FinancialDepartment,SHCS100,,FALSE,
FinancialDepartment,SHCS101,,FALSE,
FinancialDepartment,SHCS102,,FALSE,
FinancialDepartment,SHCS103,,FALSE,
FinancialDepartment,SHCS104,,FALSE,
FinancialDepartment,SHCS105,,FALSE,
FinancialDepartment,SHCS106,,FALSE,
FinancialDepartment,SHCS107,,FALSE,
FinancialDepartment,SHCS108,,FALSE,
FinancialDepartment,SHCS109,,FALSE,
FinancialDepartment,SHCS110,,FALSE,
FinancialDepartment,SHCS111,,FALSE,
FinancialDepartment,SHCS112,,FALSE,
FinancialDepartment,SHCS113,,FALSE,
FinancialDepartment,SHCS114,,FALSE,
FinancialDepartment,SHCS115,,FALSE,
FinancialDepartment,SHCS116,,FALSE,
FinancialDepartment,SHCS117,,FALSE,
FinancialDepartment,SHCS118,,FALSE,
FinancialDepartment,SHCS119,,FALSE,
FinancialDepartment,SHCS120,,FALSE,
FinancialDepartment,SHCS121,,FALSE,
FinancialDepartment,SHCS122,,FALSE,
FinancialDepartment,SHCS123,,FALSE,
FinancialDepartment,SHCS124,,FALSE,
FinancialDepartment,SHCS125,,FALSE,
FinancialDepartment,SHCS150,,FALSE,
FinancialDepartment,SHCS151,,FALSE,
FinancialDepartment,SHCS152,,FALSE,
FinancialDepartment,SHCS153,,FALSE,
FinancialDepartment,SHDS000,,FALSE,
FinancialDepartment,SHDS001,,FALSE,
FinancialDepartment,SHDS002,,FALSE,
FinancialDepartment,SHDS050,,FALSE,
FinancialDepartment,SHDS051,,FALSE,
FinancialDepartment,SHDS052,,FALSE,
FinancialDepartment,SHDS053,,FALSE,
FinancialDepartment,SHDS054,,FALSE,
FinancialDepartment,SHDS055,,FALSE,
FinancialDepartment,SHDS056,,FALSE,
FinancialDepartment,SHDS057,,FALSE,
FinancialDepartment,SHDS058,,FALSE,
FinancialDepartment,SHDS059,,FALSE,
FinancialDepartment,SHDS060,,FALSE,
FinancialDepartment,SHDS061,,FALSE,
FinancialDepartment,SHDS062,,FALSE,
FinancialDepartment,SHDS063,,FALSE,
FinancialDepartment,SHDS064,,FALSE,
FinancialDepartment,SHDS100,,FALSE,
FinancialDepartment,SHDS101,,FALSE,
FinancialDepartment,SHDS102,,FALSE,
FinancialDepartment,SHDS103,,FALSE,
FinancialDepartment,SHDS104,,FALSE,
FinancialDepartment,SHDS105,,FALSE,
FinancialDepartment,SHDS106,,FALSE,
FinancialDepartment,SHDS107,,FALSE,
FinancialDepartment,SHDS108,,FALSE,
FinancialDepartment,SHDS150,,FALSE,
FinancialDepartment,SHDS151,,FALSE,
FinancialDepartment,SHDS152,,FALSE,
FinancialDepartment,SHDS153,,FALSE,
FinancialDepartment,SHDS200,,FALSE,
FinancialDepartment,SHDS201,,FALSE,
FinancialDepartment,SHDS202,,FALSE,
FinancialDepartment,SHDS203,,FALSE,
FinancialDepartment,SHDS204,,FALSE,
FinancialDepartment,SHDS205,,FALSE,
FinancialDepartment,SHDS206,,FALSE,
FinancialDepartment,SHDS207,,FALSE,
FinancialDepartment,SHDS208,,FALSE,
FinancialDepartment,SHDS209,,FALSE,
FinancialDepartment,SHDS210,,FALSE,
FinancialDepartment,SHDS211,,FALSE,
FinancialDepartment,SHDS212,,FALSE,
FinancialDepartment,SHDS213,,FALSE,
FinancialDepartment,SHDS214,,FALSE,
FinancialDepartment,SHDS215,,FALSE,
FinancialDepartment,SHDS216,,FALSE,
FinancialDepartment,SHDS217,,FALSE,
FinancialDepartment,SHDS218,,FALSE,
FinancialDepartment,SHDS219,,FALSE,
FinancialDepartment,SHDS220,,FALSE,
FinancialDepartment,SHDS221,,FALSE,
FinancialDepartment,SHDS222,,FALSE,
FinancialDepartment,SHDS223,,FALSE,
FinancialDepartment,SHDS224,,FALSE,
FinancialDepartment,SHDS225,,FALSE,
FinancialDepartment,SHDS226,,FALSE,
FinancialDepartment,SHDS227,,FALSE,
FinancialDepartment,SHDS228,,FALSE,
FinancialDepartment,SHDS229,,FALSE,
FinancialDepartment,SHDS230,,FALSE,
FinancialDepartment,SHDS231,,FALSE,
FinancialDepartment,SHDS232,,FALSE,
FinancialDepartment,SJA0010,,FALSE,
FinancialDepartment,SL00100,,FALSE,
FinancialDepartment,SL00101,,FALSE,
FinancialDepartment,SL00102,,FALSE,
FinancialDepartment,SL00103,,FALSE,
FinancialDepartment,SL00104,,FALSE,
FinancialDepartment,SL00105,,FALSE,
FinancialDepartment,SO10000,,FALSE,
FinancialDepartment,SO10001,,FALSE,
FinancialDepartment,SO10002,,FALSE,
FinancialDepartment,SSAV000,,FALSE,
FinancialDepartment,SSAV001,,FALSE,
FinancialDepartment,SSFP000,,FALSE,
FinancialDepartment,SSHS000,,FALSE,
FinancialDepartment,SSHS001,,FALSE,
FinancialDepartment,SSHS002,,FALSE,
FinancialDepartment,SSHS003,,FALSE,
FinancialDepartment,SSOH000,,FALSE,
FinancialDepartment,SSRM000,,FALSE,
FinancialDepartment,UCDS000,,FALSE,
FinancialDepartment,UCDS001,,FALSE,
FinancialDepartment,UCDS002,,FALSE,
FinancialDepartment,UCDS003,,FALSE,
FinancialDepartment,UCDS004,,FALSE,
FinancialDepartment,UCDS005,,FALSE,
FinancialDepartment,UCDS050,,FALSE,
FinancialDepartment,UCDS051,,FALSE,
FinancialDepartment,UCDS052,,FALSE,
FinancialDepartment,UCDS053,,FALSE,
FinancialDepartment,UCDS054,,FALSE,
FinancialDepartment,VAPC001,,FALSE,
FinancialDepartment,VAPC002,,FALSE,
FinancialDepartment,VAPC003,,FALSE,
FinancialDepartment,VBMS001,,FALSE,
FinancialDepartment,VCAH001,,FALSE,
FinancialDepartment,VCAH002,,FALSE,
FinancialDepartment,VCAH003,,FALSE,
FinancialDepartment,VCAH004,,FALSE,
FinancialDepartment,VCAH101,,FALSE,
FinancialDepartment,VCAH102,,FALSE,
FinancialDepartment,VCAH103,,FALSE,
FinancialDepartment,VCAH104,,FALSE,
FinancialDepartment,VCEH001,,FALSE,
FinancialDepartment,VCEH002,,FALSE,
FinancialDepartment,VCEH003,,FALSE,
FinancialDepartment,VCEH004,,FALSE,
FinancialDepartment,VCEH005,,FALSE,
FinancialDepartment,VCEH006,,FALSE,
FinancialDepartment,VCEH101,,FALSE,
FinancialDepartment,VCEH102,,FALSE,
FinancialDepartment,VCEH103,,FALSE,
FinancialDepartment,VCEH104,,FALSE,
FinancialDepartment,VCEH105,,FALSE,
FinancialDepartment,VCEH106,,FALSE,
FinancialDepartment,VCES001,,FALSE,
FinancialDepartment,VCPL001,,FALSE,
FinancialDepartment,VCPL002,,FALSE,
FinancialDepartment,VCPL003,,FALSE,
FinancialDepartment,VCPL004,,FALSE,
FinancialDepartment,VCPL005,,FALSE,
FinancialDepartment,VCPL006,,FALSE,
FinancialDepartment,VCPL007,,FALSE,
FinancialDepartment,VCPL008,,FALSE,
FinancialDepartment,VCPL009,,FALSE,
FinancialDepartment,VCPL010,,FALSE,
FinancialDepartment,VCPL101,,FALSE,
FinancialDepartment,VHFS001,,FALSE,
FinancialDepartment,VHFS101,,FALSE,
FinancialDepartment,VHFS102,,FALSE,
FinancialDepartment,VHFS103,,FALSE,
FinancialDepartment,VHFS104,,FALSE,
FinancialDepartment,VHFS105,,FALSE,
FinancialDepartment,VHFS106,,FALSE,
FinancialDepartment,VHFS107,,FALSE,
FinancialDepartment,VHFS108,,FALSE,
FinancialDepartment,VHFS109,,FALSE,
FinancialDepartment,VHFS110,,FALSE,
FinancialDepartment,VHFS111,,FALSE,
FinancialDepartment,VHFS112,,FALSE,
FinancialDepartment,VHFS113,,FALSE,
FinancialDepartment,VHFS114,,FALSE,
FinancialDepartment,VHFS115,,FALSE,
FinancialDepartment,VHFS116,,FALSE,
FinancialDepartment,VHFS117,,FALSE,
FinancialDepartment,VHFS118,,FALSE,
FinancialDepartment,VHFS119,,FALSE,
FinancialDepartment,VHFS201,,FALSE,
FinancialDepartment,VHFS202,,FALSE,
FinancialDepartment,VHFS203,,FALSE,
FinancialDepartment,VHFS204,,FALSE,
FinancialDepartment,VHFS205,,FALSE,
FinancialDepartment,VHFS206,,FALSE,
FinancialDepartment,VHFS207,,FALSE,
FinancialDepartment,VHFS208,,FALSE,
FinancialDepartment,VHFS209,,FALSE,
FinancialDepartment,VHFS210,,FALSE,
FinancialDepartment,VHFS301,,FALSE,
FinancialDepartment,VHFS302,,FALSE,
FinancialDepartment,VHFS303,,FALSE,
FinancialDepartment,VHFS304,,FALSE,
FinancialDepartment,VHFS305,,FALSE,
FinancialDepartment,VHFS306,,FALSE,
FinancialDepartment,VHFS307,,FALSE,
FinancialDepartment,VHFS308,,FALSE,
FinancialDepartment,VHFS309,,FALSE,
FinancialDepartment,VHFS401,,FALSE,
FinancialDepartment,VHFS402,,FALSE,
FinancialDepartment,VHFS403,,FALSE,
FinancialDepartment,VHFS404,,FALSE,
FinancialDepartment,VHFS405,,FALSE,
FinancialDepartment,VHFS406,,FALSE,
FinancialDepartment,VHFS407,,FALSE,
FinancialDepartment,VHFS408,,FALSE,
FinancialDepartment,VHFS409,,FALSE,
FinancialDepartment,VHFS410,,FALSE,
FinancialDepartment,VHFS501,,FALSE,
FinancialDepartment,VHFS502,,FALSE,
FinancialDepartment,VHFS503,,FALSE,
FinancialDepartment,VHO1001,,FALSE,
FinancialDepartment,VHO1020,,FALSE,
FinancialDepartment,VHO1040,,FALSE,
FinancialDepartment,VHO1060,,FALSE,
FinancialDepartment,VHO1080,,FALSE,
FinancialDepartment,VHO1120,,FALSE,
FinancialDepartment,VHO1135,,FALSE,
FinancialDepartment,VHO1190,,FALSE,
FinancialDepartment,VHO1192,,FALSE,
FinancialDepartment,VHO1220,,FALSE,
FinancialDepartment,VHO1250,,FALSE,
FinancialDepartment,VHO1280,,FALSE,
FinancialDepartment,VHO1330,,FALSE,
FinancialDepartment,VHO1340,,FALSE,
FinancialDepartment,VHO1350,,FALSE,
FinancialDepartment,VHO1365,,FALSE,
FinancialDepartment,VHO1370,,FALSE,
FinancialDepartment,VHO1375,,FALSE,
FinancialDepartment,VHO1380,,FALSE,
FinancialDepartment,VHO1385,,FALSE,
FinancialDepartment,VHO1390,,FALSE,
FinancialDepartment,VHO1410,,FALSE,
FinancialDepartment,VHO1450,,FALSE,
FinancialDepartment,VHO1470,,FALSE,
FinancialDepartment,VHO1530,,FALSE,
FinancialDepartment,VHO1540,,FALSE,
FinancialDepartment,VHO1620,,FALSE,
FinancialDepartment,VHO1670,,FALSE,
FinancialDepartment,VHO1680,,FALSE,
FinancialDepartment,VHO1720,,FALSE,
FinancialDepartment,VHO2001,,FALSE,
FinancialDepartment,VHO2230,,FALSE,
FinancialDepartment,VHO2250,,FALSE,
FinancialDepartment,VHO2270,,FALSE,
FinancialDepartment,VHO2330,,FALSE,
FinancialDepartment,VHO2420,,FALSE,
FinancialDepartment,VHO2450,,FALSE,
FinancialDepartment,VHO2510,,FALSE,
FinancialDepartment,VHO2530,,FALSE,
FinancialDepartment,VHO2570,,FALSE,
FinancialDepartment,VHO2710,,FALSE,
FinancialDepartment,VHO2730,,FALSE,
FinancialDepartment,VHO2740,,FALSE,
FinancialDepartment,VHO2780,,FALSE,
FinancialDepartment,VHO2820,,FALSE,
FinancialDepartment,VHO2840,,FALSE,
FinancialDepartment,VHO2880,,FALSE,
FinancialDepartment,VHO2910,,FALSE,
FinancialDepartment,VHO2930,,FALSE,
FinancialDepartment,VHO3000,,FALSE,
FinancialDepartment,VHO3001,,FALSE,
FinancialDepartment,VHO3100,,FALSE,
FinancialDepartment,VHO3150,,FALSE,
FinancialDepartment,VHO3200,,FALSE,
FinancialDepartment,VHO3300,,FALSE,
FinancialDepartment,VHO3400,,FALSE,
FinancialDepartment,VHO3500,,FALSE,
FinancialDepartment,VHO3550,,FALSE,
FinancialDepartment,VHO3700,,FALSE,
FinancialDepartment,VHO3750,,FALSE,
FinancialDepartment,VHO3770,,FALSE,
FinancialDepartment,VHO3800,,FALSE,
FinancialDepartment,VHO3900,,FALSE,
FinancialDepartment,VHO3950,,FALSE,
FinancialDepartment,VHO3970,,FALSE,
FinancialDepartment,VHO4001,,FALSE,
FinancialDepartment,VHO4150,,FALSE,
FinancialDepartment,VHO4250,,FALSE,
FinancialDepartment,VHO4450,,FALSE,
FinancialDepartment,VHO4550,,FALSE,
FinancialDepartment,VHO4555,,FALSE,
FinancialDepartment,VHO4750,,FALSE,
FinancialDepartment,VHO4850,,FALSE,
FinancialDepartment,VHO4855,,FALSE,
FinancialDepartment,VHO5001,,FALSE,
FinancialDepartment,VHO5200,,FALSE,
FinancialDepartment,VHO5500,,FALSE,
FinancialDepartment,VHO5700,,FALSE,
FinancialDepartment,VHO5800,,FALSE,
FinancialDepartment,VHO5900,,FALSE,
FinancialDepartment,VHO6100,,FALSE,
FinancialDepartment,VHO6110,,FALSE,
FinancialDepartment,VHO6113,,FALSE,
FinancialDepartment,VHO6115,,FALSE,
FinancialDepartment,VHO6200,,FALSE,
FinancialDepartment,VHO6250,,FALSE,
FinancialDepartment,VHO6350,,FALSE,
FinancialDepartment,VHO6500,,FALSE,
FinancialDepartment,VHO6550,,FALSE,
FinancialDepartment,VMDO001,,FALSE,
FinancialDepartment,VMDO002,,FALSE,
FinancialDepartment,VMDO003,,FALSE,
FinancialDepartment,VMDO004,,FALSE,
FinancialDepartment,VMDO005,,FALSE,
FinancialDepartment,VMDO006,,FALSE,
FinancialDepartment,VMDO101,,FALSE,
FinancialDepartment,VMDO111,,FALSE,
FinancialDepartment,VMDO121,,FALSE,
FinancialDepartment,VMDO131,,FALSE,
FinancialDepartment,VMDO141,,FALSE,
FinancialDepartment,VMDO142,,FALSE,
FinancialDepartment,VMDO143,,FALSE,
FinancialDepartment,VMDO144,,FALSE,
FinancialDepartment,VMDO145,,FALSE,
FinancialDepartment,VMDO151,,FALSE,
FinancialDepartment,VMDO161,,FALSE,
FinancialDepartment,VMDO171,,FALSE,
FinancialDepartment,VMDO181,,FALSE,
FinancialDepartment,VMDO182,,FALSE,
FinancialDepartment,VMDO183,,FALSE,
FinancialDepartment,VMDO184,,FALSE,
FinancialDepartment,VMDO185,,FALSE,
FinancialDepartment,VMDO186,,FALSE,
FinancialDepartment,VMDO187,,FALSE,
FinancialDepartment,VMDO188,,FALSE,
FinancialDepartment,VMDO191,,FALSE,
FinancialDepartment,VMDO192,,FALSE,
FinancialDepartment,VMDO193,,FALSE,
FinancialDepartment,VMDO194,,FALSE,
FinancialDepartment,VMDO201,,FALSE,
FinancialDepartment,VMDO211,,FALSE,
FinancialDepartment,VMDO212,,FALSE,
FinancialDepartment,VMDO213,,FALSE,
FinancialDepartment,VMDO214,,FALSE,
FinancialDepartment,VMDO215,,FALSE,
FinancialDepartment,VMDO216,,FALSE,
FinancialDepartment,VMDO217,,FALSE,
FinancialDepartment,VMDO218,,FALSE,
FinancialDepartment,VMDO219,,FALSE,
FinancialDepartment,VMDO21A,,FALSE,
FinancialDepartment,VMDO21B,,FALSE,
FinancialDepartment,VMDO21C,,FALSE,
FinancialDepartment,VMDO221,,FALSE,
FinancialDepartment,VMDO222,,FALSE,
FinancialDepartment,VMDO231,,FALSE,
FinancialDepartment,VMDO241,,FALSE,
FinancialDepartment,VMDO251,,FALSE,
FinancialDepartment,VMEX001,,FALSE,
FinancialDepartment,VMEX002,,FALSE,
FinancialDepartment,VMSD001,,FALSE,
FinancialDepartment,VMSD002,,FALSE,
FinancialDepartment,VMSD003,,FALSE,
FinancialDepartment,VMSD004,,FALSE,
FinancialDepartment,VMSD005,,FALSE,
FinancialDepartment,VMSD006,,FALSE,
FinancialDepartment,VMSD007,,FALSE,
FinancialDepartment,VMTH001,,FALSE,
FinancialDepartment,VMTH002,,FALSE,
FinancialDepartment,VMTH003,,FALSE,
FinancialDepartment,VMTH004,,FALSE,
FinancialDepartment,VMTH005,,FALSE,
FinancialDepartment,VMTH006,,FALSE,
FinancialDepartment,VOHI001,,FALSE,
FinancialDepartment,VOHI002,,FALSE,
FinancialDepartment,VOHI003,,FALSE,
FinancialDepartment,VOHI004,,FALSE,
FinancialDepartment,VOHI005,,FALSE,
FinancialDepartment,VOHI006,,FALSE,
FinancialDepartment,VOHI007,,FALSE,
FinancialDepartment,VOHI008,,FALSE,
FinancialDepartment,VOHI009,,FALSE,
FinancialDepartment,VOHI010,,FALSE,
FinancialDepartment,VOHI011,,FALSE,
FinancialDepartment,VOHI101,,FALSE,
FinancialDepartment,VOHI102,,FALSE,
FinancialDepartment,VOHI103,,FALSE,
FinancialDepartment,VOHI104,,FALSE,
FinancialDepartment,VOHI105,,FALSE,
FinancialDepartment,VOHI106,,FALSE,
FinancialDepartment,VOHI107,,FALSE,
FinancialDepartment,VOHI201,,FALSE,
FinancialDepartment,VPHR001,,FALSE,
FinancialDepartment,VPHR002,,FALSE,
FinancialDepartment,VPHR003,,FALSE,
FinancialDepartment,VPMI001,,FALSE,
FinancialDepartment,VPMI002,,FALSE,
FinancialDepartment,VPMI003,,FALSE,
FinancialDepartment,VTRC001,,FALSE,
FinancialDepartment,VTRC002,,FALSE,
FinancialDepartment,VTRC003,,FALSE,
FinancialDepartment,VTRC004,,FALSE,
FinancialDepartment,VTRC005,,FALSE,
FinancialDepartment,VTRC006,,FALSE,
FinancialDepartment,VTRC007,,FALSE,
FinancialDepartment,VTRC008,,FALSE,
FinancialDepartment,VTRC101,,FALSE,
FinancialDepartment,VVGL001,,FALSE,
FinancialDepartment,VVGL002,,FALSE,
FinancialDepartment,VVGL003,,FALSE,
FinancialDepartment,VVGL004,,FALSE,
FinancialDepartment,VVGL005,,FALSE,
FinancialDepartment,VVGL006,,FALSE,
FinancialDepartment,VVGL101,,FALSE,
FinancialDepartment,VVMB001,,FALSE,
FinancialDepartment,VVMB002,,FALSE,
FinancialDepartment,VVMB003,,FALSE,
FinancialDepartment,VVME001,,FALSE,
FinancialDepartment,VVME002,,FALSE,
FinancialDepartment,VVME003,,FALSE,
FinancialDepartment,VVSR001,,FALSE,
FinancialDepartment,VVSR002,,FALSE,
FinancialDepartment,VVSR003,,FALSE,
Fund,05695,General Research Fund,TRUE,223
Fund,06272,Nutrition Kosuna Endowment 06272,TRUE,223
Fund,10501,Summer Sessions Abroad 20291,TRUE,221
Fund,12000,UCDMC Hospital Income 63000,TRUE,221
Fund,12010,VMTH Income 64100,TRUE,221
Fund,12012,Vet Med Equine Clinical Income,TRUE,221
Fund,12100,Sales and Services Rate Based,TRUE,221
Fund,12101,Sales and Services NonRate Activities,TRUE,221
Fund,12106,Inventory Clearing Rate Based,TRUE,221
Fund,12110,PRIMATE CENTER PERDIEM INCOME,TRUE,221
Fund,12111,PRIMATE CENTER CORE SERVICES,TRUE,221
Fund,12112,PRIMATE CENTER PRIMATE SERVICES,TRUE,221
Fund,12113,PRIMATE CENTER ANIMAL SALES,TRUE,221
Fund,12114,PRIMATE CENTER INDIRECT COST RETURN,TRUE,221
Fund,13034,George B Gordon Jr Schlp,TRUE,223
Fund,13190,Quest Endowment Fund 13190,TRUE,223
Fund,13328,Russell Rustici Rangeland and Cattle Rsch,TRUE,223
Fund,13575,Rhodes ViticultureandEnology Research Fd,TRUE,223
Fund,13591,InterInst Ntwrk For Food AgandSustain,TRUE,223
Fund,13640,Coulson Grad Student For Atmospheric Sci,TRUE,223
Fund,13659,Carol Green Sundance Ranch Fund,TRUE,223
Fund,13670,Rolkin VcS Professor In Informatics,TRUE,223
Fund,13686,Rustici Chair Rangeland and Watershed Sci,TRUE,223
Fund,13687,Rustici Speclst Rangel and Watershed,TRUE,223
Fund,13788,Holdsworth and Vandling Memorial Research,TRUE,223
Fund,13943,Animal Industry Teaching Fund,TRUE,223
Fund,13954,JulianandBetty Crane Fund,TRUE,223
Fund,13U00,COFI University Common Funds 99100,TRUE,221
Fund,13U01,COFI University Common Funds Development 99200,TRUE,221
Fund,13U02,COFI University Common Funds AES19900 99300,TRUE,220
Fund,13U10,Unrestricted Campus Control Fund 00200,FALSE,
Fund,13U20,Unrestricted Campus Funds,TRUE,221
Fund,13U47,Campus Royalty and Copyright Income 68700,TRUE,223
Fund,13U49,Consol Benefit Central Accts 69001,TRUE,223
Fund,13U51,UCOP Systemwide Assessment 69085,TRUE,223
Fund,13U58,UCD Education and Research Fund 69640,TRUE,223
Fund,13U59,UCOP Alloc Of Prior Yr Balances 69666,TRUE,223
Fund,13U61,UC Lab Fee Research Prog UCHRI 69763,TRUE,223
Fund,13U64,UCOP Gen Liability BSAS 69793,TRUE,223
Fund,13U66,UCOP Auto BSAS 69795,TRUE,223
Fund,13U67,UCOP Prop SelfIns BSAS 69796,TRUE,223
Fund,13U84,Pepsi Beverages Sponsorship Agreement 73210,TRUE,223
Fund,14105,Professional Fee School of Law JD 20225,TRUE,221
Fund,14304,SSDP Online MBA Program 20249,TRUE,221
Fund,14400,Course Materials and Services Fees Undergraduate,TRUE,221
Fund,14610,The Green Initiative Fund TGIF 20023,TRUE,221
Fund,14618,Graduate Student Association 20085,TRUE,221
Fund,14806,Grad Stud Supplemental Application Fee 20201,TRUE,221
Fund,15000,SOM University Related Events 60102,TRUE,221
Fund,15001,Med Comp Plan Current Yr Inc 60103,TRUE,221
Fund,15021,Medcomplan Academic Enhancement Fd 60105,TRUE,221
Fund,15023,School Of Medicine Comp Plan Income 60108,TRUE,221
Fund,16003,Law Family Award Systematic Entomology,TRUE,223
Fund,16004,Law Family Award Systematic Botony,TRUE,223
Fund,16100,Garold L Faber Faculty Travel Fund,TRUE,223
Fund,16167,Fruit and Vegetable Faculty Fellowship,TRUE,223
Fund,16200,Sales and Service Reserves,TRUE,221
Fund,16303,Employee Support Program Reserve 75041,TRUE,221
Fund,16308,CPE CAMPUS PARTNERS RESERVE FUND,TRUE,221
Fund,16313,UCCE Pmcf Pres Chr Tree Nut Soil Sci Mtc,TRUE,223
Fund,16340,Strawberry Research Fund,TRUE,223
Fund,16376,Ghirardelli Chocolate Settlement Fund,TRUE,223
Fund,16432,Edward Laidlaw Smith Entomology Fund,TRUE,223
Fund,16535,PmcfANRUc Ce Calif Grown Rice Match,TRUE,223
Fund,16555,PmcfANROrange Cnty Farm Bureau Pres Ch,TRUE,223
Fund,17200,University Funds for Renewal and Replacement,TRUE,221
Fund,18072,California Cancer Research,TRUE,223
Fund,18086,Reserved for Supplemental Allocations,TRUE,223
Fund,18091,Oiled Wildlife Care Network,TRUE,223
Fund,18093,Health Care Benefit Fund,TRUE,223
Fund,18102,Breast Cancer Research,TRUE,223
Fund,18121,Medical Research Program CA Healthcare Prop 56,TRUE,223
Fund,18125,Road MaintenanceandRehabilitation,TRUE,223
Fund,19900,State General Fund,TRUE,223
Fund,19915,UC Climate Initiatives UCOP,TRUE,223
Fund,19921,Online Education,TRUE,223
Fund,19924,Student Academic Preparation Programs,TRUE,223
Fund,19933,Federal ICR General Fund Portion,TRUE,223
Fund,19941,CIRM ICR,TRUE,223
Fund,19953,VectorBorne Disease Surveilance Gateway 3 UCD,TRUE,223
Fund,19958,Faculty Best Practices,TRUE,223
Fund,19974,UCOP ANR General Fund,TRUE,223
Fund,19976,ANR Temporary Funding,TRUE,223
Fund,19977,ANR CE Specialist Support,TRUE,223
Fund,19978,ANR Startup Salary Recovery,TRUE,223
Fund,19983,Conservation Genomics 3,TRUE,223
Fund,19986,Student Mental Health Programs 2 3,TRUE,223
Fund,19988,Disaster Relief Emergency Student Financial Aid,TRUE,223
Fund,20000,Federal Grants,TRUE,Multiple
Fund,20003,Federal Contracts,TRUE,Multiple
Fund,20400,State Contracts and Grants,TRUE,Multiple
Fund,20401,Local Contracts and Grants,TRUE,Multiple
Fund,20402,State and Local Contract Flowthrough,TRUE,Multiple
Fund,20403,State and Local Grant Flowthrough,TRUE,Multiple
Fund,20700,Private Contracts and Grants,TRUE,Multiple
Fund,20701,Private Contract Flowthrough,TRUE,Multiple
Fund,20702,Private Grant Flowthrough,TRUE,Multiple
Fund,21003,Hatch Regular Animal Health Odd Year,TRUE,205
Fund,21004,Hatch Regular Animal Health Even Year,TRUE,205
Fund,21005,Hatch Non Integrated Odd Year,TRUE,201
Fund,21006,Hatch Non Integrated Even Year,TRUE,201
Fund,21007,Mcintire Stennis Odd Year Income,TRUE,203
Fund,21009,Hatch Integrated Odd Year,TRUE,201
Fund,21010,Hatch Integrated Even Year,TRUE,201
Fund,21011,Animal Health Research Odd Year,TRUE,205
Fund,21012,Animal Health Research Even Year,TRUE,205
Fund,21013,Hatch Multi State Integrated Odd Yr,TRUE,202
Fund,21014,Hatch Multi State Integrated Even Yr,TRUE,202
Fund,21015,Hatch Multi State Non Integrated Odd Yr,TRUE,202
Fund,21016,Hatch Multi State Non Integrated Even Yr,TRUE,202
Fund,21067,Smith Lever Renewable Resources,FALSE,
Fund,34104,Mary Ann Abramson Endow Fd,TRUE,223
Fund,34179,Animal Science Mem Fund,TRUE,223
Fund,34218,Kratzer OgasawaraandVohra SchlpEnd,TRUE,223
Fund,34348,Bixby Fred H Fund,TRUE,223
Fund,34378,PearlandRoyce Bringhurst Assistshp,TRUE,223
Fund,34384,AJBowie Memorial Fd,TRUE,223
Fund,34478,Frank Buck Jr Chair Agr Business,TRUE,223
Fund,34499,Bohart Museum In Entomology,TRUE,223
Fund,34500,Brownell Dr E E Fellowship Fd,TRUE,223
Fund,34504,HWBTA Larry Carlson End in FST,TRUE,223
Fund,34637,Equine Health DirectorS Endowment,TRUE,223
Fund,35008,Entom ClarenceandEstelle Albaugh Fd End,TRUE,223
Fund,35082,Conti Dr L F Research Fd,TRUE,223
Fund,35229,Deloach Endowed Chair,TRUE,223
Fund,35253,EA Dickson Emeriti Professorship,TRUE,223
Fund,35353,William Duffy Ca Rice Research,TRUE,223
Fund,35417,Enology Research Endowment,TRUE,223
Fund,35419,Katherine Esau Chair In Plant Sci,TRUE,223
Fund,35700,Giannini Fdn,TRUE,223
Fund,35810,Hart ColeandGoss Res Flshp Fd,TRUE,223
Fund,35967,Selma Herr Endowment,TRUE,223
Fund,36092,Ted Markoczy Memorial Fund,TRUE,223
Fund,36247,Humphries Ak Mem Fd,TRUE,223
Fund,36272,Nutrition Kosuna Endowment,TRUE,223
Fund,36327,Schp Com Jastro Mem Endow,TRUE,223
Fund,36366,Frank Johnson Vineyards Vit Res,TRUE,223
Fund,36427,Ralph Kitchell Memorial Fellowship,TRUE,223
Fund,36474,John E Kinsella Endowed Chair,TRUE,223
Fund,36490,Kellogg Endowment Fund,TRUE,223
Fund,36673,Lester Will WChair In Pomology,TRUE,223
Fund,36786,Pomology Jack Lowe Walnut Research End,TRUE,223
Fund,36870,Mc Donald Endowment Fund,TRUE,223
Fund,36894,Mcclellan Nuclear Reactor,TRUE,223
Fund,36931,Maddox Lodric Richard Fd,TRUE,223
Fund,36976,Louis P Martini Research Fund,TRUE,223
Fund,37099,WFCB Merriman Jr Distinguished Sci End,TRUE,223
Fund,37162,Mcomie Rsrch Fund Animal Husbandry,TRUE,223
Fund,37268,LM Mcomie Res End FdAgronomy,TRUE,223
Fund,37336,Noel Endowment Fund,TRUE,223
Fund,37341,Nightingale Myron Mem Research Fd,TRUE,223
Fund,37353,Nutrition Dept Research End,TRUE,223
Fund,37429,Bgen Novozyme Matching Endowment,TRUE,223
Fund,37511,FST Herman Phaff Culture Collection End,TRUE,223
Fund,37642,UC Postharvest Program End,TRUE,223
Fund,37649,Pomology Research Endowment Fd,TRUE,223
Fund,37658,Presidential Initiatives Fund PIF,TRUE,223
Fund,37673,PomFruitNut ResandInformation Ctr End,TRUE,223
Fund,37707,Florence S Ragle Res Fd,TRUE,223
Fund,37724,WFCB Dennis Raveling End Professorship,TRUE,223
Fund,37828,Walter Rosenberg Research Fund,TRUE,223
Fund,38021,Scott Stephen Mem Res Fd,TRUE,223
Fund,38033,Chipper Sichel Endowed Fund,TRUE,223
Fund,38073,Shields Peter J Chair Dairy Fd S,TRUE,223
Fund,38232,Steindler Trust Biological Sci Res,TRUE,223
Fund,38489,Tomato Genetic Stock Center,TRUE,223
Fund,38557,UC Davis Health Research Fund,TRUE,223
Fund,38629,Uc Berkeley,TRUE,223
Fund,38814,Wilson Dr Elena Whitey Mem Trust,TRUE,223
Fund,38873,Wheat JD Orthopaedic Research Lab,TRUE,223
Fund,38895,An Sci M Winn Psittacine Res End,TRUE,223
Fund,38926,Vitamin Class Action Fund,TRUE,223
Fund,39423,Presidents Chair Endowment Fund,TRUE,223
Fund,50000,Bench Funds,FALSE,
Fund,54000,Agency external money 00002,FALSE,
Fund,55000,Registered Student Organizations 00010,FALSE,
Fund,63013,BAE CREA Energy Research 40012,TRUE,223
Fund,63015,KFS Conversion Gift Fund,TRUE,223
Fund,63056,Food Sci Research and Edu Activities Fund 40055,TRUE,223
Fund,63090,Agron Ext Ca Beet Growers 40089,TRUE,223
Fund,63099,A and ES Deparment Of Managerial Economics 40097,TRUE,223
Fund,63117,A and RS Res CCIA 40115,TRUE,223
Fund,63135,A and Rs Alfalfa Rsrch 40132,TRUE,223
Fund,63159,Agr Engr Slaughter 40156,TRUE,223
Fund,63160,Agr Ext CibaGeigy 40157,TRUE,223
Fund,63166,An Sci Research May 40163,TRUE,223
Fund,63168,A and RsRice Expert Systems 40165,TRUE,223
Fund,63170,Agron Ext Hill 40167,TRUE,223
Fund,63171,A and RsAlfalfa Management 40168,TRUE,223
Fund,63187,WFCB Kelt 40184,TRUE,223
Fund,63242,Entom Mite Resistance 40239,TRUE,223
Fund,63286,Plant Path Dept Support 40285,TRUE,223
Fund,63321,LAWR ZenecaZhang Wallender 40320,TRUE,223
Fund,63385,Grad Studies ARCS Foundation 40384,TRUE,223
Fund,63411,Plt Sci Res and Edu Act Fennimore 40410,TRUE,223
Fund,63482,Nutri Research Nat Food Extrct Hackma 40480,TRUE,223
Fund,63497,Wetland Ecology Eadie 40495,TRUE,223
Fund,63508,WFCB Waterfowl Populations Eadie 40506,TRUE,223
Fund,63563,AgronandRange Sci Research Rice Van K 40558,TRUE,223
Fund,63598,Food Sci Malting and Brewing Prgm 40591,TRUE,223
Fund,63732,AandRs Research Jernstedt 40723,TRUE,223
Fund,63838,LAWR Research Scow 40824,TRUE,223
Fund,64038,Plt PathGeorg Nyland Memorial Fd 41018,TRUE,223
Fund,64046,An Sci Horse Facility 41026,TRUE,223
Fund,64066,An Sci Org Reas Depeters 41046,TRUE,223
Fund,64074,An Sci Org Res Berger 41054,TRUE,223
Fund,64081,Aquaculture Sturgeon Res 41061,TRUE,223
Fund,64087,An Sci Feedlot Cattle Rsrch 41067,TRUE,223
Fund,64090,Agric Engr Elect Spraying 41069,TRUE,223
Fund,64104,Abs Org Research Grieshop 41083,TRUE,223
Fund,64105,Integrated Std Dept Support 41084,TRUE,223
Fund,64110,An Sci Lipid Metabolism Peters 41089,TRUE,223
Fund,64121,An Sci Alumni and Friends 41100,TRUE,223
Fund,64134,Veg Crops Salinas Field Station 41112,TRUE,223
Fund,64141,AandRsSmall Grain ResearchDubcovsky 41119,TRUE,223
Fund,64193,Pom Research Walnut Tulare 41170,TRUE,223
Fund,64416,AAES Env Tox IR4 Regional Program Donors 41368,TRUE,223
Fund,64522,NpbBird CommumcationCoombsHahn 41472,TRUE,223
Fund,64550,AAES FST Pilot Plant 41500,TRUE,223
Fund,64574,Vit and Enol Sensory Science Research 41524,TRUE,223
Fund,64615,AAES Env Tox Field Research Prgm 41565,TRUE,223
Fund,64625,Entom Leafminer Pheromone 41575,TRUE,223
Fund,64783,AAES FST Res Food Chem and Toxicology 41733,TRUE,223
Fund,64823,FST Research Young 41773,TRUE,223
Fund,64846,FranceBerkeley 41795,TRUE,223
Fund,64907,VM VMbNestle Purina Petcare 41856,TRUE,223
Fund,64940,BAE Food Engr Rsrch 41889,TRUE,223
Fund,64964,FST Research Shoemaker 41913,TRUE,223
Fund,64971,DBS Danco Company Horwath 41920,TRUE,223
Fund,65095,Dbs Slb Herbarium 42045,TRUE,223
Fund,65140,Etox Research Support Shibamoto 42090,TRUE,223
Fund,65147,Plt Path Research Cook 42097,TRUE,223
Fund,65151,An Sci Dairy Air Quality Rsrch 42101,TRUE,223
Fund,65158,Avian Sci Research King 42108,TRUE,223
Fund,65164,Avian Sci Research Klasing 42114,TRUE,223
Fund,65171,Avian Sci Research Bradley 42121,TRUE,223
Fund,65178,Vit and Enol Grape Research Fidelibus 42128,TRUE,223
Fund,65189,Ve Tastevin Foundation Laureate Award 42139,TRUE,223
Fund,65229,Ece DingIntel 42179,TRUE,223
Fund,65260,Horticultural Hydroponics Research 42210,TRUE,223
Fund,65267,Vit and Enol Deere and Company 42217,TRUE,223
Fund,65289,Produce Food Safety Research Suslow 42239,TRUE,223
Fund,65315,Caes Syngenta Seeds 42265,TRUE,223
Fund,65502,AandEs Cal Agri Products 42452,TRUE,223
Fund,65644,BiochemandBiophy Dept Supp 42596,TRUE,223
Fund,65646,BiochemandBiphys Research Callis 42598,TRUE,223
Fund,65653,EnglishButler Award 42605,TRUE,223
Fund,65713,Bot Research Harada 42664,TRUE,223
Fund,65729,Entom Research Lawler 42680,TRUE,223
Fund,65757,ANRNapa Coop Ext Roncoroni 42707,TRUE,223
Fund,65782,Ca Ctr For Urban Horticultural Ctr 42732,TRUE,223
Fund,65783,Gepts Harlan Ii Symposium 42733,TRUE,223
Fund,65836,Sensory Post Doctoral Fund 42786,TRUE,223
Fund,65858,LAWR Rice Commission Horwath 42808,TRUE,223
Fund,65897,Food For Health Gift 42848,TRUE,223
Fund,65938,EveMarine Ecology Stachowitz Rsrch 42889,TRUE,223
Fund,66088,Moyle Ecogeomorphology Field Course 43041,TRUE,223
Fund,66101,Stem Cell Res For Bone Regeneration and Re 43054,TRUE,223
Fund,66168,Microbiology Research Scholarly Activity 43122,TRUE,223
Fund,66205,CAF Canners League of CA T4 43160,TRUE,223
Fund,66250,Caes International Programs Support 43205,TRUE,223
Fund,66251,Cps OnLine Giving Program 43206,TRUE,223
Fund,66274,HdandFs General Student Support 43229,TRUE,223
Fund,66299,Ag Sustainability Institute 43254,TRUE,223
Fund,66300,An Sci Feedstuff Research 43255,TRUE,223
Fund,66301,An Sci Dairy Milk Components 43256,TRUE,223
Fund,66311,Bird Derived Mosquito Attractants 43266,TRUE,223
Fund,66316,FST Department Discretionary Use 43271,TRUE,223
Fund,66319,Nutr General Department Support 43274,TRUE,223
Fund,66320,Nutr Student Support 43275,TRUE,223
Fund,66323,Plt Sci Postharvest Tech Research 43278,TRUE,223
Fund,66326,AgandResource Economics Support 43281,TRUE,223
Fund,66329,BAE Dept Support 43284,TRUE,223
Fund,66395,Type I Diabetes Research 43350,TRUE,223
Fund,66422,Ipm Prgm Field andSpecialty Crops 43377,TRUE,223
Fund,66432,AGIS Lab Pesticide Research 43387,TRUE,223
Fund,66435,LAWR Department Support 43390,TRUE,223
Fund,66438,Etox Department Support 43393,TRUE,223
Fund,66439,Etox Student Support 43394,TRUE,223
Fund,66493,Steps plusProgram Support 43448,TRUE,223
Fund,66603,Center For Study Regional Change 43563,TRUE,223
Fund,66663,Tingling Mechanism Study 43623,TRUE,223
Fund,66718,Ece Leadership Sponsor 43677,TRUE,223
Fund,66747,Animal Science Meyer 43704,TRUE,223
Fund,66752,DANR ImperialFarm Smart Program 43709,TRUE,223
Fund,66756,Ps Various Grain Research Areas 43713,TRUE,223
Fund,66942,Nutr Ctr For Nutrition In Schools 43893,TRUE,223
Fund,66967,VMTH Aquatic Animal Health Service 43918,TRUE,223
Fund,66969,Rf Micro Mmw Interconnec tand Intergration 43920,TRUE,223
Fund,67008,An Sci Animal Nutrition Rsrch 43959,TRUE,223
Fund,67027,Ps Rice Research Gift Fund 43978,TRUE,223
Fund,67042,Friends Of The Rmi 43993,TRUE,223
Fund,67066,Honey Bee Hoarding Research 44018,TRUE,223
Fund,67134,The Muhleman Fund 44086,TRUE,223
Fund,67190,Rodgers University Fellowship In Ece 44142,TRUE,223
Fund,67324,CHB Foods Leonard 44277,TRUE,223
Fund,67372,Lee Baldwin Family Award 44325,TRUE,223
Fund,67373,Ca Environmental LawandPolicy Center 44326,TRUE,223
Fund,67383,Feline Health Miller Fund 44336,TRUE,223
Fund,67470,Plant Sciences Research Linquist 44423,TRUE,223
Fund,67512,Antinori Societa 44465,TRUE,223
Fund,67532,Conservation Genetics Fund 44485,TRUE,223
Fund,67533,Canine Genetics Analysis Project 44486,TRUE,223
Fund,67578,Weed ResearchandExtension Hanson 44531,TRUE,223
Fund,67584,Citris Research Funds 44537,TRUE,223
Fund,67629,Plant Pathology Research Support Leveau 44583,TRUE,223
Fund,67650,CAES Deans 44604,TRUE,223
Fund,67672,Human Health Fund 44626,TRUE,223
Fund,67757,FST Lab Program Support Barile 44711,TRUE,223
Fund,67763,Milk Processing Laboratory 44717,TRUE,223
Fund,67799,Wintering Waterfowl Ecology and Water Pol 44753,TRUE,223
Fund,67802,Sudden Oak Death Research 44756,TRUE,223
Fund,67811,Industry Relations Manager Support 44765,TRUE,223
Fund,67834,Ceh Stem Cell Regenerative Medicine 44788,TRUE,223
Fund,67910,Asmundson Poultry Science Scholarship 44864,TRUE,223
Fund,67953,Ba Engr Voc Research 44907,TRUE,223
Fund,67955,Animal Biotechnology Fund 44909,TRUE,223
Fund,68006,Plant Breeding Symposium Support 44960,TRUE,223
Fund,68035,Energy Efficiency Center Support 44989,TRUE,223
Fund,68054,Plant Sciences Research A Berry 45008,TRUE,223
Fund,68082,Chocolate Trilogy Book Set 45036,TRUE,223
Fund,68084,Plant Sciences Research K Shackel 45038,TRUE,223
Fund,68164,Pistachio Production Research 45118,TRUE,223
Fund,68195,Poultry Research Zhou 45149,TRUE,223
Fund,68225,LAWR Research Support Sandoval 45179,TRUE,223
Fund,68257,EntomOrnamental Insect Pests Res 45211,TRUE,223
Fund,68333,Env Tox ZenNoh 45285,TRUE,223
Fund,68337,Entom Bohart Museum Society 45289,TRUE,223
Fund,68367,EdoMepArco Fdn 45319,TRUE,223
Fund,68372,Env Tox Research 45324,TRUE,223
Fund,68387,Etom Research Godfrey 45339,TRUE,223
Fund,68413,Bechtel Center For Watershed Sciences 45365,TRUE,223
Fund,68416,Plant Bio ResearchandInstr Groover 45368,TRUE,223
Fund,68417,Proteomics Research 45369,TRUE,223
Fund,68444,AfrICAn Plant Breeding Academy Fund 45396,TRUE,223
Fund,68461,Gift Support For P WardS Research 45413,TRUE,223
Fund,68462,Hyundai Ctr For Excellence At UCD 45414,TRUE,223
Fund,68470,Uc NurseryandFloriculture Alliance 45422,TRUE,223
Fund,68501,Plant Pathology Research Ronald 45453,TRUE,223
Fund,68504,Biochar Research Database 45456,TRUE,223
Fund,68512,Genome Center Research Lemay 45464,TRUE,223
Fund,68627,Frank Rue Memorial Fund 45578,TRUE,223
Fund,68756,Epa Ethanol Mandate Research 45709,TRUE,223
Fund,68761,Bee Research Johnson Lab Support 45714,TRUE,223
Fund,68776,Rangeland Science Symposium 45729,TRUE,223
Fund,68818,Nutrition Research Oteiza 45771,TRUE,223
Fund,68877,Mina T Firman FlwshpPomology 45830,TRUE,223
Fund,68921,Ohi Latin AmerICA Program 45874,TRUE,223
Fund,68961,FST Research 45915,TRUE,223
Fund,68976,Food Sci Boise Cascade Schweigert 45930,TRUE,223
Fund,69024,Honey Bee HavenGarden Support 46401,TRUE,223
Fund,69036,Bae Drying Project Pan 46413,TRUE,223
Fund,69052,Lawr Water Management 46429,TRUE,223
Fund,69055,Wine Closure and Aging 46432,TRUE,223
Fund,69235,Farm Academy Program Clbl Delwiche 46611,TRUE,223
Fund,69420,Grape ResearchRaski 46796,TRUE,223
Fund,69456,Equine Laminitis Research Fund 46832,TRUE,223
Fund,69467,Entomology Bee ResearchandEd Nino 46843,TRUE,223
Fund,69471,David and Dana Loury Fdn Seminar Series 46847,TRUE,223
Fund,69522,Cabernet Sauvignon Genomics 46898,TRUE,223
Fund,69542,Seed Biotechnology Center Cppsi 46918,TRUE,223
Fund,69604,Plant Pathology Research Gilbertson 46981,TRUE,223
Fund,69650,Etox ResearchTeaching Gifts 47027,TRUE,223
Fund,69786,ItsCorporate Affiliate 47164,TRUE,223
Fund,69862,Mentha Research Fund 47240,TRUE,223
Fund,69874,Regional Opportunity Index Tool 20 47252,TRUE,223
Fund,69900,InstGov Aff Department Support 47278,TRUE,223
Fund,69924,Genome Center Lab Support Lemay 47302,TRUE,223
Fund,69935,Mars Uc Davis Collaboration Fund 47313,TRUE,223
Fund,70006,Stebbins Reserve General Support 47384,TRUE,223
Fund,70012,TriColored Blackbird Research 47390,TRUE,223
Fund,70027,Proctor and Gamble Food Digestion Fund 47405,TRUE,223
Fund,70041,Ruminant Health and Microbiology Program 47419,TRUE,223
Fund,70044,Plant BreedingGenomics Research 47422,TRUE,223
Fund,70047,Medrano Bovine Seq Proj Animal Science 47425,TRUE,223
Fund,70155,Aflatoxin Reduction Fund 47532,TRUE,223
Fund,70361,Lawr Annual Giving Funds 47741,TRUE,223
Fund,70363,Lawr Dept Support 47742,TRUE,223
Fund,70397,Aflatoxin Knockout Fund 47776,TRUE,223
Fund,70398,Mead Research Fund 47777,TRUE,223
Fund,70399,Tanzania Conservation Research 47778,TRUE,223
Fund,70419,LAWR Research and Instruction Paw 47798,TRUE,223
Fund,70501,Plant Foods and Vascular Health Rsch 47882,TRUE,223
Fund,70574,Soil Fertility and Nutrient Cycling Rsch 48052,TRUE,223
Fund,70575,Sacramento Home Winemakers Scholarship 48053,TRUE,223
Fund,70590,Soils Research Gaudin 48068,TRUE,223
Fund,70592,Bae Biomass Utilization Research 48070,TRUE,223
Fund,70640,Mwfb Bird Collection Project 48117,TRUE,223
Fund,70653,Mars Interdisciplinary RschandTraining 48130,TRUE,223
Fund,70714,Kentaro Inoue Scholarship Fund 48192,TRUE,223
Fund,70719,Innovation Institute Fund 48197,TRUE,223
Fund,70820,Plant Pathology Research Bostock 48298,TRUE,223
Fund,71359,Resistant Starch Wheat Research Program 48838,TRUE,223
Fund,71379,Plant Pathology ResearchandInstr Swett 48858,TRUE,223
Fund,71382,EvolandEcol ResearchandInstr Schmitt 48861,TRUE,223
Fund,71435,Human Nutrition Fund 48915,TRUE,223
Fund,71438,Stavin Internship Award 48918,TRUE,223
Fund,71442,Dr Cesar Fraga Research 48922,TRUE,223
Fund,71449,Precision Irrigation Research 48929,TRUE,223
Fund,71451,Crary Family Fund 48931,TRUE,223
Fund,71471,Plant Physiology Research 48951,TRUE,223
Fund,71488,Nitrogen Fixation In Rice Fund 48968,TRUE,223
Fund,71504,Celery Disease Research 48984,TRUE,223
Fund,71554,Hrvip Lab Support 49034,TRUE,223
Fund,71591,Cannabis Genome Project Fund 49071,TRUE,223
Fund,71636,Plant Pathology Research In Nematology 49116,TRUE,223
Fund,71643,Nematode Research 49123,TRUE,223
Fund,71644,Nemat Research Ferris 49124,TRUE,223
Fund,71693,Ethiopian Institute Of Agricultural Rsch 49174,TRUE,223
Fund,71836,Nutrition Research Steinberg 49317,TRUE,223
Fund,71845,Jmi Pacific Global Healthshare Fund 49326,TRUE,223
Fund,71864,Nutri Research Keen 49345,TRUE,223
Fund,71907,Plant Pathology Research Trouillas 49387,TRUE,223
Fund,71927,Plant Science Research Support 49407,TRUE,223
Fund,71931,Innovative Genomics Institute Awd Fr Ucb 49411,TRUE,223
Fund,72009,Ted Bradshaw Engaged Student Scholarship 49490,TRUE,223
Fund,72026,Carbon Sequestration Design Model Fund 49508,TRUE,223
Fund,72040,Mozilla RustandBindgen Compilers 49523,TRUE,223
Fund,72041,Student Farm Community Table Project 49524,TRUE,223
Fund,72061,Orange County Wine Society Schp 49544,TRUE,223
Fund,72163,Enzyme Discovery Fund 49646,TRUE,223
Fund,72176,Yeast Culture Research 49659,TRUE,223
Fund,72237,TritICAle Research 49720,TRUE,223
Fund,72252,Plant PathologyandMicrobiology Rsch 49735,TRUE,223
Fund,72253,Forage Quality Research 49736,TRUE,223
Fund,72290,Lawr Soil Biogeochemstry Research 49773,TRUE,223
Fund,72303,Plt Path Research Falk 49786,TRUE,223
Fund,72334,Postharvest Center Research 49817,TRUE,223
Fund,72369,Stem Water Potential Research 49852,TRUE,223
Fund,72394,Botrytized Grape Research Project 49877,TRUE,223
Fund,72396,Recombinational Dna Repair Cancer Therap 49879,TRUE,223
Fund,72402,Sustainable LivingandLearning Community 49885,TRUE,223
Fund,72438,PomFruitandNut Center 49921,TRUE,223
Fund,72454,Pomology Research Support 49936,TRUE,223
Fund,72460,Pom Research Mitcham 49942,TRUE,223
Fund,72488,Plt Path Gilbertson Research Fund 49970,TRUE,223
Fund,72489,Plant Sci Tucker Herbarium General Sppt 49971,TRUE,223
Fund,72502,Plt PathGrape Diseases 49984,TRUE,223
Fund,72507,Plant Pathology Dept Support 49989,TRUE,223
Fund,72513,Plt PathFungicide Res 49995,TRUE,223
Fund,72515,Plt Path Research Duniway 49997,TRUE,223
Fund,72520,Plt Path Research Bruening 50002,TRUE,223
Fund,72698,Textiles Research Sun 53004,TRUE,223
Fund,72708,Textiles and Clothing Res Rucker 53026,TRUE,223
Fund,72840,Pit PathFruit Diseases Rsrch 53518,TRUE,223
Fund,72863,Ag Resource Economic Support 53561,TRUE,223
Fund,72898,Plt PathPitch Canker Res 53650,TRUE,223
Fund,72904,Nematicide Research Support 53669,TRUE,223
Fund,72914,Wfb Research Support 53692,TRUE,223
Fund,72947,Central Valley Research Krueger 53836,TRUE,223
Fund,72970,Student Experimental Farm Support 54040,TRUE,223
Fund,72991,AandRs Research Hutmacher 54182,TRUE,223
Fund,73037,DANRElkus Youth Ranch 54354,TRUE,223
Fund,73038,Nrs Funding Jones Fund 54354,TRUE,223
Fund,73096,Coop Ext Lawr Research Support 54678,TRUE,223
Fund,73218,An Sci Research Oberbauer 54918,TRUE,223
Fund,73237,VM Ccah Canine Research 55006,TRUE,223
Fund,73238,VM Ccah Feline 55007,TRUE,223
Fund,73245,Plant Pathology Fungal Disease Research 55012,TRUE,223
Fund,73267,Field Screening Ag Biostimulants Rsch 55034,TRUE,223
Fund,73305,Climate Stewards Initiative For Calif 55071,TRUE,223
Fund,73352,Plant Pathology Research Eskalen 55117,TRUE,223
Fund,73383,JandM Ogawa Field Lab Renovation 55148,TRUE,223
Fund,73388,Wine Closures Research Program 55153,TRUE,223
Fund,73433,Smoke Taint Research Program 55198,TRUE,223
Fund,73441,Ctr Plant DiversityHerbarium TShirt Fd 55206,TRUE,223
Fund,73472,Plant Soil Science Programs 55236,TRUE,223
Fund,73480,Lange Memorial Bohart Museum Support 55244,TRUE,223
Fund,73495,Center For Clear Support Fund 55257,TRUE,223
Fund,73530,Crop Systems Biology Fund 55293,TRUE,223
Fund,73566,Spray ApplICAtions Research 55328,TRUE,223
Fund,73568,PlantandSoils Nutrition Research 55330,TRUE,223
Fund,73576,IntL WineandFood Society Fellowship 55338,TRUE,223
Fund,73584,Food Engineering and Bioenergy Production 55346,TRUE,223
Fund,73586,Combining Symbolic Reasoning Project 55348,TRUE,223
Fund,73597,Pharm Tox Graduate Group General Support 55359,TRUE,223
Fund,73621,Plant Path Discr GiftsSubbarao 55381,TRUE,223
Fund,73628,Aqueous ApplIcation Of Organic Nutrients 55388,TRUE,223
Fund,73666,Winiarski Adv AmerineWinkler Index 55426,TRUE,223
Fund,73695,Genetic Science Educ Fnd P RolandS Lab 55455,TRUE,223
Fund,73709,Horodas Family Fdn Conservation Rsch Fnd 55469,TRUE,223
Fund,73735,Ceh StudentandResident Support Fund 55495,TRUE,223
Fund,73740,Compassion Vs Mindfulness Stress Reduct 55500,TRUE,223
Fund,73751,Plant Science Research 55511,TRUE,223
Fund,73753,Horse Facility Pack Team Support 55513,TRUE,223
Fund,73754,Avocado Oil Research 55514,TRUE,223
Fund,73778,WilliamBillCoates Memorial Award 55537,TRUE,223
Fund,73800,LooxidUCD Interaction Analytics Initiat 55559,TRUE,223
Fund,73805,Cling Peach Inspection Research 55564,TRUE,223
Fund,73828,Student Farm Flower Garden Support Fund 55587,TRUE,223
Fund,73862,Zoetis UCD2 Transatlantic 1 Hlth Allianc 55620,TRUE,223
Fund,73918,Microbial Safety Research 55676,TRUE,223
Fund,73930,Wcec Affiliate Program 55688,TRUE,223
Fund,73931,Cwee Affiliate Program 55689,TRUE,223
Fund,73967,Functional Molecular Biology Lab Fund 55725,TRUE,223
Fund,73968,Meat Quality Research 55726,TRUE,223
Fund,73997,Plant Nutrition Research 55755,TRUE,223
Fund,74001,Vit and Enol Research Support Fund 55759,TRUE,223
Fund,74020,Jfw Experimental Winemaking Fund 55778,TRUE,223
Fund,74028,Null Pointer Dereferences In The Wild 55786,TRUE,223
Fund,74056,Medacta Fund 55814,TRUE,223
Fund,74066,Alfalfa Entomology Research 55824,TRUE,223
Fund,74069,I Greppi Estate Winegrowing 55827,TRUE,223
Fund,74102,Mule and Donkey Behavior Research 55860,TRUE,223
Fund,74125,Grape Consumpt and Reduc Methane Emis In Cow 55883,TRUE,223
Fund,74140,Nessa Marion Cancer Research Fund 55898,TRUE,223
Fund,74147,FieldandVegetable Crop Entomology Resrch 55905,TRUE,223
Fund,74179,Plant Pathology Research Fund 55937,TRUE,223
Fund,74223,Nutrition Research Fund 55981,TRUE,223
Fund,74251,Plt Path Pistachio Res Michaildes 56009,TRUE,223
Fund,74258,Gc ResearchandEdu Michelmore 56016,TRUE,223
Fund,74277,Biological and Agricultural Eng Research 56031,TRUE,223
Fund,74316,Veg Crops Research Hartz 56066,TRUE,223
Fund,74458,Okra Genetics Fund 56204,TRUE,223
Fund,74471,PlantBased Production Research Fund 56217,TRUE,223
Fund,74478,Food Processing and Waste Management Rsrch 56224,TRUE,223
Fund,74480,Citris Seed Awards Covid19 Fr Ucb 56226,TRUE,223
Fund,74485,Plant Science Research Fund 56231,TRUE,223
Fund,74487,Amphibian Pathogen Batrachochytrium Dend 56233,TRUE,223
Fund,74501,Enzyme Control Research 56247,TRUE,223
Fund,74539,Vit and Enol Walker 56294,TRUE,223
Fund,74548,Veg Crops Tomato Genetic Resource Center 56302,TRUE,223
Fund,74550,Veg Crops Research Saltveit 56304,TRUE,223
Fund,74568,Wfb Research Van Vuren 56322,TRUE,223
Fund,74620,Beneficial Microbes For Marine Organisms 56373,TRUE,223
Fund,74647,AfrICAn Plant Specimen Project 56400,TRUE,223
Fund,74676,MicrometeorologICAl Measurements Rsrch 56429,TRUE,223
Fund,74724,Wine Spectator Calif Scholarship 56477,TRUE,223
Fund,74732,Microbiome Of Leafy Green Crop Research 56485,TRUE,223
Fund,74776,Cooperative Ext Aquaculture Prgm Rrsch 56529,TRUE,223
Fund,74782,Chocolate Quality Purity and Nutrition Rrsch 56535,TRUE,223
Fund,74824,Micromobility Sustainability Impct Rsrch 56577,TRUE,223
Fund,74842,Nutrition Research and Education Fund 56595,TRUE,223
Fund,74868,Wfb Research Engilis 56620,TRUE,223
Fund,74903,Genomics Research Fund 56655,TRUE,223
Fund,74910,Shd Olive Agronomic Research Fund 56662,TRUE,223
Fund,74933,Kind Snacks Fund For Pollinator Health 56685,TRUE,223
Fund,74990,Zoology Research Shapiro 56742,TRUE,223
Fund,75015,Sustainability and Prod Of Smallholder Far 56767,TRUE,223
Fund,75027,Plant Reproductive Biology Research 56779,TRUE,223
Fund,75029,Sensory and Consumer Science Research Dela 56781,TRUE,223
Fund,75050,Mcal Therapeutics Ophthalmology Rsrch Fd 56802,TRUE,223
Fund,75056,Plant Pathology Research Fund 56809,TRUE,223
Fund,75086,Geospatial Mapping of Data to Spt Devlp 40718,TRUE,223
Fund,75090,Dynein International Workshop 42827,TRUE,223
Fund,75094,Irrigation Nitrogen and Salinity Mgmt Rsr 45937,TRUE,223
Fund,75099,Global Fellowships in Agricultural Devel 45980,TRUE,223
Fund,75110,Beef Cattle Nutrition Research Fund 45996,TRUE,223
Fund,75111,Cacao Greenhouse Fund 45998,TRUE,223
Fund,75121,CBI Smoke Impact Treatment Options Fund 46013,TRUE,223
Fund,75128,ArsuagaVazquez Lab Support Fund 46028,TRUE,223
Fund,75138,Raptor Research Support Fund 46042,TRUE,223
Fund,75140,Strawberry Research Fund 46044,TRUE,223
Fund,75161,Heirloom Bean Breeding Research Fund 46076,TRUE,223
Fund,75182,Cacao Germplasm Pathology Fund 46108,TRUE,223
Fund,75190,Chem Olson David Psych Gift 46121,TRUE,223
Fund,75209,FoodandAgricultural Econ Grad Std Award 46148,TRUE,223
Fund,75214,Nut Crop Fund 46158,TRUE,223
Fund,75223,Increasing Drought Resilience Rsrch Fnd 46180,TRUE,223
Fund,75228,Science Nurtures Understanding Forest Fi 46196,TRUE,223
Fund,75230,Adipogenic Research Support 46201,TRUE,223
Fund,75238,Health Benefits of Milk Fund 46215,TRUE,223
Fund,75251,Biological and Agricultural Engineer Rsrc 56813,TRUE,223
Fund,75268,Field Data Collection and Research Fund 56834,TRUE,223
Fund,75279,Methane Inhibition Research 56848,TRUE,223
Fund,75288,Almond Nutrient Management Research Fund 56867,TRUE,223
Fund,75301,Hancock Natural Resource Grp Climate Imp 56891,TRUE,223
Fund,75303,Water Balance of Regen Almond Product Rs 56896,TRUE,223
Fund,75304,EntomologyandNematology Research Fund 56897,TRUE,223
Fund,75305,Conservation Genomics Research Fund 56899,TRUE,223
Fund,75306,Yosemite Sugar Pines Project Fund 56901,TRUE,223
Fund,75315,Aquatic Weed Research Fund 56918,TRUE,223
Fund,75318,Dairy Research Support Fund 56926,TRUE,223
Fund,75329,Cocos Fund 56956,TRUE,223
Fund,75335,Almond Irrigation Research Fund 56965,TRUE,223
Fund,75362,VEG CROP WEED DAY 41169,TRUE,223
Fund,75386,ENTOM EXT PEST MGMT CROP RSRCH 54514,TRUE,223
Fund,75390,Earth BioGenome Initiative 46361,TRUE,223
Fund,75392,Digital Agriculture Lab Support Fund 46222,TRUE,223
Fund,75477,Sheep Mowing Project Support Fund 46172,TRUE,223
Fund,75504,Keith Baar Mealworm Protein and Sport Nutr 46231,TRUE,223
Fund,75516,Controlled Environment Cacao Fund 46244,TRUE,223
Fund,75550,Sustainable Shellfish Aquaculture Rsrch 46282,TRUE,223
Fund,75567,HighPerformance Data Visualization and An 46300,TRUE,223
Fund,75579,Nuts and Berries Conference Support Fund 46312,TRUE,223
Fund,75589,AgBiome Genome Editing Fund 46322,TRUE,223
Fund,75593,Water Use Classif of Landscape Species 46326,TRUE,223
Fund,75597,Bearded Collie Genetic Research Fund 46331,TRUE,223
Fund,75599,CRISPR African Plant Breeding Academy 46333,TRUE,223
Fund,75612,2022 KIND Snacks Fd for Education and Outr 46348,TRUE,223
Fund,75614,Agronomic Crop Research Fund 46350,TRUE,223
Fund,75630,MultiStakehold EngegementState Polic 46369,TRUE,223
Fund,75650,Scalable faulttolerant quantum computin 46391,TRUE,223
Fund,75658,Green Program Experiential Learning Fund 47053,TRUE,223
Fund,75661,Feed Additive Field Research Fund 47612,TRUE,223
Fund,75687,Nunnari Lab Support 47937,TRUE,223
Fund,75688,KIND Snacks for Regenerative Ag and Pollin 47938,TRUE,223
Fund,75709,Inst of the Environment Art and Activism 47959,TRUE,223
Fund,75726,Resnick Agricultural Innovation Research 47976,TRUE,223
Fund,75751,Stuart and Lisa Woolf Fund for Agave Rsch 48004,TRUE,223
Fund,75754,Clinical Breastfeeding Research Fund 48007,TRUE,223
Fund,75787,UCCE IPM PROGRAM SUPPORT GAUTAM 50059,TRUE,223
Fund,75814,Isao Fujimoto MEMORIAL Student Award 50086,TRUE,223
Fund,75815,Hops Plants Genetics Research Fund 50087,TRUE,223
Fund,75841,Nanobodies and Antibodies Research Fund 50114,TRUE,223
Fund,75859,Plant Fertility Research Fund 50132,TRUE,223
Fund,75860,Healthy Central Valley Together Fund 50133,TRUE,223
Fund,75876,Soil Health Indicators Research Fund 50149,TRUE,223
Fund,75881,Plant and Insect Virology Research Fund 50154,TRUE,223
Fund,76069,Equine Infectious Disease Research Fund 50165,TRUE,223
Fund,76073,Triticale Breeding Program 50169,TRUE,223
Fund,76105,Maldonado Carbon Capture Research Award 50203,TRUE,223
Fund,76111,Burn and Wound Care Fund 50216,TRUE,223
Fund,76138,Women in Wine Student Group Support Fund 50272,TRUE,223
Fund,76140,Biostimulant Research Fund 50274,TRUE,223
Fund,76142,Intgrtd Crop Livestock Sys Rsrch Fund 50276,TRUE,223
Fund,76160,Alzheimers Parkinsons Disease Rsrch 50294,TRUE,223
Fund,76166,CMF Development Research Fund 50300,TRUE,223
Fund,76173,SrfcMdlgFrAutonmsVehAttacksDefense Fund 50307,TRUE,223
Fund,76177,Olive Pomace Research Fund 50311,TRUE,223
Fund,76220,Forensic Protein Research Fund 50354,TRUE,223
Fund,76227,Automotive Computing Research Fund 50361,TRUE,223
Fund,76242,ClimateSmartStrategies4TomatoCropSysFund 50376,TRUE,223
Fund,76256,Optimizing Potassium Mgmt Rsrch Fund 50390,TRUE,223
Fund,76265,Personality Prob Solving Gray Wolves 50199,TRUE,223
Fund,76267,Bacterial Pathogens Research 50202,TRUE,223
Fund,76273,Vertical Farming Research Fund 50249,TRUE,223
Fund,76282,Dough Sheeter Project 50441,TRUE,223
Fund,76286,Bioconversion of Lignocellulosic Biomass 50453,TRUE,223
Fund,76309,Milk Bioactive Research Fund 50431,TRUE,223
Fund,76315,ClimateChangeonMarineSpeciesRscrhFund 50445,TRUE,223
Fund,76316,Genome Evolution in Brassicaceae Species 50448,TRUE,223
Fund,76348,SMUD Agrivoltaic Research Fund 50504,TRUE,223
Fund,76352,Spinach Research Fund 50515,TRUE,223
Fund,76353,Hartwell Fdn Biomedical Fellowship 50516,TRUE,223
Fund,76354,The Hartwell Foundation 50517,TRUE,223
Fund,76355,Processing Tomato Quality RschFund 50518,TRUE,223
Fund,76360,Vineyard Soil Health Research Fund 50524,TRUE,223
Fund,76362,Fuels Research Fund 50527,TRUE,223
Fund,76365,iCAMPIndustryPartnershipProgramFund50533,TRUE,223
Fund,76366,DesigntoData D2D Program Sppt Fund 50534,TRUE,223
Fund,76516,Regenerative Agricultural Fund 50566,TRUE,223
Fund,76546,Quality Extra Virgin Olive Oil Research 50591,TRUE,223
Fund,76556,Denovix Instrument Support Fund 50597,TRUE,223
Fund,76562,Full Spectrum LEDs Research Fund 50601,TRUE,223
Fund,76573,Cultures of California Agriculture Support Fund,TRUE,223
Fund,76605,Clinical Nutrition Program Support Fund,TRUE,223
Fund,76606,LED Color and Stress Mitigation Research Fund,TRUE,223
Fund,76612,Open Source Tool for Automated Static OptimizationSparseLLMs,TRUE,223
Fund,76622,Pathogen Detection Research Fund,TRUE,223
Fund,76625,Sustainable Food and Farming Systems Research Fund,TRUE,223
Fund,76638,Estimating Uncertainty for Generative AI Models Rsrch Fund,TRUE,223
Fund,76640,Ceramic Materials Research Fund,TRUE,223
Fund,76645,Freeze-Dry Lyovapor Machine Fund,TRUE,223
Fund,76663,ETERC Consortium Support Fund,TRUE,223
Fund,76666,Western Region Islet Study Group Support Fund,TRUE,223
Fund,76702,Ruminant and Rumen Microbiology Research Fund,TRUE,223
Fund,76721,Owned Cats Behavior Research Fund,TRUE,223
Fund,76726,Big Bang Theory TBBT Graduate Fellowship Fund,TRUE,223
Fund,76732,Metabolic and Cognitive Health Properties Research Fund,TRUE,223
Fund,76756,IMGC Milk Science Fund,TRUE,223
Fund,76801,High-Speed Circuits for Optical Systems Research Fund,TRUE,223
Fund,76814,Plant Nematode Interactions Research,TRUE,223
Fund,76816,EV Efficiency Fund,TRUE,223
Fund,76833,Soil Health and Biodiversity in Agroecosystems,TRUE,223
Fund,76859,Canine Stress and Welfare Research Study,TRUE,223
Fund,76862,Rosy Red Valencia Research Study,TRUE,223
Fund,76864,Milk Response Impact Fund,TRUE,223
Fund,76881,Myrosinase Research Fund,TRUE,223
Fund,76894,Succulents Cacti Research,TRUE,223
Fund,76896,THP Brewing Research,TRUE,223
Fund,76907,Zinc Nutritional Research,TRUE,223
Fund,76934,Table Grapes Disorder Research Fund,TRUE,223
Fund,93139,R M Kunde Chair ViticultureandEnology,TRUE,223
Fund,99U99,Error Clearing Fund,FALSE,
Fund,E0009,PRN Davis Botanical Society 322216 40923,TRUE,223
Fund,E0010,PRN Society Student Grants Fund 322217 56849,TRUE,223
Fund,E0016,PRN CBS Deans Circle 322413 42534,TRUE,223
Fund,E0030,PRN Honeybee and Pollinators Research 322541 43646,TRUE,223
Fund,E0032,PRN Hellman Fellows Fund 322546 42753,TRUE,223
Fund,E0043,PRN Agricultural Sustainability Institute 322645 43254,TRUE,223
Fund,E0046,PRN Viticulture Enology Student Support 322648 45720,TRUE,223
Fund,E0083,PRN UCD Health System Eye Center Education 322947 44626,TRUE,223
Fund,E0085,PRN Lloyd Chan Award 322956 55717,TRUE,223
Fund,E0123,PRN Plant Sciences General Support 323085 42822,TRUE,223
Fund,E0130,PRN Crete Viticulture EnologyFood Science 323123 45952,TRUE,223
Fund,E0153,PRN KiDS Program Fund 323294 46835,TRUE,223
Fund,E0176,PRN Canine Health Fund 323414 55006,TRUE,223
Fund,E0189,PRN CCAH General Support 323459 55005,TRUE,223
Fund,E0239,PRN WineXRay Internship Award 323659 47795,TRUE,223
Fund,E0261,PRN Hershey Family Fdn Research Scientist 323764 48118,TRUE,223
Fund,E0269,PRN Berta Olive Center Fund 323788 48164,TRUE,223
Fund,E0280,PRN California Israel Research Fund 323843 49198,TRUE,223
Fund,E0284,PRN Enotrex International Internshp 323861 48873,TRUE,223
Fund,E0293,PRN Bird Haven Wood Duck Fund 323900 48975,TRUE,223
Fund,E0337,PRN Center for Community and Citizen Science 324056 49316,TRUE,223
Fund,E0350,PRN Wine Spectator Scholarship 324088 56477,TRUE,223
Fund,E0356,PRN Russell and Dorothy Bilinski BML Fellow 324105 49704,TRUE,223
Fund,E0357,PRN Ted Bradshaw Engaged Student Scholar Awd 324108 49490,TRUE,223
Fund,E0381,PRN Kendra Elizabeth Young Memorial Fund 324163 55834,TRUE,223
Fund,E0392,PRN Walter Margaret Milton Grad Atmospher 324206 49707,TRUE,223
Fund,E0398,PRN Stacey Roberts and Michael Lassner Award 324229 49837,TRUE,223
Fund,E0400,PRN W Harry Lange Jr Mem Curr Use Travel 324231 55276,TRUE,223
Fund,E0401,PRN W Harry Lange Jr Mem Bohart Museum CU 324232 55244,TRUE,223
Fund,E0413,PRN Lyon Cisneros Family Research Fund 324283 55085,TRUE,223
Fund,E0415,PRN Green Fellowship Fund 324296 55224,TRUE,223
Fund,E0416,PRN Sustainable Living Learning Community 324297 49885,TRUE,223
Fund,E0421,PRN California Olive Ranch Distinguished Fel 324314 55216,TRUE,223
Fund,E0444,PRN International Wine Food Soc Fellowship 324401 55338,TRUE,223
Fund,E0476,PRN Ferguson Pharmacology Toxicology Fund 324507 55736,TRUE,223
Fund,E0522,PRN Laffort USA Enology Award 324607 55972,TRUE,223
Fund,E0533,PRN Alumni to Aggie Student Research Award 324626 55986,TRUE,223
Fund,E0547,PRN Noyce Initiative Fund 324672 56497,TRUE,223
Fund,E0558,PRN Atmospheric Science Research Teaching 324695 56463,TRUE,223
Fund,E0572,PRN SVM Deans Disaster Rehabilitation Fnd 324731 56549,TRUE,223
Fund,E0623,PRN Eschscholzia Learning Award 324866 56872,TRUE,223
Fund,E0625,PRN Lawrence Mapp Student Farm Fund 324870 56976,TRUE,223
Fund,E0637,PRN Professor Weylin Eng Support Fund 324895 45992,TRUE,223
Fund,E0644,PRN Food and Ag Econ Graduate Student Awd 324914 46148,TRUE,223
Fund,E0660,PRN The Domaine Carneros Le R ve Scholarship 324944 46051,TRUE,223
Fund,E0666,PRN Valentine Fellowship Fund 324950 45139,TRUE,223
Fund,E0694,PRN Science Nurtures Understand Forest Fire 325022 46196,TRUE,223
Fund,E0718,PRN Barrett Buhlert Food Sci Awd Support 325096 48774,TRUE,223
Fund,E0735,PRN Jean Kinsey Excellence Award 325133 46332,TRUE,223
Fund,E0760,PRN Biological Sciences Annual Fund 342025 39811,TRUE,223
Fund,E0762,PRN College of Agri Enviro Sciences 342035 44604,TRUE,223
Fund,E0767,PRN Animal Science General Support 342080 41100,TRUE,223
Fund,E0788,PRN Industry Relations Manager 322817 44765,TRUE,223
Fund,E0791,PRN Honors Student Program Engineering 322934 45404,TRUE,223
Fund,E0817,PRN Kendra M Chan Award 324092 49415,TRUE,223
Fund,E0819,PRN Smart Farm Excellence Fund 324158 49826,TRUE,223
Fund,E0821,PRN CAES Experiential Learning Fund 324187 49827,TRUE,223
Fund,E0831,PRN CLEAR Support Fund 324353 55257,TRUE,223
Fund,E0832,PRN Khaira Family Experiential Learning Fund 324377 55364,TRUE,223
Fund,E0855,PRN Nieland Family Award 324603 55976,TRUE,223
Fund,E0860,PRN Brinson Prize Fellowship 324704 56515,TRUE,223
Fund,E0868,PRN Richard A Ward Fellowship 324748 56582,TRUE,223
Fund,E0876,PRN Theopolis Vineyards Diversity Fund 324869 56865,TRUE,223
Fund,E0882,PRN The Foley Family Fund for Sustainability 324910 45987,TRUE,223
Fund,E0889,PRN Jackson Family Smoke Impact Research 325017 46323,TRUE,223
Fund,E0890,PRN Integrated Wetland Management Research 325021 46217,TRUE,223
Fund,E0891,PRN Justin Meyer Graduate Student Fellowship 325123 47944,TRUE,223
Fund,E0899,PRN Viticulture and Enology Equipment Fund 322208 42812,TRUE,223
Fund,E0905,PRN Jackson Sustainable Winery Building 322732 45469,TRUE,223
Fund,E0913,PRN Carlos Alvarez Fund 323467 47247,TRUE,223
Fund,E1028,PRN Yakima Chief Hops Brewing Sci Awd Sppt 325165 50090,TRUE,223
Fund,E1032,PRN Resnick Agricultural Innovation Research 325187 47976,TRUE,223
Fund,E1080,PRN Mary Stuart Hall Support Fund 325163 50176,TRUE,223
Fund,E1083,PRN Muse Family Foundation Fund 325203 50069,TRUE,223
Fund,E1100,PRN Khaira Family Dean s Support Fund 325231 50122,TRUE,223
Fund,E1116,PRN Herbert AYoung Society 322099 40511,TRUE,223
Fund,E1119,PRN Gil Yanuck Qi Gong Research Fund 325255 50171,TRUE,223
Fund,E1156,PRN DaleyKrautkramer Agrivoltaics Research 325318 50325,TRUE,223
Fund,E1160,PRN Agricultural Partnership with Japan Fund 325234 50152,TRUE,223
Fund,E1174,PRN Gentner Field Laboratory Renovation Fund 325329 50355,TRUE,223
Fund,E1201,PRN Kami Fellowship in ECE 325397 50513,TRUE,223
Fund,E1207,PRN Animal Genetics Research 325404 56087,TRUE,223
Fund,E1216,PRN Institute of the Environment Fund 325415 50558,TRUE,223
Fund,E1220,PRN L.A.W. Support for Food Sci Student Exp 325419,TRUE,223
Fund,E1223,PRN Winiarski Fund Amerine Winkler Index 325423 55426,TRUE,223
Fund,E1298,PRN Sensory Hub General Support Fund 325452,TRUE,223
Fund,E1316,PRN Ketone Nutrition Research 325480,TRUE,223
Fund,E1317,PRN Ellis and Linton Fnd for Ctr for Neuroengineering325481,TRUE,223
Fund,E1318,PRN EllisandLinton Fnd for Sustainable CampusesCities325482,TRUE,223
Fund,E1362,PRN Jackson Sustainable Winery Building Equi 323438 55644,TRUE,223
Fund,E1367,PRN K112 and Brain Tumor Research Fund 325537,TRUE,223
Fund,E1376,PRN Silver Oak Cellars Site Winemaking Fund 325554,TRUE,223
Fund,E1423,PRN Dry Eye Disease Research Fund 325573,TRUE,223
Fund,E1431,PRN Daniel Potter Plant Sciences Award Support Fund 325991,TRUE,223
Fund,E1443,PRN Louise Ferguson Craig Kallsen Pistachio Rsch Fund 325603,TRUE,223
Fund,E1553,PRN Hsia Fund for Meat and Dairy Research 325759,TRUE,223
Fund,F9985,IN Judy Erwin Fellowship Fund 122356 44977,TRUE,223
Fund,K1009,PRN Donald E Hart Memorial Scholarship 124509 56041,TRUE,223
Fund,K1082,PRN Mantle Family Scholarship 124793 56678,TRUE,223
Fund,K1491,PRN Bruce N Janacek Fund for History 124049 PG,TRUE,223
Fund,K1504,PRN Henderson Retina Research Endowment 124109 PG,TRUE,223
Fund,K1519,PRN Terri and Alan Wolf Nursing Scholarship 124183 PG,TRUE,223
Fund,K1923,PRN Michael and Renée Child Professorship in Business 125592,TRUE,223
Fund,K1925,"PRN MikeReneeChildNativeAmericanScience,Tech,MathAward125594",TRUE,223
Fund,M0001,Annual Giving Program Allocations 39800,TRUE,223
Fund,P0014,Milton D and Mary M Miller Fund 111412 40121,TRUE,223
Fund,P0019,Ernest Briick Scholarship 111430 42906,TRUE,223
Fund,P0022,Knowles Agronomy Scholarship 111465 47721,TRUE,223
Fund,P0030,Barbara Drake Bearden Scholarship 111539 42543,TRUE,223
Fund,P0033,John Mary Gifford Endowment 111570 41725,TRUE,223
Fund,P0040,Animal Science Graduate Fund 111617 41103,TRUE,223
Fund,P0046,George Marsh Scholarship 111653 48211,TRUE,223
Fund,P0049,Harold Elizabeth Kendall Fellowship 111661 47652,TRUE,223
Fund,P0050,Dennis G Raveling Endowed Waterfowl 111663 50507,TRUE,223
Fund,P0054,Alpha Gamma Rho Award 111675 40280,TRUE,223
Fund,P0062,Rose Drake Award 111721 44880,TRUE,223
Fund,P0073,David E Ramos Walnut Research Fund 111759 56320,TRUE,223
Fund,P0089,Bill Hazeltine Student Research Award 111827 46857,TRUE,223
Fund,P0092,Schlinger Insect Systematics Chair 111835 40307,TRUE,223
Fund,P0093,Hardman Native Plant Research 111837 44150,TRUE,223
Fund,P0094,Androus Prof Rice Weed Cntrl 111839 50508,TRUE,223
Fund,P0097,Walter Roselinde Russell Grad Flwship 111851 50995,TRUE,223
Fund,P0102,Campbell Soup Nutrition Fellowship 111873 40209,TRUE,223
Fund,P0103,H J Heinz Endowed Student Fund 111875 40266,TRUE,223
Fund,P0110,AnheuserBusch Malting Brewing Prof 111907 40254,TRUE,223
Fund,P0111,William E Stuke Walnut Research Flwship 111909 40208,TRUE,223
Fund,P0116,Pengelley Evolutionary Biology Rsch 111923 40223,TRUE,223
Fund,P0117,Luc BossuytBristolMyers Squibb Schol 111925 40210,TRUE,223
Fund,P0120,Frank G Rue Memorial Scholarship 111947 40332,TRUE,223
Fund,P0127,Swantz Endowed Specialist 111972 42136,TRUE,223
Fund,P0128,Harold O Carter Endowment 111974 41178,TRUE,223
Fund,P0135,Richard H Johnson Fellowship 111989 41752,TRUE,223
Fund,P0136,Eugene Boone Family Internship 111994 45419,TRUE,223
Fund,P0145,Stumpf Plant Biochemistry Professorship 122017 40759,TRUE,223
Fund,P0147,John S Joan Y Fiddyment Chair 122021 43148,TRUE,223
Fund,P0150,Williams Forage Research Outreach 122028 40632,TRUE,223
Fund,P0167,Marvin Sands Endowed Chair 122070 40906,TRUE,223
Fund,P0168,Lloyd W Swift Student Endow 122073 40908,TRUE,223
Fund,P0176,Stelling Research Fund 122084 47017,TRUE,223
Fund,P0178,David E Gallo Education Fund 122089 40910,TRUE,223
Fund,P0180,Honda Distinguished Scholar 122092 41226,TRUE,223
Fund,P0183,Gifford Student Support Endw 122096 40899,TRUE,223
Fund,P0188,Nathan Fay Grad Fellowship 122103 41008,TRUE,223
Fund,P0196,Avian Development Genetics Endowment 122122 46609,TRUE,223
Fund,P0204,Chao L Hsia Endowed Fund 122136 41385,TRUE,223
Fund,P0230,Nematology Graduate Fellowship 122182 41325,TRUE,223
Fund,P0238,Jack Major Memorial Award 122194 41753,TRUE,223
Fund,P0245,Sesnon Endowed Chair in Animal Sci 122210 41649,TRUE,223
Fund,P0255,Fradkin Vit Enology Student Award 122227 48123,TRUE,223
Fund,P0261,Orr Environmental Plant Sciences Chair 122235 41850,TRUE,223
Fund,P0262,Larry Mitich Memorial 122236 41823,TRUE,223
Fund,P0266,DuBee Cancer Research Endowed Fund 122248 43789,TRUE,223
Fund,P0272,Novozymes Chair in Genomics 122261 42163,TRUE,223
Fund,P0278,Thompson Grad Fund 122275 42001,TRUE,223
Fund,P0282,Michael Bonaccorsi Sclrshp 122288 41816,TRUE,223
Fund,P0294,James G Boswell Fdtn Soil Science Endow 122304 43673,TRUE,223
Fund,P0299,Charles R Duncan Endowed Fund 122316 42229,TRUE,223
Fund,P0304,Betty Randecker Rogers Endw 122329 42256,TRUE,223
Fund,P0307,Mars Inc Endowed Chair 122332 42291,TRUE,223
Fund,P0322,Laidlaw Honeybee Research 122361 44098,TRUE,223
Fund,P0341,Saratoga Horticultural Research 122393 43504,TRUE,223
Fund,P0351,Stelling Professor of Agricultural Econ 122411 56423,TRUE,223
Fund,P0363,Fresh Express Inc Graduate Student Spt 122433 43500,TRUE,223
Fund,P0377,John C Bruhn Dairy Foods Scholarship 122475 43619,TRUE,223
Fund,P0383,Campbell Soup Sustainable Vegetable Rsch 122487 45675,TRUE,223
Fund,P0395,Howard Wildlife Management Award 122507 45692,TRUE,223
Fund,P0398,Jesse and Gloria Dubin Award Fund 122510 45700,TRUE,223
Fund,P0399,Oki Family Horticultural Endowment Fund 122512 43927,TRUE,223
Fund,P0402,Robert M Natalie Dorn Infancy Chair 122515 45697,TRUE,223
Fund,P0415,Hellman Fellows Endowed Fund 122546 56930,TRUE,223
Fund,P0416,Erika CH Meng Award 122547 44037,TRUE,223
Fund,P0423,Arthur J Dorothy D Palm Ag Schol 122558 43086,TRUE,223
Fund,P0428,Rustici Ext Spec Rangeland Watershed Sci 122571 43816,TRUE,223
Fund,P0429,Rustici Rangeland Watershed Sci Chair 122572 43815,TRUE,223
Fund,P0431,John C Gist Jr Award 122575 43203,TRUE,223
Fund,P0437,Michael J Lewis Endowed Fund 122587 43242,TRUE,223
Fund,P0439,Post Harvest Group Endowment 122591 44068,TRUE,223
Fund,P0440,Bradford Rominger Ag Award 122593 43838,TRUE,223
Fund,P0444,Chevron Chair in Energy Efficiency 122600 43233,TRUE,223
Fund,P0445,Albert Helen McNeil Performance Fund 122601 43217,TRUE,223
Fund,P0454,Ernest Gallo Fund for Education 122624 43202,TRUE,223
Fund,P0475,Rosenfeld Energy Efficiency Fund 122669 43857,TRUE,223
Fund,P0490,Adler Endowed Chair in Oncology 122700 44004,TRUE,223
Fund,P0496,Honey Bee Haven Fund 122717 44222,TRUE,223
Fund,P0513,Orville and Erna Thompson Fund 122753 44544,TRUE,223
Fund,P0533,Khush Seed Grant Fund 122789 44973,TRUE,223
Fund,P0567,Archie and Harriet Maclean Endowed 122886 45078,TRUE,223
Fund,P0568,Russell Ranch Sustainable Ag Endow 122887 46645,TRUE,223
Fund,P0579,Calif Rice Rsch Board Rsch Endow 122912 45520,TRUE,223
Fund,P0580,Fumio Matsumura Graduate Award Endowment 122915 46675,TRUE,223
Fund,P0584,Agroecology Endowed Professorship 122927 49250,TRUE,223
Fund,P0631,Peter B Moyle the Calif Trout Chair 123092 46662,TRUE,223
Fund,P0632,Abbott Graduate Student Award 123096 46608,TRUE,223
Fund,P0643,Singleton Enology Fund 123127 47044,TRUE,223
Fund,P0644,Dr William Weir Summer Research Award 123129 49926,TRUE,223
Fund,P0652,Benioff Fund in Radiation Oncology 123147 46449,TRUE,223
Fund,P0700,Araujo Family Endowed Intl Harvest 123308 47043,TRUE,223
Fund,P0742,Koret Shelter Medicine Endowment Fund 123444 47344,TRUE,223
Fund,P0757,HinoMisawa Companion Animal Award 123529 49768,TRUE,223
Fund,P0778,Cahill Riparian Preserve Endowment 123638 56402,TRUE,223
Fund,P0788,Yvonne LeMaitre Wild Oak Farm Endowment 123666 48143,TRUE,223
Fund,P0805,Corinne L Rustici Endowed in Human Nut 123719 49276,TRUE,223
Fund,P0806,Corinne L Rustici Endowed in Applied 123720 49277,TRUE,223
Fund,P0807,C Rustici Endowmt Nutrition and Dietetic 123721 49278,TRUE,223
Fund,P0824,J Cuppoletti and D Malinowska Award 123759 49051,TRUE,223
Fund,P0825,George Alexeeff Environmental Toxicology 123761 49076,TRUE,223
Fund,P0834,Blue Planet Prize Chair Excellence Fund 123792 49371,TRUE,223
Fund,P0850,Ken Grossman and Kathryn Gonser Fund 123859 49030,TRUE,223
Fund,P0851,Neil ForsbergAzizah Mohd Award 123862 49279,TRUE,223
Fund,P0895,Roy H Doi Undergraduate Research Award 124072 55004,TRUE,223
Fund,P0912,Charles Rick Endowed Fellowship in Plant 124182 55625,TRUE,223
Fund,P0949,Lingle Family Scholarship 124319 50072,TRUE,223
Fund,P0960,Ellen Dean Endowment 124350,TRUE,223
Fund,P1010,Erica Kelly Memorial Award 124518,TRUE,223
Fund,P1023,Dr Rose Marie Pangborn Award Endowment 124560 56241,TRUE,223
Fund,P1036,Frank Maurer Lenora Timm Quail Ridge 124588 55869,TRUE,223
Fund,P1069,Gall Faculty Research Endowment 124758 56594,TRUE,223
Fund,P1209,Richard M and Margaret ER Bohart Fund 141025 41902,TRUE,223
Fund,P1216,Thomas Nina Leigh Seminar 141500 45278,TRUE,223
Fund,P1217,Giedt Engr Professorship 141547 45668,TRUE,223
Fund,P1224,A Lloyd Brown Graduate Student 150003 43928,TRUE,223
Fund,P1231,Garel Athey Grunder Grad Award 150010 44220,TRUE,223
Fund,P1232,Silvia and Ted Hillyer Award 150011 45024,TRUE,223
Fund,P1239,Lee Baldwin Family Award 150018 44234,TRUE,223
Fund,P1255,Gary B Anderson Food Animal Award 150107 45459,TRUE,223
Fund,P1265,Lugg Graduate Student Award 150118 45549,TRUE,223
Fund,P1326,Jerry Fielder Memorial Fund 151026 45637,TRUE,223
Fund,P1328,L D Davis Peach Professorship 151576 44686,TRUE,223
Fund,P1329,DCC FellowsUG Research 151596 40047,TRUE,223
Fund,P1658,Benson Veterinary Emergency Fund 125199 PG,TRUE,223
Fund,P1668,Darrell Corti Endowed Professorship 125211 50092,TRUE,223
Fund,P1683,Henderson Fellowship in Hydrological Sci 124100 49607,TRUE,223
Fund,P9980,Englund Endowment 122001 40849 3 ENLVAME,TRUE,223
Fund,P9984,Judy Erwin Fellowship Fund 122356 44977 3 APSJ080,TRUE,223
Fund,P9986,Ed DePeters Family Fund 122625 43143 3 ANS572L,TRUE,223
Fund,P9987,Ed DePeters Family Fund 122625 43143 3 EDFFFEP,TRUE,223
Fund,P9992,Harold P Olmo Fund 141353 43134 3 VER3584,TRUE,223
Fund,P9996,Jennings Graduate Student Fellowship 150001 43788 3 JENGRAD,TRUE,223
Fund,P9997,Jennings Graduate Student Fellowship 150001 43788 3 AGRJENN,TRUE,223
Fund,P9998,Beckley and Herzog Scholarship 150114 47056 3 79BECKL,TRUE,223
Fund,PG015,UC Davis Herbarium Fund 222142 42510,TRUE,223
Fund,PG019,RMI Wery Endowment Fund 222205 48113,TRUE,223
Fund,PG020,RMI Brewery and Food Pilot Plant Endowme 222206 47609,TRUE,223
Fund,PG031,Ray Rossi His Sister Louise Rossi 222540 42814,TRUE,223
Fund,PG047,Crosby Chair Envr Chemistry 222709 44112,TRUE,223
Fund,PG048,Emil M Mrak Student Award 222721 44171,TRUE,223
Fund,PG049,Osborne Endowed Chair 222733 44243,TRUE,223
Fund,PG056,Victor Chu University Fellowship 222832 44979,TRUE,223
Fund,PG060,R Rossi Chair VE 223017 46643,TRUE,223
Fund,PG061,L Rossi Chair VE 223018 46642,TRUE,223
Fund,PG069,Dr Pedersen and Dr North Cane Cancer 223740 48170,TRUE,223
Fund,PG078,Rolf and Nadejda von Lorenz Comp Animal 224662 56352,TRUE,223
Fund,PG081,Douglas Butler Genetics Research Endowmt 224939 50054,TRUE,223
Fund,PG083,Patterson Brown Bohart Museum Sppt 225097 46275,TRUE,223
Fund,PG998,Robert Margrit Mondavi Stdnt Suppt RMI 222825 49229 VITMMS1,TRUE,223
Fund,PG999,Robert Margrit Mondavi Stdnt Suppt RMI 222825 49229 FSTMMS1,TRUE,223
Purpose,00,,FALSE,
Purpose,40,,FALSE,
Purpose,41,,TRUE,
Purpose,42,,TRUE,
Purpose,43,,FALSE,
Purpose,44,,TRUE,
Purpose,45,,TRUE,
Purpose,60,,FALSE,
Purpose,61,,FALSE,
Purpose,62,,FALSE,
Purpose,64,,TRUE,
Purpose,65,,TRUE,
Purpose,68,,TRUE,
Purpose,72,,FALSE,
Purpose,76,,FALSE,
Purpose,78,,FALSE,
Purpose,80,,FALSE,
