TitleCode,StaffTypeCode,Name
0001,,PRESIDENT OF THE UNIVERSITY
0002,,ASC VC AND ASC DEAN SR SOM
0003,,ASC VC AND CEACO
0004,,ASSOCIATE VICE CHANCELLOR-DIVERSITY AND INCLUSION AND CHIEF EXTERNAL AFFAIRS OFFICER
0005,,ASC VP ACAD PRG AND STRAT
0006,,ASC VP BUDGET ANL PLNG
0007,,ASC VP BUS OPS
0008,,ASC VP BUS OPS ANR
0010,,PROVOST AND EXECUTIVE VICE PRESIDENT-ACADEMIC AFFAIRS
0011,,ASC VP CAPITAL RESC MGT
0012,,SENIOR VICE PRESIDENT-DESIGNATE
0013,,ASC VP CPO
0014,,SENIOR VICE PRESIDENT-BUSINESS AND FINANCE
0015,,VICE PRESIDENT (FUNCTIONAL AREA)
0016,,VICE PRESIDENT-AGRICULTURAL AND NATURAL RESOURCES
0017,,VICE PRESIDENT HEALTH AFFAIRS
0018,,SENIOR VICE PRESIDENT-UNIVERSITY AFFAIRS
0019,,VICE PRESIDENT-CLINICAL SERVICES DEVELOPMENT
0020,,VICE CHANCELLOR UNDERGRADUATE
0021,,ASSOCIATE VICE PRESIDENT-SYSTEMWIDE CONTROLLER
0022,,ASC VP CHF CLIN STRAT OFCR
0023,,ASC VP FEDERAL GOVT REL
0024,,ASC VP HS
0025,,VP IT AND CHF INFO OFCR
0026,,ASC VP LAB OPS ADMSTN
0027,,ASC VP NATL LAB
0028,,VP IR AND ACAD PLNG
0029,,ASC VP STATE GOVT REL
0030,,CHANCELLOR
0031,,ASC VP SYSWIDE COMM
0032,,VICE CHANCELLOR (RESTRICTED USE)
0033,,VICE CHANCELLOR (FUNCTIONAL AREA)
0034,,SENIOR VICE CHANCELLOR (RESTRICTED USE)
0035,,SENIOR VICE CHANCELLOR (FUNCTIONAL AREA)
0036,,AST VP FINANCIAL CNTRL ACCTBLY
0037,,AST VP INSTITUTIONAL ADV
0038,,CHIEF COMPLIANCE OFFICER-MEDICAL CENTER
0039,,EXEC VP UC HEALTH
0040,,UNIVERSITY PROVOST
0041,,CHIEF QUALITY OFFICER-MEDICAL CENTER
0042,,PROVOST (FUNCTIONAL AREA)
0043,,DEPUTY ASSISTANT VICE PRESIDENT
0044,,DEPUTY ASSOCIATE VICE PRESIDENT
0045,,ASSISTANT VICE PRESIDENT (FUNCTIONAL AREA)
0046,,ASC VP CRO
0047,,DEAN-UNIVERSITY EXTENSION
0048,,DEPUTY TO ASC VP LAB OPS
0049,,DIR CONTINUING EDUC OF THE BAR
0050,,ASSOCIATE VICE PRESIDENT-ACADEMIC AFFAIRS
0051,,DIR CONTRACTS MGT
0052,,DIR UNIV PRESS
0053,,EXEC DIR AND COO PHYSCN SUPP
0055,,SECRETARY OF THE REGENTS
0056,,EXEC DIR INNOV ALLNS AND SVC
0057,,ASSOCIATE SECRETARY OF THE REGENTS
0058,,ASSISTANT SECRETARY OF THE REGENTS
0059,,MEDICAL GROUP EXECUTIVE DIRECTOR
0060,,TREASURER OF THE REGENTS
0061,,CONSULTANT TO THE TREASURER
0062,,EXEC DIR RGPO
0063,,ASSOCIATE TREASURER OF THE REGENTS
0065,,ASSOCIATE CHIEF INVESTMENT OFFICER
0066,,EXECUTIVE VICE CHANCELLOR AND PROVOST
0068,,EVP COO
0070,,ASSISTANT TREASURER (FUNCTIONAL AREA)
0071,,FINANCIAL OFFICER
0072,,EXEC VP CFO
0073,,SR MGN DIR INV OCIO
0074,,SR MGN DIR PUBL EQUITY INV
0075,,SR MGN DIR RISK MGT
0076,,SVP EXTERNAL REL
0077,,SVP HS AND SVC
0078,,VC ACAD PERSONNEL
0079,,VC AND DEAN GRAD STUDIES
0080,,GENERAL COUNSEL AND VICE PRESIDENT-LEGAL AFFAIRS
0081,,DEPUTY GEN COUNSEL
0082,,CHIEF CAMPUS COUNSEL/ASSOCIATE GENERAL COUNSEL
0083,,DEPUTY GENERAL COUNSEL OF THE REGENTS
0084,,MANAGING UNIVERSITY COUNSEL OFTHE REGENTS
0085,,UNIVERSITY COUNSEL OF THE REGENTS
0086,,VC AND DEAN MARINE SCI
0087,,VICE CHANCELLOR AND DEAN-SCHOOL OF MEDICINE
0088,,EXECUTIVE DIRECTOR-EXECUTIVE
0089,,COUNSEL OF THE REGENTS
0090,,ASSOCIATE VICE CHANCELLOR (FUNCTIONAL AREA)-EXEC
0091,,ASSISTANT VICE CHANCELLOR (FUNCTIONAL AREA)-EXEC
0092,,ASSISTANT VICE CHANCELLOR (SAFETY) EXECUTIVE
0093,,DIRECTOR (FUNCTIONAL AREA)-EXEC
0094,,DEPUTY DIRECTOR (FUNCTIONAL AREA)-EXEC
0095,,ASSOCIATE DIRECTOR (FUNCTIONAL AREA)-EXEC
0096,,ASSISTANT DIRECTOR (FUNCTIONAL AREA)-EXEC
0097,,(FUNCTIONAL AREA) DIRECTOR-EXEC
0098,,(FUNCTIONAL AREA) DIRECTOR (FUNCTIONAL AREA)-EXEC
0099,,MANAGER (FUNCTIONAL AREA)-EXEC
0101,,(FUNCTIONAL AREA)-EXEC MANAGER-EXEC
0102,,(FUNCTIONAL AREA) OFFICER-EXEC
0103,,(FUNCTIONAL AREA) OFFICER (FUNCTIONAL AREA) EXEC
0104,,ADMINISTRATOR (FUNCTIONAL AREA)-EXEC
0105,,(FUNCTIONAL AREA) ADMINISTRAT0R-EXEC
0106,,COORDINATOR (FUNCTIONAL AREA-EXEC
0107,,(FUNCTIONAL AREA) COORDINATOR-EXEC
0108,,DEAN (FUNCTIONAL AREA)-EXEC
0109,,(FUNCTIONAL AREA) DEAN (FUNCTIONAL AREA)-EXEC
0110,,ASSISTANT DEAN (FUNCTIONAL AREA)-EXEC
0111,,ASSOCIATE DEAN (FUNCTIONAL AREA)-EXEC
0112,,EXECUTIVE STAFF ASSISTANT FOR PLANNING
0113,,SPECIAL ASSISTANT (FUNCTIONAL AREA)-EXEC
0114,,EXECUTIVE ASSISTANT (FUNCTIONAL AREA)-EXEC
0115,,CAMPUS COUNSEL-EXEC
0116,,SENIOR VICE PRESIDENT-CHIEF COMPLIANCE AND AUDIT OFFICER
0117,,CHIEF AUDITOR-EXEC
0118,,UNIVERSITY LIBRARIAN
0119,,ASSOCIATE UNIVERSITY LIBRARIAN-EXEC
0120,,(FUNCTIONAL AREA) SUPERINTENDENT-EXEC
0121,,CHIEF OF POLICE-EXEC
0122,,VICE PROVOST (FUNCTIONAL AREA)-EXECUTIVE
0123,,ASSOCIATE VICE PROVOST (FUNCTIONAL AREA)
0124,,VICE CHANCELLOR-BUDGET AND PLANNING
0125,,ASSISTANT TO THE PRESIDENT (FUNCTIONAL AREA)
0126,,VICE CHANCELLOR-BUSINESS ADMINISTRATION
0127,,VICE CHANCELLOR-DEVELOPMENT/UNIVERSITY RELATIONS
0128,,VICE CHANCELLOR-EQUITY AND INCLUSION
0130,,SENIOR VICE PRESIDENT - RESEARCH INNOVATION AND ENTREPRENEURSHIP
0131,,VICE CHANCELLOR-INFORMATION TECHNOLOGY
0132,,VICE CHANCELLOR-RESEARCH
0133,,VICE CHANCELLOR-STUDENT AFFAIRS
0134,,VICE DEAN SOM
0135,,VICE PROVOST ACAD INFO
0136,,VICE PROVOST FAAP
0137,,VP GUEA
0138,,ACTG CHAN
0140,,ASSISTANT CHANCELLOR (FUNCTIONAL AREA)
0141,,VP BUDGET AND CAPITAL RESC
0142,,VP SYSWIDE HR
0143,,VP NATIONAL LAB
0144,,VP RSCH AND INNOV
0145,,EXECUTIVE ASSISTANT TO THE CHANCELLOR
0146,,VP STDT AFFAIRS
0147,,SVP PUBL AFFAIRS
0148,,SVP GOVT REL
0149,,PRES ADULT SVC
0150,,ASSISTANT TO THE CHANCELLOR (FUNCTIONAL AREA)
0151,,UCSF EVP CCO ONLY
0152,,CHF DEPUTY GENERAL COUNSEL
0153,,CHIEF FINANCIAL OFFICER-HEALTH SYSTEMS AND CAMPUS
0154,,VICE CHANCELLOR - CHIEF FINANCIAL OFFICER
0155,,SPECIAL ASSISTANT TO CHANCELLOR (FUNCTIONAL AREA) CHANCELLOR (FUNCTIONAL AREA)
0156,,PRES BENIOFF CHILDREN HOSP
0157,,VC STRAT COMM
0158,,UCSD CHF CLIN OFCR ONLY
0159,,COO SVP CLIN PRAC AMBUL CARE
0160,,DEAN (SCHOOL/COLLEGE)-EXECUTIVE
0161,,EXECUTIVE DIRECTOR-MEDICAL CENTER
0162,,CHIEF ADMINISTRATIVE OFFICER-MEDICAL CENTER
0164,,CHIEF EXECUTIVE OFFICER-MEDICAL CENTER
0165,,CHIEF FINANCIAL OFFICER-MEDICAL CENTER
0166,,CHIEF NURSING OFFICER-MEDICAL CENTER
0167,,PROVOST (SCHOOL/COLLEGE)-EXEC
0169,,CHIEF AMBULATORY & MANAGED CARE OFFICER
0170,,VC SCI POLICY AND STRAT
0171,,ASSOCIATE VICE PRESIDENT
0172,,CHIEF OPERATING OFFICER-MEDICAL CENTER
0173,,CHIEF INFORMATION OFFICER-MEDICAL CENTER
0174,,CHIEF MEDICAL OFFICER-MEDICAL CENTER
0175,,CHIEF STRATEGY OFFICER-MEDICAL CENTER
0176,,VC COMMUNITY & GOVT REL
0177,,ASC VP SELF INSURED PLANS
0178,,MED DIR STDT HEALTH
0179,,SPECIAL ASSISTANT TO THE SENIOR VICE PRESIDENT
0180,,SPECIAL ASSISTANT TO THE VICE PRESIDENT
0181,,SPECIAL ASSISTANT TO THE VICE PRESIDENT (FUNCTIONAL AREA)
0182,,ASC VP CAP PRG SUSTAIN
0183,,CHF LEGL CNSL HEALTH SVC
0184,,SVP EXTERNAL REL AND COMM
0185,,ASC VP CHF TRANSFMTN OFCR
0186,,SVP HEALTH AFFILIATES
0187,,PRES SVP CHF MARKET DEV
0188,,COO AMBUL SVC MED CTR
0189,,COO HOSP DIV AND CHF ADMIN
0190,,VC HEALTH SCIENCES
0191,,VC IT CIO HEALTH AND CAMPUS
0192,,CSO MED CTR UCLA ONLY
0193,,CMO UCSF ONLY
0194,,VC BUS DEV INNOV AND PARTNER
0195,,SUMMER DIFFERENTIAL WITH EXECUTIVE TITLE
0196,,ADMINISTRATIVE STIPEND WITH EXECUTIVE TITLE
0197,,SPECIAL LEAVE SALARY WITH EXECUTIVE CONTRIBUTION
0198,,TEMPORARY SALARY SUPPLEMENT WITH EXECUTIVE TITLE
0199,,SPECIAL LEAVE SALARY WITH EXECUTIVE AND SEARLES CONTRIBUTIONS
0200,,COUNSEL 5
0201,,COUNSEL 4
0202,,COUNSEL 3
0203,,MANAGING COUNSEL 3
0205,,ADV OFCR 3
0206,,ADV OFCR 4
0207,,ADV OFCR 5
0208,,CHAN ASC MSP
0209,,ASSOCIATE VICE CHANCELLOR (FUNCTIONAL AREA)
0210,,ASSISTANT VICE CHANCELLOR (FUNCTIONAL AREA)
0211,,CONTROLLER
0212,4C,FINANCIAL ANALYSIS MANAGER 1
0213,,FINANCIAL ANALYSIS MANAGER 2
0214,,FINANCIAL ANALYSIS MANAGER 3
0215,,FINANCIAL ANALYSIS MANAGER 4
0216,,FINANCIAL ANALYST 5
0217,,SYSWIDE ACAD HR MGR 3
0218,,FINANCIAL SERVICES MANAGER 1
0219,,FINANCIAL SERVICES MANAGER 2
0220,,FINANCIAL SERVICES MANAGER 3
0221,,ORGANIZATIONAL DEVELOPMENT MANAGER 3
0223,,GOVERNMENT RELATIONS SPECIALIST 4
0224,,GOVERNMENT RELATIONS SPECIALIST 5
0225,,GOVERNMENT RELATIONS MANAGER 1
0226,,ABSOLUTE RETURNS INV DIR
0227,,ABSOLUTE RETURNS INV MGR 3
0228,,ABSOLUTE RETURNS INV OFCR
0229,,ABSOLUTE RETURNS INV ANL 3
0230,,FIXED INCOME INV DIR
0231,,FIXED INCOME INV OFCR
0232,,FIXED INCOME INV ANL 3
0233,,REAL ESTATE INV DIR
0234,,REAL ESTATE INV MGR 3
0235,,REAL ESTATE INV OFCR
0236,,REAL ESTATE INV ANL 2
0237,,REAL ESTATE MGR 4
0238,,REAL ESTATE OFFICER 5
0239,,PRIVATE EQUITY INV DIR
0240,,PRIVATE EQUITY MGR 3
0241,,PRIVATE EQUITY INV OFCR
0242,,PRIVATE EQUITY INV ANL 3
0243,,PUBL EQUITY INV OFCR
0244,,PUBL EQUITY INV ANL 3
0245,2P,DIRECTOR (FUNCTIONAL AREA)
0246,,ENERGY MGR 4
0247,,ENERGY MANAGEMENT ANALYST 5
0248,,EMPLOYMENT MGR 4
0249,,PROJECT POLICY ANL MGR 4
0250,,DEPUTY DIRECTOR (FUNCTIONAL AREA)
0251,,FUNDRAISER 1 EX
0252,,FUNDRAISER 2 EX
0253,,FUNDRAISER 3
0254,,FUNDRAISER 4
0255,,FUNDRAISER 5
0256,2P,ASSOCIATE DIRECTOR (FUNCTIONAL AREA)
0257,,INV RISK OFCR
0258,,INV RISK ANL 3
0259,,ASSISTANT DIRECTOR (FUNCTIONAL AREA)
0260,,LABOR RELATIONS MANAGER 3
0261,,LABOR RELATIONS REPRESENTATIVE 5
0262,,FIXED INCOME INV ANL 2
0263,,ADMISSIONS/RECRUITMENT SPECIALIST 5
0264,,EXEC ADVISOR MGR 4
0265,,STATE GOVT REL PROFL 5
0266,,SUSTAINABILITY OFFICER 4
0267,,FEDERAL GOVT REL MGR 2
0268,,SYSWIDE BUDGET ANL 4
0269,,FEDERAL GOVT REL PROFL 5
0270,,TRAVEL MGR 1
0271,,TREASURY MGR 2
0272,,TREASURY MGR 1
0273,,VENDOR RELATIONS MANAGER 2
0274,,VENDOR RELATIONS MANAGER 1
0275,,RECORDS MANAGER 1
0276,,CUSTOMER SERVICE MANAGER 1
0277,,CUSTOMER SERVICE MANAGER 2
0278,,CUSTOMER SVC MGR 3
0279,,SYSWIDE ACAD HR MGR 1
0280,2P,MANAGER (FUNCTIONAL AREA)
0281,,SYSWIDE BUDGET MGR 3
0282,,SYSWIDE BUDGET MGR 1
0283,,ASSOCIATE MANAGER (FUNCTIONAL AREA)
0284,,SYSWIDE BUDGET ANL 5
0285,,ASSISTANT MANAGER (FUNCTIONAL AREA)
0286,,BENEFITS PRG STRAT MGR 4
0287,,BENEFITS PRG STRAT MGR 2
0288,,BENEFITS PRG STRAT MGR 1
0289,,BENEFITS PROGRAM STRATEGY ANALYST 5
0290,,BENEFITS MGR 3
0291,,BENEFITS MANAGER 2
0292,,BENEFITS ANALYST 5
0293,,ACADEMIC ACHIEVEMENT COUNSELOR 5
0294,,ENTERPRISE RISK SUPERVISOR 2
0295,,CAREER SERVICES SPECIALIST 5
0296,,EH&S SUPERVISOR 2
0297,,CAREER SERVICES MANAGER 1
0298,,CAREER SERVICES MANAGER 2
0299,,CAREER SERVICES MANAGER 3
0300,,ACADEMIC ACHIEVEMENT MANAGER 1
0301,,ACADEMIC ACHIEVEMENT MANAGER 2
0302,,ADMISSIONS/RECRUITMENT MANAGER 1
0303,,ADMISSIONS/RECRUITMENT MANAGER 2
0304,,ADMISSIONS/RECRUITMENT MANAGER 3
0305,,PUBLIC EDUCATION MANAGER 1
0306,,K-14 ACADEMIC PREPARATION SPECIALIST 5
0307,,FINANCIAL AID MANAGER 1
0308,,FINANCIAL AID MANAGER 2
0309,,FINANCIAL AID MANAGER 3
0310,,K-14 ACADEMIC PREPARATION MANAGER 1
0311,,K-14 ACADEMIC PREPARATION MANAGER 2
0312,,K-14 ACADEMIC PREPARATION MANAGER 3
0313,,STUDENT ADVISOR MANAGER 1
0314,,STUDENT ADVISOR MANAGER 2
0315,,STUDENT ACADEMIC MANAGER 1
0316,4C,STUDENT ACADEMIC MANAGER 2
0317,,STUDENT DISABILITY MANAGER 1
0318,,STUDENT DISABILITY MANAGER 2
0319,,STUDENT LIFE & DEVELOPMENT MANAGER 1
0320,,STUDENT LIFE & DEVELOPMENT MANAGER 2
0321,,STUDENT LIFE & DEVELOPMENT MANAGER 3
0322,,STUDENT SERVICES MANAGER 1
0323,,STUDENT SERVICES MANAGER 2
0324,,STUDENT SERVICES MANAGER 3
0325,,STUDENT SERVICES MANAGER 4
0326,,ENTERPRISE RISK MANAGEMENT ANALYST 5
0327,,ENTERPRISE RISK MANAGER 1
0328,,ENTERPRISE RISK MANAGER 2
0329,,RECREATION MANAGER 1
0330,,RECREATION COACH MANAGER 1
0331,,ASSOC HEAD COACH/COORD 4
0332,,HEAD COACH 5
0333,,TRAINER 5
0334,,ATHLETICS MANAGER 1
0335,,ATHLETICS MANAGER 2
0336,,ATHLETICS MANAGER 3
0337,,ATHLETICS MANAGER 4
0338,,INTELLECTUAL PROPERTY OFFICER 3
0339,,INTELLECTUAL PROPERTY OFFICER 4
0340,,INTELLECTUAL PROPERTY OFFICER 5
0341,,NON EVALUATED MSP
0342,,DESIGN AND CONST MGR 3
0343,,DESIGN AND CONSTRUCTION MANAGEMENT SPECIALIST 5
0344,,SURVEY RESEARCH MANAGER 2
0345,,CONTRACT ADMINISTRATOR 4
0346,,AEROSPACE ENGINEER 4
0347,,AEROSPACE ENGINEER 5
0348,,FEDERAL GOVT REL PROFL 4
0349,,AEROSPACE MANAGER 2
0350,,AEROSPACE MGR 3
0351,,PARKING OPS & ENFORCEMENT MANAGER 1
0352,,DATA ANALYSIS MANAGER 1
0353,1S,VETERINARIAN 3
0354,1S,VETERINARIAN 4
0355,2P,ADMINISTRATOR/COORDINATOR/ OFFICER (FUNCTIONAL AREA)
0356,,TECH TRANSFER OFCR 1
0357,,COORDINATOR OF POLICE SERVICES
0358,,EH&S SPECIALIST 4
0359,1S,ANIMAL CARE MANAGER 1
0360,2P,FIELD RESEARCH MANAGER 1
0361,,REGISTRAR/COLLECTION MANAGER 1
0362,,ENTERPRISE RISK MGR 3
0363,,ASSOCIATE ADMINISTRATOR/ COORDINATOR/OFFICER (FUNCTIONAL AREA)
0364,,FACILITIES PROJECT MANAGEMENT SPECIALIST 4
0365,,CONSTRUCTION INSPECTOR 4
0366,,ASSISTANT ADMINISTRATOR/COORDINATOR/OFFICER (FUNCTIONAL AREA)
0367,,TECH TRANSFER OFCR 2
0368,,TECH TRANSFER OFCR 3
0369,,TECH TRANSFER OFCR 4
0370,,ENERGY MANAGEMENT ANALYST 4
0371,,INTELLECTUAL PROPERTY MANAGER 1
0372,,INTELLECTUAL PROPERTY MANAGER 2
0373,,INTELLECTUAL PROPERTY MANAGER 3
0374,,RESEARCH COMPLIANCE ANALYST 5
0375,,RESEARCH COMPLIANCE MANAGER 1
0376,,RESEARCH COMPLIANCE MANAGER 2
0377,,RSCH CMPLNC MGR 3
0378,4C,ACADEMIC PROGRAM MANAGEMENT OFFICER 4
0379,,ACADEMIC PROGRAM MANAGEMENT OFFICER 5
0380,,DEAN (FUNCTIONAL AREA)
0381,,CONTRACTS AND GRANTS MANAGER 1
0382,,CONTRACTS AND GRANTS MANAGER 2
0383,,CONTRACTS AND GRANTS MANAGER 3
0384,4C,ASSISTANT DEAN (FUNCTIONAL AREA)
0385,,ASSOCIATE DEAN (FUNCTIONAL AREA)
0386,,VICE PROVOST (FUNCTIONAL AREA)
0387,,RESEARCH ADMINISTRATOR 5
0388,,ASSISTANT PROVOST
0389,,ACADEMIC PROGRAM MANAGER 2
0390,,FACILITIES MANAGER 1
0391,,FACILITIES MANAGER 2
0392,,FACILITIES MANAGER 3
0393,,FOOD SERVICES MANAGER 1
0394,,FOOD SERVICES MANAGER 2
0395,,FOOD SERVICES MANAGER 3
0396,,MAIL SERVICES MANAGER 1
0397,,COMPENSATION MGR 4
0398,,RECYCLING & REFUSE SERVICES MANAGER 1
0399,,FACILITIES MANAGEMENT SPECIALIST 5
0400,,PROJECT POLICY ANL MGR 3
0401,,LICENSING OFCR
0402,,CLINICAL NURSING SHS SUPERVISOR 2
0403,,BROADCAST COMMUNICATION MGR 1
0404,,DIGITAL COMMUNICATIONS MANAGER 1
0405,,TECHNICAL PROJECT MANAGER 3
0406,,DIGITAL COMMUNICATIONS SPECIALIST 5
0407,,DIGITAL COMMUNICATIONS SUPERVISOR 2
0408,4C,COMMUNICATIONS MANAGER 1
0409,,COMMUNICATIONS MANAGER 2
0410,,COMMUNICATIONS MANAGER 3
0411,,COMMUNICATIONS MANAGER 4
0412,,PUBLICATIONS & PRODUCTION MANAGER 2
0413,,MEDIA COMMUNICATIONS MANAGER 1
0414,,MEDIA COMMUNICATIONS MANAGER 2
0415,,MEDIA COMMUNICATIONS MANAGER 3
0416,,MEDIA COMMUNICATIONS SPECIALIST 5
0417,,PUBLICATIONS & PRODUCTION MANAGER 1
0418,,VISUAL COMMUNICATIONS MANAGER 1
0419,,WRITTEN COMMUNICATIONS MANAGER 1
0420,,PUBL EQUITY INV ANL 2
0421,,CURATORIAL MANAGER 1
0422,,CURATORIAL MANAGER 2
0423,,CURATORIAL MANAGER 3
0424,,EXHIBITIONS MANAGER 1
0425,,EXECUTIVE ASSISTANT /SPECIAL ASSISTANT/ ASSISTANT TO (FUNCTIONAL AREA)
0426,,CAMPUS COUNSEL
0427,,PERFORMING ARTS MANAGER 2
0428,,TAX CMPLNC MGR 1
0429,,PERFORMING ARTS MANAGER 3
0430,,CHIEF HEALTH SCIENCE COUNSEL
0431,,MANAGING COUNSEL
0432,,PRINCIPAL COUNSEL
0433,,SENIOR COUNSEL
0434,,COUNSEL
0435,,STAFF COUNSEL
0436,,EARLY CHILDHOOD EDUCATION MANAGER 2
0437,,MUSEUM EDUCATION MANAGER 1
0438,,CAPITAL MARKETS FIN OFCR 5
0439,,TRAINING & DEVELOPMENT MANAGER 1
0440,,TRAINING & DEVELOPMENT MANAGER 2
0441,,CUSTODIAL MANAGER 1
0442,3T,R&D ENGINEER 4
0443,,R&D ENGINEER 5
0444,,R&D ENGINEERING MANAGER 1
0445,,R&D ENGINEERING MANAGER 2
0446,3T,RESEARCH AND DEVELOPMENT ENGINEERING SUPERVISOR 2
0447,,STRUCTURAL ENGR 4
0448,,CONTRACT ADMINISTRATION MANAGER 2
0449,,DEPUTY TO VICE PRES
0450,,DEPUTY TO THE SENIOR VICE PRESIDENT
0451,,DIR EXEC
0453,,EVENTS SPECIALIST 5
0454,,EXECUTIVE ASSISTANT (FUNCTIONAL AREA)
0455,,PROJECT POLICY ANALYSIS MANAGER 2
0456,,ALUMNI EXTERNAL RELATIONS SPECIALIST 5
0457,4C,ALUMNI EXTERNAL RELATIONS MANAGER 1
0458,,ALUMNI EXTERNAL RELATIONS MANAGER 2
0459,,ALUMNI EXTERNAL RELATIONS MANAGER 3
0460,,PERFORMING ARTS MANAGER 1
0461,2P,SPECIALIST (FUNCTIONAL AREA)
0462,4C,FUNDRAISER 4
0463,4C,FUNDRAISER 5
0464,4C,FUNDRAISING MANAGER 1
0465,4C,FUNDRAISING MANAGER 2
0466,4C,FUNDRAISING MANAGER 3
0467,,FUNDRAISING MANAGER 4
0468,,EVENTS MANAGER 1
0469,,MARKETING SPECIALIST 5
0470,,FUNDRAISING MGR 5
0471,,MARKETING MANAGER 1
0472,,MARKETING MANAGER 2
0473,,EH&S MANAGER 1
0474,,EH&S MANAGER 2
0475,,EH&S MANAGER 3
0476,,CAPITAL MARKETS FIN OFCR 4
0477,,POLICE LIEUTENANT - MSP
0478,,CHIEF OF POLICE
0479,,ASSISTANT CHIEF OF POLICE/ POLICE CAPTAIN
0480,,FACILITIES PROJECT MANAGEMENT SPECIALIST 5
0481,,FACILITIES PROJECT MANAGER 2
0482,,FACILITIES PROJECT MANAGER 3
0483,,FACILITIES PROJECT MANAGER 4
0484,,CONSTRUCTION INSPECTOR 5
0485,,INSPECTION MANAGER 3
0486,,EMPLOYEE REL MGR 3
0487,,PLANNING MANAGER 3
0488,,PLANNING SPECIALIST 4
0489,,PLANNING SPECIALIST 5
0490,,REGISTRAR
0491,,EH&S SPECIALIST 5
0492,,ENVIRONMENTAL HEALTH AND SAFETY OFFICER/ADMINISTRATOR
0493,,LABOR RELATIONS MANAGER 1
0494,,LABOR RELATIONS MANAGER 2
0495,,LABOR RELATIONS REPRESENTATIVE 4
0496,,ADMINISTRATIVE STIPEND WITH MANAGEMENT TITLE
0497,,EMPLOYEE RELATIONS REPRESENTATIVE 4
0498,,TEMPORARY SALARY SUPPLEMENT WITH MANAGEMENT TITLE
0499,,INFORMATION SYSTEMS ANALYST IV
0500,,INFORMATION SYSTEMS ANALYST 5
0501,,ADMINISTRATIVE STATISTICIAN
0502,,EXECUTIVE CHEF 5
0503,1S,SENIOR VETERINARIAN
0504,,SPONSORING EDITOR - MAP
0505,,MEDICAL APPLICATIONS ANALYST
0506,,CAMPUS OMBUDSPERSON
0507,,GEOPHYSICAL ANALYST
0508,,EMPLOYMENT REPRESENTATIVE 4
0509,,LABOR RELATIONS ADVOCATE
0510,,TECHNICAL PROJECT SUPERVISOR 2
0511,,ENTEROSTOMAL THERAPIST
0512,1S,VETERINARIAN ASC
0513,1S,VETERINARIAN AST
0514,,ABSOLUTE RETURNS INV ANL 2
0515,,EMPLOYEE RELATIONS MANAGER 2
0516,,EMPLOYEE RELATIONS REPRESENTATIVE V
0517,,SYSTEMS ADMINISTRATION MANAGER 1
0518,,SYSTEMS ADMINISTRATION MANAGER 2
0519,,SYSTEMS ADMINISTRATION MANAGER 3
0520,4C,SYSTEMS ADMINISTRATOR 4
0521,,SYSTEMS ADMINISTRATOR 5
0522,,TECHNICAL PROJECT MANAGEMENT PROFESSIONAL 4
0523,,TECHNICAL PROJECT MANAGEMENT PROFESSIONAL 5
0524,,TECHNICAL PROJECT MANAGER 1
0525,,TECHNICAL PROJECT MANAGER 2
0526,4C,SYSTEMS ADMINISTRATION SUPERVISOR 2
0527,,COMMUNICATIONS & NETWORK TECHNICAL SUPERVISOR 2
0528,,DATA SYSTEMS SUPERVISOR 2
0529,,AUDIT MGR 4
0530,4C,INFORMATION SYSTEMS SUPERVISOR 2
0531,,IT ARCHITECT 4
0532,4C,IT ARCHITECT 5
0533,,SYSWIDE ACAD HR ANL 5
0534,,PRODUCTION CONTROL SUPERVISOR 2
0535,,PRODUCTION CONTROL MANAGER 1
0536,,USER EXPERIENCE DESIGNER 4
0537,,USER EXPERIENCE DESIGNER 5
0538,,SKILLED CRAFTS & TRADES MGR 1
0539,,DESIGN AND CONSTRUCTION MANAGEMENT SPECIALIST 4
0540,,BUSINESS SYSTEMS ANALYSIS SUPERVISOR 2
0541,,LIBRARY MANAGER 1
0542,,LIBRARY MANAGER 2
0543,,LIBRARY MANAGER 3
0544,,IT SECURITY MANAGER 3
0545,,COMMUNICATIONS & NETWORK TECHNICAL ANALYST 4
0546,,AEROSPACE ENGINEER 3
0547,4C,ADMINISTRATIVE MANAGER 1
0548,,ADMINISTRATIVE MANAGER 2
0549,4C,ADMINISTRATIVE MANAGER 3
0550,,ADMINISTRATIVE MANAGER 4
0551,,CONTRACT ADMINISTRATOR 5
0552,,CONTRACT ADMINISTRATION MANAGER 1
0553,,CONTRACT ADMINISTRATION MANAGER 3
0554,,EXECUTIVE ADVISOR 4
0555,,EXECUTIVE ADVISOR 5
0556,,EXECUTIVE ADVISOR MANAGER 2
0557,,EXECUTIVE ASSISTANT 5
0558,,STUDENT LEGAL SERVICES ADVISOR 3
0559,,EXECUTIVE ADVISOR MANAGER 3
0560,,OMBUDSPERSON 5
0561,,OMBUDS MANAGER 1
0562,,ORGANIZATIONAL CONSULTANT 4
0563,,ORGANIZATIONAL CONSULTANT 5
0564,,ORGANIZATIONAL DEVELOPMENT MANAGER 1
0565,,ORGANIZATIONAL DEVELOPMENT MANAGER 2
0566,,PROJECT POLICY ANALYST 5
0567,,ATHLETIC TRAINING MANAGER 1
0568,,PROJECT POLICY ANALYSIS MANAGER 1
0569,,CLINICAL LAB SHS MANAGER 1
0570,,CLINICAL NURSING SHS MANAGER 1
0571,,SYSWIDE ACAD HR ANL 4
0572,,COUNSELING PSYCHOLOGY MGR 1
0573,,COUNSELING PSYCHOLOGY MGR 2
0574,,HEALTH CARE ADMIN SHS MANAGER 2
0575,,HEALTH CARE ADMIN SHS MANAGER 3
0576,,HEALTH EDUCATION MANAGER 1
0577,,HEALTH EDUCATOR 5
0578,,NURSE PRACTITIONER SHS MANAGER 1
0579,,COUNSELING PSYCHOLOGIST 4
0580,,OPTOMETRY MANAGER 1
0581,,PHARMACY SHS MANAGER 1
0582,,REHABILITATION SERVICES SHS MANAGER 1
0583,,PHYSICIAN STUDENT HEALTH SERVICES 3 LIMITED HOURS
0584,,PHYSICIAN STUDENT HEALTH SERVICES 4 LIMITED HOURS
0585,,PHYSICIAN STUDENT HEALTH SERVICES 5 LIMITED HOURS
0586,,PHYSICIAN STUDENT HEALTH SERVICES MANAGER 1
0587,,PHYSICIAN STUDENT HEALTH SERVICES MANAGER 2
0588,,PHYSICIAN STUDENT HEALTH SERVICES MANAGER 3
0589,,CONTRACT ADMSTN MGR 4
0590,,SOCIAL WORK SHS MANAGER 1
0591,,STUDENT LIFE & DEVELOPMENT MANAGER 4
0592,,IT SECURITY MANAGER 2
0593,,ACADEMIC HR ANALYST 5
0594,,ACADEMIC HR MANAGER 1
0595,,ACADEMIC HR MANAGER 2
0596,,ACADEMIC HR MANAGER 3
0597,,DATABASE ADMINISTRATOR 4
0598,,DATABASE ADMINISTRATOR 5
0599,,DATA SYSTEMS ANALYST 4
0600,,DATA SYSTEMS ANALYST 5
0601,,DEV OFCR 1
0602,,DEV OFCR 2
0603,,DEV OFCR 3
0604,,PAYROLL ANALYST 5
0605,,PAYROLL MANAGER 1
0606,,PAYROLL MANAGER 2
0607,,PROCUREMENT MANAGER 1
0608,,PROCUREMENT MANAGER 2
0609,,PROCUREMENT MANAGER 3
0610,,PROCUREMENT MANAGER 4
0611,,LOAN ORIGINATION MGR 2
0612,,LOAN ORIGINATION MGR 1
0613,,COMPENSATION ANALYST 4
0614,,BENEFITS MANAGER 1
0615,,COMPENSATION ANALYST 5
0616,,COMPENSATION MANAGER 1
0617,,COMPENSATION MANAGER 2
0618,,EQUAL EMPLOYMENT OPPORTUNITY MANAGER 1
0619,,PRODUCT DEV MGR 2
0620,,PRODUCT DEVELOPMENT PROFESSIONAL 4
0621,,EMPLOYMENT MANAGER 1
0622,,EMPLOYMENT MANAGER 2
0623,,EMPLOYMENT REPRESENTATIVE 5
0624,4C,HR MANAGER 1
0625,,HR MANAGER 2
0626,,HR MANAGER 3
0627,,HR MANAGER 4
0628,4C,HR GENERALIST 5
0629,,INSTITUTIONAL RESEARCH MANAGER 1
0630,,INSTITUTIONAL RESEARCH MANAGER 2
0631,,INSTITUTIONAL RESEARCH MANAGER 3
0632,,QLTY AND PERF METRICS MGR 1
0633,,INSTITUTIONAL RESEARCH ANALYST 5
0634,,COMPUTER NETWORK TCHNO 6
0635,,PROGRAMMER ANALYST IV - UCOP
0636,,SYSTEMS PROGRAMMER IV
0637,,NETWORK ENGINEER II
0638,,INFORMATION TECHNOLOGY MANAGER II
0639,,INFORMATION TECHNOLOGY MANAGER III
0640,,AEROSPACE PRG MGR 2
0641,,AEROSPACE PRG MGR 1
0642,,AEROSPACE ENGR 3
0643,,AEROSPACE ENGR 2
0644,,AEROSPACE ENGR 1
0645,,ANL 5 SUPV
0646,,BUDGET ANL 5
0647,,BUDGET ANL SUPV 5
0648,,PLANNING MANAGER 1
0649,,APPLICATIONS PROGRAMMING MANAGER 1
0650,,APPLICATIONS PROGRAMMING MANAGER 2
0651,,APPLICATIONS PROGRAMMING MANAGER 3
0652,4C,APPLICATIONS PROGRAMMER 4
0653,4C,APPLICATIONS PROGRAMMER 5
0654,,TECHNICAL PROJECT MANAGER 4
0655,,BUSINESS SYSTEMS ANALYSIS MANAGER 2
0656,,BUSINESS SYSTEMS ANALYSIS MANAGER 1
0657,,BUSINESS SYSTEMS ANALYST 4
0658,,BUSINESS SYSTEMS ANALYST 5
0659,,SCI AST
0660,,COMMUNICATIONS & NETWORK TECHNICAL ANALYST 5
0661,,IT SECURITY ANALYST 4
0662,,IT SECURITY ANALYST 5
0663,,QA/RELEASE MGMT ANALYST 4
0664,4C,APPLICATIONS PROGRAM SUPERVISOR 2
0665,,STATE GOVERNMENT RELATIONS PROFESSIONAL 4
0666,,QA/RELEASE MANAGEMENT MANAGER 2
0667,4C,INFORMATION SYSTEMS MANAGER 1
0668,4C,INFORMATION SYSTEMS MANAGER 2
0669,,INFORMATION SYSTEMS MANAGER 3
0670,,INFORMATION SYSTEMS MANAGER 4
0671,,BUSINESS/TECHNICAL SUPPORT MANAGER 1
0672,,COMMUNICATIONS & NETWORK TECHNICAL MANAGER 1
0673,,COMMUNICATIONS & NETWORK TECHNICAL MANAGER 2
0674,,LEGAL OPS MGR 1
0675,,DATA SYSTEMS MANAGER 1
0676,,DATA SYSTEMS MANAGER 2
0677,,EDUCATION TECHNICAL MANAGER 1
0678,,EDUCATION TECHNICAL MANAGER 2
0679,,AUDIT MANAGER 1
0680,,AUDIT MANAGER 2
0681,,AUDIT MANAGER 3
0682,,AV IT ENGINEERING MANAGER 1
0685,,ACCOUNTING MANAGER 1
0686,,ACCOUNTING MANAGER 2
0687,,ACCOUNTING MANAGER 3
0688,,ACCOUNTING MANAGER 4
0689,,SCI ASC
0690,,SCI
0691,,SCI SR
0692,,SCI PRN
0693,,STDT HEALTH NURSE PRACT MGR 3
0694,,ADMIN NURSE MGR 3
0695,,REAL ESTATE OFFICER 4
0696,,SENIOR PHARMACIST - MANAGER
0697,,RAD TCHNO
0698,,RADLG TCHNO MGR
0700,,MANAGEMENT AND PROFESSIONAL PROGRAM (UNTITLED)
0701,,ASSISTANT CHANCELLOR (FUNCTIONAL AREA) -MAP
0702,,"PROJECT MANAGER, DESIGN AND CONSTRUCTION VI"
0703,,CONST PROJECT MGR PRN
0704,,FIN ANL PRN 2
0705,,BUS SYS ANL 3
0706,,LOAN SVC MGR 1
0708,,CNSLNG PSYCHOLOGIST 2 MSP
0709,,EMPLOYEE ASSISTANCE PROGRAM MANAGER II
0710,,COUNSELING CENTER MANAGER II
0711,,COUNSELING CENTER MANAGER I
0712,,COUNSELING PSYCHOLOGIST III
0713,,CHIEF LICENSED CLINICAL SOCIAL WORKER
0714,,ANL 6 MSP
0715,,CHIEF DIETITIAN
0716,,HR ANL 6 SUPV MSP
0717,,PRINCIPAL ARCHITECT
0718,,HR ANL 6 MSP
0719,,PRINCIPAL EDUCATIONAL FACILITY PLANNER
0720,,ANL 6 SUPV MSP
0721,,PRINCIPAL PLANNER
0722,,WRITTEN COMMUNICATIONS MANAGER 2
0723,,PRINCIPAL CONSTRUCTION INSPECTOR
0724,,FINANCIAL ADMIN OFCR 4
0725,,PRINCIPAL ENVIRONMENTAL HEALTHAND SAFETY SPECIALIST
0726,,PRINCIPAL PERFUSIONIST
0727,,PRINCIPAL ENGINEER
0728,,SENIOR DEVELOPMENT ENGINEER
0729,,PRINCIPAL DEVELOPMENT ENGINEER
0730,,ANL 5
0731,,PRINCIPAL ADMINISTRATIVE ANALYST II
0733,,PRINCIPAL BUDGET ANALYST II
0735,,PROGRAMMER/ANALYST V -- SUPERVISOR
0736,,PROGRAMMER/ANALYST V
0737,,PROGRAMMER/ANALYST IV - SUPERVISOR
0738,,PROGRAMMER/ANALYST IV
0740,,COMPUTING RESOURCE MANAGER III
0741,,COMPUTING RESOURCE MANAGER II
0743,4C,MANAGEMENT SERVICE OFFICER IV
0744,,COMPUTER RESOURCE MANAGER III
0745,,PATENT ADVISOR III
0746,,COMPUTER RESOURCE MANAGER II
0747,,PRINCIPAL ACCOUNTANT
0748,,COMPUTER & NETWORK TECHNOLOGIST IV
0749,,PRINCIPAL AUDITOR
0750,,COMPUTER NETWORK TCHNO 5
0751,,PRINCIPAL PERSONNEL ANALYST II
0752,,MARINE SUPERINTENDENT
0753,,PRINCIPAL BUYER
0754,,SENIOR CAPTAIN
0755,,ASSISTANT PHYSICAL PLANT ADMINISTRATOR
0756,,CAPTAIN
0757,,ASSISTANT MARINE SUPERINTENDENT
0758,,SENIOR CHIEF ENGINEER
0759,,CLINICAL LABORATORY MANAGER
0760,,CHIEF ENGINEER
0761,,RESPIRATORY THERAPIST V
0762,,PRINCIPAL NURSE ANESTHETIST
0763,,ADMINISTRATIVE NURSE V
0764,,ADMINISTRATIVE NURSE IV
0765,,PHARMACIST SUPERVISOR
0766,,CLINICAL NURSE V
0767,,MEDICAL SERVICE DIRECTOR
0768,,SENIOR PHYSICIAN DIPLOMATE
0769,,SENIOR PHYSICIAN
0770,,ASSOCIATE PHYSICIAN DIPLOMATE
0771,,ASSOCIATE PHYSICIAN
0772,,ASSISTANT PHYSICIAN
0773,,SENIOR DENTIST DIPLOMATE
0774,,SENIOR DENTIST
0775,,ASSOCIATE DENTIST DIPLOMATE
0776,,ASSOCIATE DENTIST
0777,,ASSISTANT DENTIST
0778,,CONSULTING PHYSICIAN (SHS)
0779,,STAFF PHYSICIAN
0780,,SUPERVISING HOSPITAL RADIATIONPHYSICIST
0781,,CHIEF PHARMACEUTICAL SERVICES
0782,,"ASSOCIATE CHIEF, PHARMACEUTICAL SERVICES"
0783,,"ASSISTANT CHIEF, PHARMACEUTICAL SERVICES"
0784,,PHARMACIST SPECIALIST
0785,,ASSISTANT FIRE CHIEF
0786,,HEAD COACH INTERCOLLEGIATE ATHLETICS EXEMPT
0787,,COACH/SPECIALIST
0788,,ASSISTANT COACH INTERCOLLEGIATE ATHLETICS EXEMPT
0789,,CHIEF CLINICAL SOCIAL WORKER
0790,,CHIEF COMMUNITY HEALTH PROGRAM
0791,,SUPERVISOR OF SPEECH PATHOLOGY
0792,,CHIEF PSYCHOLOGIST
0793,,PSYCHOLOGIST III
0794,,CHIEF OF REHABILITATION SERVICES
0795,,PHYSICAL THERAPIST V
0796,,OCCUPATIONAL THERAPIST V
0797,,FIRE CHIEF
0798,,ASSOCIATE OF THE PRESIDENT /CHANCELLOR
0799,,ASSOCIATE TO THE PRESIDENT
0800,,ACADEMIC ASSISTANT TO THE VICE CHANCELLOR
0801,,ACADEMIC ASSISTANT TO THE CHANCELLOR
0802,,ASST VICE CHANC
0803,,ASSOC VICE CHANC
0804,,ACT/INTERIM ASSOC VICE CHANC
0810,,GRADUATE ADVISOR
0812,,FACULTY ADVISOR
0840,2P,ACADEMIC COORDINATOR I - ACADEMIC YEAR
0841,2P,ACADEMIC COORDINATOR I - FISCAL YEAR
0842,2P,ACADEMIC COORDINATOR II - ACADEMIC YEAR
0843,2P,ACADEMIC COORDINATOR II - FISCAL YEAR
0844,,ACADEMIC COORDINATOR III - ACADEMIC YEAR
0845,2P,ACADEMIC COORDINATOR III - FISCAL YEAR
0850,,ACADEMIC COORDINATOR I - ACADEMIC YEAR NONEXEMPT
0851,2P,ACADEMIC COORDINATOR I - FISCAL YEAR NONEXEMPT
0852,,ACADEMIC COORDINATOR II - ACADEMIC YEAR NONEXEMPT
0853,2P,ACADEMIC COORDINATOR II - FISCAL YEAR NONEXEMPT
0854,,ACADEMIC COORDINATOR III - ACADEMIC YEAR NONEXEMPT
0855,,ACADEMIC COORDINATOR III - FISCAL YEAR NONEXEMPT
0877,,ACTING ACADEMIC COORDINATOR
0878,,ACT ACADEMIC COORD NEX
0880,,OMBUDSMAN-ACADEMIC
0900,2P,DIRECTOR
0907,,ACTING/INTERIM DIRECTOR
0910,,ASSOCIATE DIRECTOR
0917,,ACTING/INTERIM ASSOCIATE DIRECTOR
0920,,ASSISTANT DIRECTOR
0927,,ACTING/INTERIM ASSISTANT DIRECTOR
0961,,ACADEMIC ADMINISTRATOR I NONEXEMPT
0962,,ACADEMIC ADMINISTRATOR II NONEXEMPT
0963,,ACADEMIC ADMINISTRATOR III NONEXEMPT
0964,,ACADEMIC ADMINISTRATOR IV NONEXEMPT
0965,,ACADEMIC ADMINISTRATOR V NONEXEMPT
0966,,ACADEMIC ADMINISTRATOR VI NONEXEMPT
0967,,ACADEMIC ADMINISTRATOR VII NONEXEMPT
1000,4C,DEAN
1007,,ACTING/INTERIM DEAN
1010,4C,ASSOCIATE DEAN
1011,,ASSOC DEAN-AY
1017,,ACTING/INTERIM ASSOCIATE DEAN
1020,,ASSISTANT DEAN
1027,,ACTING/INTERIM ASSISTANT DEAN
1030,,DIVISIONAL DEAN
1032,,ASSOCIATE DIVISIONAL DEAN
1037,,ACTING/INTERIM DIVISIONAL DEAN
1040,,DEAN - EXTENDED LEARNING
1044,,FACULTY ASSISTANT TO THE CHANCELLOR
1045,,FACULTY ASSISTANT TO THE VICE CHANCELLOR
1047,,ACTING/INTERIM COLLEGE PROVOST
1051,,ASSISTANT COLLEGE PROVOST
1052,,ASSOCIATE COLLEGE PROVOST
1055,4C,FACULTY ASSISTANT TO THE PROVOST/DEAN
1059,,CHAIRPERSON OF THE SENATE ASSEMBLY AND THE ACADEMIC COUNCIL
1060,,COLLEGE PROVOST
1061,,ACADEMIC ADMINISTRATOR I
1062,,ACADEMIC ADMINISTRATOR II
1063,1S,ACADEMIC ADMINISTRATOR III
1064,1S,ACADEMIC ADMINISTRATOR IV
1065,1S,ACADEMIC ADMINISTRATOR V
1066,1S,ACADEMIC ADMINISTRATOR VI
1067,1S,ACADEMIC ADMINISTRATOR VII
1068,,VICE PROVOST
1069,,ASSOC VICE PROVOST
1070,,DIRECTOR - EDUCATION ABROAD PROGRAM STUDY CENTER
1077,,ACT/INTERIM VICE PROVOST
1087,,ACT/INTERIM ASSOC VICE PROVOST
1092,,STIPEND-RESIDENT
1094,4C,DEPARTMENT VICE CHAIR
1095,,ACTING/INTERIM DEPARTMENT CHAIRPERSON
1096,,DEPARTMENT CHAIR
1098,,SUMMER DIFFERENTIAL
1099,4C,ADMINISTRATIVE STIPEND
1100,1S,PROFESSOR - ACADEMIC YEAR
1101,,ACTING PROFESSOR-ACADEMIC YEAR-1/9TH PAYMENT
1103,1S,PROFESSOR - ACADEMIC YEAR - 1/9TH PAYMENT
1104,,UNIVERSITY PROFESSOR
1107,1S,ACTING PROFESSOR - ACADEMIC YEAR
1108,2P,VISITING PROFESSOR
1110,1S,PROFESSOR - FISCAL YEAR
1117,1S,ACTING PROFESSOR - FISCAL YEAR
1130,,PROFESSOR - 10-MONTHS
1132,,PROFESSOR EMERITUS (WITHOUT SALARY)
1143,1S,PROFESSOR - ACADEMIC YEAR - BUSINESS/ECONOMICS/ENGINEERING
1144,1S,PROFESSOR - FISCAL YEAR - BUSINESS/ECONOMICS/ENGINEERING
1145,,PROFESSOR - ACADEMIC YEAR - 1/9TH PAYMENT - BUSINESS/ ECONOMICS/ENGINEERING
1180,,PROFESSOR-ACADEMIC YEAR-LAW
1181,,PROFESSOR - ACADEMIC YEAR- 1/9TH PAYMENT-LAW
1182,,ACTING PROFESSOR-ACADEMIC YEARLAW SCHOOL
1183,,ACTING PROFESSOR-ACADEMIC YEAR1/9TH PAYMENT-LAW SCHOOL
1200,1S,ASSOCIATE PROFESSOR - ACADEMICYEAR
1201,,ACTING ASSOCIATE PROFESSOR - ACADEMIC YEAR - 1/9TH PAYMENT
1203,1S,ASSOCIATE PROFESSOR - ACADEMICYEAR - 1/9TH PAYMENT
1207,,ACTING ASSOCIATE PROFESSOR - ACADEMIC YEAR
1208,2P,VISITING ASSOCIATE PROFESSOR
1210,1S,ASSOCIATE PROFESSOR - FISCAL YEAR
1217,,ACTING ASSOCIATE PROFESSOR - FISCAL YEAR
1230,,ASSOCIATE PROFESSOR - 10 MONTHS
1243,1S,ASSOCIATE PROFESSOR - ACADEMIC YEAR - BUSINESS/ ECONOMICS/ENGINEERING
1244,1S,ASSOCIATE PROFESSOR - FISCAL YEAR - BUSINESS/ ECONOMICS/ENGINEERING
1245,1S,ASSOCIATE PROFESSOR - ACADEMIC YEAR -1/9TH PAYMENT -BUSINESS/ECONOMICS/ENGINEERING
1300,1S,ASSISTANT PROFESSOR - ACADEMICYEAR
1301,,ACTING ASSISTANT PROFESSOR - ACADEMIC YEAR - 1/9TH PAYMENT
1303,1S,ASSISTANT PROFESSOR - ACADEMICYEAR - 1/9TH PAYMENT
1307,2P,ACTING ASSISTANT PROFESSOR - ACADEMIC YEAR
1308,2P,VISITING ASSISTANT PROFESSOR
1310,1S,ASSISTANT PROFESSOR - FISCAL YEAR
1317,2P,ACTING ASSISTANT PROFESSOR - FISCAL YEAR
1330,1S,ASSISTANT PROFESSOR - 10-MONTHS
1343,1S,ASSISTANT PROFESSOR - ACADEMIC YEAR - BUSINESS/ ECONOMICS/ENGINEERING
1344,,ASSISTANT PROFESSOR - FISCAL YEAR -BUSINESS/ ECONOMICS/ENGINEERING
1345,,ASSISTANT PROFESSOR - ACADEMIC YEAR -1/9TH PAYMENT -BUSINESS/ECONOMICS/ENGINEERING
1403,,INSTRUCTOR - ACADEMIC YEAR - 1/9TH PAYMENT
1450,,PROFESSOR OF CLINICAL_____- FISCAL YEAR
1451,,ASSOCIATE PROFESSOR OF CLINICAL_____-FISCAL YEAR
1452,,ASSISTANT PROFESSOR OF CLINICAL_____ -FISCAL YEAR
1453,1S,PROFESSOR OF CLINICAL____ - HEALTH SCIENCES COMPENSATION PLAN
1454,1S,ASSOCIATE PROFESSOR OF CLINICAL____ -HEALTH SCIENCES COMPENSATION PLAN
1455,1S,ASSISTANT PROFESSOR OF CLINICAL___-HEALTH SCIENCES COMPENSATION PLAN
1501,,ASSOCIATE IN __- ACADEMIC YEAR- GSHIP
1502,,ASSOCIATE IN __ - ACADEMIC YEAR - GSHIP
1506,2P,ASSOCIATE IN __-ACADEMIC YEAR -1/9TH PAYMENT - GSHIP
1507,,ASSOCIATE IN__ -ACADEMIC YEAR-1/9TH PAYMENT - NON-GSHIP
1508,,ASSOCIATE IN __ -ACADEMIC YEAR-1/10TH PAYMENT - GSHIP
1509,,ASSOCIATE IN __ -ACADEMIC YEAR-1/10TH PAYMENT - NON-GSHIP
1511,,ASSOCIATE IN __-FISCAL YEAR- GSHIP
1512,,ASSOCIATE IN __-FISCAL YEAR- NON-GSHIP
1540,1S,ACTING ASSOCIATE PROFESSOR- HEALTH SCIENCES COMPENSATION PLAN
1542,,ACTING PROFESSOR-HEALTH SCIENCES COMPENSATION PLAN
1550,2P,LECTURER IN SUMMER SESSION
1564,,ACTING ASSISTANT PROFESSOR- HEALTH SCIENCES COMPENSATION PLAN
1580,,ACTING SENIOR LECTURER WITH SECURITY OF EMPLOYMENT - ACADEMIC YEAR
1581,,ACTING LECTURER WITH SECURITY OF EMPLOYMENT - ACADEMIC YEAR
1582,,ACTING LECTURER WITH POTENTIAL SECURITY OF EMPLOYMENT - ACADEMIC YEAR
1583,,ACTING SENIOR LECTURER WITH SECURITY OF EMPLOYMENT - FISCAL YEAR
1584,,ACTING LECTURER WITH SECURITY OF EMPLOYMENT - FISCAL YEAR
1585,,ACTING LECTURER WITH POTENTIAL SECURITY OF EMPLOYMENT - FISCAL YEAR
1586,,ACTING SENIOR LECTURER WITH SECURITY OF EMPLOYMENT - ACADEMIC YEAR - BUSINESS/ECONOMICS/ENGINEERING
1587,,ACTING LECTURER WITH SECURITY OF EMPLOYMENT - ACADEMIC YEAR - BUSINESS/ECONOMICS/ENGINEERING
1588,,ACTING LECTURER WITH POTENTIAL SECURITY OF EMPLOYMENT - ACADEMIC YEAR - BUSINESS/ECONOMICS/ENGINEERING
1589,,ACTING SENIOR LECTURER WITH SECURITY OF EMPLOYMENT - FISCAL YEAR - BUSINESS/ECONOMICS/ENGINEERING
1590,,ACTING LECTURER WITH SECURITY OF EMPLOYMENT - FISCAL YEAR - BUSINESS/ECONOMICS/ENGINEERING
1591,,ACTING LECTURER WITH POTENTIAL SECURITY OF EMPLOYMENT - FISCAL YEAR - BUSINESS/ECONOMICS/ENGINEERING
1592,,ACTING SENIOR LECTURER WITH SECURITY OF EMPLOYMENT - ACADEMIC YEAR - LAW
1593,,ACTING LECTURER WITH POTENTIAL SECURITY OF EMPLOYMENT - ACADEMIC YEAR - LAW
1594,1S,ACTING SENIOR LECTURER WITH SECURITY OF EMPLOYMENT - STRICT FULL-TIME VETERINARY MEDICINE
1595,1S,ACTING LECTURER WITH SECURITY OF EMPLOYMENT - STRICT FULL-TIME VETERINARY MEDICINE
1596,1S,ACTING LECTURER WITH POTENTIAL SECURITY OF EMPLOYMENT - STRICT FULL-TIME VETERINARY MEDICINE
1597,,ACTING SENIOR LECTURER WITH SECURITY OF EMPLOYMENT - HEALTH SCIENCES COMPENSATION PLAN
1598,,ACTING LECTURER WITH SECURITY OF EMPLOYMENT - HEALTH SCIENCES COMPENSATION PLAN
1599,,ACTING LECTURER WITH POTENTIAL SECURITY OF EMPLOYMENT - HEALTH SCIENCES COMPENSATION PLAN
1600,,SENIOR LECTURER WITH POTENTIALSECURITY OF EMPLOYMENT - ACADEMIC YEAR - PART TIME
1602,,SENIOR LECTURER WITH POTENTIALSECURITY OF EMPLOYMENT- ACADEMIC YEAR - 1/9TH PAYMENT-PART TIME
1603,,SENIOR LECTURER WITH SECURITY OF EMPLOYMENT - ACADEMIC YEAR
1604,,SENIOR LECTURER WITH SECURITY OF EMPLOYMENT-ACADEMIC YEAR- 1/9TH PAYMENT
1605,,LECTURER WITH POTENTIAL SECURITY OF EMPLOYMENT - ACADEMIC YEAR - PART TIME
1606,,LECTURER WITH POTENTIAL SECURITY OF EMPLOYMENT - ACADEMIC YEAR - 1/9TH PAYMENT - PART TIME
1607,1S,LECTURER WITH SECURITY OF EMPLOYMENT - ACADEMIC YEAR
1608,,LECTURER WITH SECURITY OF EMPLOYMENT - ACADEMIC YEAR - 1/9TH PAYMENT
1610,,SENIOR LECTURER WITH POTENTIAL SECURITY OF EMPLOYMENT - FISCAL YEAR - PART TIME
1612,,PROF OF TEACH-AY-1/10
1613,,SENIOR LECTURER WITH SECURITY OF EMPLOYMENT - FISCAL YEAR
1614,,ASSOC PROF OF TEACH-AY-1/10
1615,,LECTURER WITH POTENTIAL SECURITY OF EMPLOYMENT - FISCAL YEAR - PART TIME
1617,,LECTURER WITH SECURITY OF EMPLOYMENT - FISCAL YEAR
1618,,LECTURER WITH SECURITY OF EMPLOYMENT-HEALTH SCIENCES COMPENSATION PLAN
1619,,SENIOR LECTURER WITH SECURITY OF EMPLOYMENT-HEALTH SCIENCES COMPENSATION PLAN
1620,,LECTURER - SECURITY OF EMPLOYMENT - EMERITUS
1621,,SENIOR LECTURER - SECURITY OF EMPLOYMENT - EMERITUS - (WITHOUT SALARY)
1630,2P,LECTURER - ACADEMIC YEAR
1631,2P,LECTURER - ACADEMIC YEAR- CONTINUING APPOINTMENT
1632,2P,LECTURER - ACADEMIC YEAR - 1/9TH PAYMENT
1633,,LECTURER - ACADEMIC YEAR 1/9TH PAYMENT - CONTINUING APPOINTMENT
1634,,LECTURER - FISCAL YEAR
1635,,LECTURER - FISCAL YEAR CONTINUING APPOINTMENT
1636,,LECTURER ACADEMIC YEAR 1/10TH
1637,,LECTURER ACADEMIC YEAR 1/10TH CONTINUING
1638,,PRE-SIX YR APPT-TEMP SUPP-FY
1640,,SENIOR LECTURER - ACADEMIC YEAR
1641,,SENIOR LECTURER-ACADEMIC YEAR CONTINUING APPOINTMENT
1642,,SENIOR LECTURER - ACADEMIC YEAR - 1/9TH PAYMENT
1643,,SENIOR LECTURER-ACADEMIC YEAR 1/9TH PAYMENT-CONTINUING APPOINTMENT
1644,,SENIOR LECTURER - FISCAL YEAR
1645,,SENIOR LECTURER - FISCAL YEAR CONTINUING APPOINTMENT
1646,,SENIOR LECTURER ACADEMIC YEAR 1/10TH
1647,,SENIOR LECTURER ACADEMIC YEAR 1/10TH CONTINUING
1648,,PRE-SIX YR APPT-TEMP SUPP-AY
1649,,PRE-SIX YR APPT-TEMP SUPP-1/9
1650,,LECTURER-MISCELLANEOUS/PART TIME
1651,,PRE-SIX YR APPT-TEMP SUPP-1/10
1652,,CONTINUING APPOINTMENT- TEMPORARY AUGMENTATION
1653,,CONTINUING APPOINTMENT- TEMPORARY AUGMENTATION- ACADEMIC YEAR - 1/9TH
1654,,CONTINUING APPOINTMENT TEMPORARY AUG 1/10TH
1655,,CONTINUING APPT-TEMP AUG-FY
1656,,PROF OF TEACH-AY-1/9-LAW
1657,,ACT PROF OF TEACH-AY-1/9-LAW
1658,,PROF OF TEACH-AY-1/10-LAW
1659,,ACT PROF OF TEACH-AY-1/10-LAW
1668,1S,SENIOR LECTURER WITH SECURITY OF EMPLOYMENT - STRICT FULL-TIME VETERINARY MEDICINE
1669,1S,LECTURER WITH SECURITY OF EMPLOYMENT - STRICT FULL-TIME VETERINARY MEDICINE
1670,1S,LECTURER WITH POTENTIAL SECURITY OF EMPLOYMENT - STRICT FULL-TIME VETERINARY MEDICINE
1672,,PROF OF TEACH-AY-1/10-B/E/E
1673,,ASSOC PROF TEACH-AY-1/10-B/E/E
1674,,ASST PROF TEACH-AY-1/10-B/E/E
1675,1S,EDUCATOR WITHOUT SALARY
1676,2P,LECTURER/SENIOR LECTURER- NON-REPRESENTED ACADEMIC YEAR
1677,,UCDC EDUCATOR - FY
1678,,ASST PROF OF TEACH-AY-1/10
1679,,LECTURER WITH POTENTIAL SECURITY OF EMPLOYMENT - HEALTH SCIENCES COMPENSATION PLAN
1680,1S,LECTURER WITH POTENTIAL SECURITY OF EMPLOYMENT- ACADEMIC YEAR
1681,,LECTURER WITH POTENTIAL SECURITY OF EMPLOYMENT- ACADEMIC YEAR-1/9TH PAYMENT
1682,,LECTURER WITH POTENTIAL SECURITY OF EMPLOYMENT- FISCAL YEAR
1683,,SENIOR LECTURER WITH POTENTIALSECURITY OF EMPLOYMENT- ACADEMIC YEAR
1684,,SENIOR LECTURER WITH POTENTIALSECURITY OF EMPLOYMENT - ACADEMIC YEAR -1/9TH PAYMENT
1685,,SENIOR LECTURER WITH POTENTIALSECURITY OF EMPLOYMENT - FISCAL YEAR
1686,,SENIOR LECTURER WITH SECURITY OF EMPLOYMENT - ACADEMIC YEAR - BUSINESS/ECONOMICS/ENGINEERING
1687,,LECTURER WITH SECURITY OF EMPLOYMENT - ACADEMIC YEAR - BUSINESS/ECONOMICS/ENGINEERING
1688,1S,LECTURER WITH POTENTIAL SECURITY OF EMPLOYMENT - ACADEMIC YEAR - BUSINESS/ECONOMICS/ENGINEERING
1689,,SENIOR LECTURER WITH SECURITY OF EMPLOYMENT - FISCAL YEAR - BUSINESS/ECONOMICS/ENGINEERING
1690,,LECTURER WITH SECURITY OF EMPLOYMENT - FISCAL YEAR - BUSINESS/ECONOMICS/ENGINEERING
1691,,LECTURER WITH POTENTIAL SECURITY OF EMPLOYMENT - FISCAL YEAR - BUSINESS/ECONOMICS/ENGINEERING
1692,,PROF OF TEACH-AY-1/9-B/E/E
1693,,SENIOR LECTURER WITH SECURITY OF EMPLOYMENT - ACADEMIC YEAR - LAW
1694,,LECTURER WITH POTENTIAL SECURITY OF EMPLOYMENT - ACADEMIC YEAR - LAW
1695,,ASSOC PROF TEACH-AY-1/9-B/E/E
1696,,ASST PROF TEACH-AY-1/9-B/E/E
1699,1S,RECALL TEACHING NON-SENATE
1700,1S,RECALL TEACHING
1701,1S,RECALL HEALTH SCIENCES COMPENSATION PLAN
1702,1S,RECALL FACULTY
1712,,VISITING ASSISTANT PROFESSOR -HEALTH SCIENCES COMPENSATION PLAN
1713,,VISITING ASSOCIATE PROFESSOR- HEALTH SCIENCES COMPENSATION PLAN
1714,,VISITING PROFESSOR-HEALTH SCIENCES COMPENSATION PLAN
1715,,INSTRUCTOR-HEALTH SCIENCES COMPENSATION PLAN
1717,1S,ASSISTANT PROFESSOR-HEALTH SCIENCES COMPENSATION PLAN
1719,1S,ASSOCIATE PROFESSOR-HEALTH SCIENCES COMPENSATION PLAN
1721,1S,PROFESSOR-HEALTH SCIENCES COMPENSATION PLAN
1723,,INSTRUCTOR IN RESIDENCE - HEALTH SCIENCES COMPENSATION PLAN
1724,1S,ASSISTANT PROFESSOR IN RESIDENCE - HEALTH SCIENCES COMPENSATION PLAN
1725,1S,ASSOCIATE PROFESSOR IN RESIDENCE - HEALTH SCIENCES COMPENSATION PLAN
1726,1S,PROFESSOR IN RESIDENCE - HEALTH SCIENCES COMPENSATION PLAN
1727,,ADJUNCT INSTRUCTOR-HEALTH SCIENCES COMPENSATION PLAN
1728,1S,ASSISTANT ADJUNCT PROFESSOR - HEALTH SCIENCES COMPENSATION PLAN
1729,1S,ASSOCIATE ADJUNCT PROFESSOR - HEALTH SCIENCES COMPENSATION PLAN
1730,1S,ADJUNCT PROFESSOR-HEALTH SCIENCES COMPENSATION PLAN
1731,,HEALTH SCIENCES CLINICAL INSTRUCTOR - HEALTH SCIENCES COMPENSATION PLAN
1732,1S,HEALTH SCIENCES ASSISTANT CLINICAL PROFESSOR - HEALTH SCIENCES COMPENSATION PLAN
1733,1S,HEALTH SCIENCES ASSOCIATE CLINICAL PROFESSOR - HEALTH SCIENCES COMPENSATION PLAN
1734,1S,HEALTH SCIENCES CLINICAL PROFESSOR - HEALTH SCIENCES COMPENSATION PLAN
1895,1S,INSTRUCTOR - STRICT FULL-TIME VETERINARY MEDICINE
1897,1S,ASSISTANT PROFESSOR - STRICT FULL-TIME VETERINARY MEDICINE
1898,1S,ACTING ASSISTANT PROFESSOR - STRICT FULL-TIME VETERINARY MEDICINE
1899,1S,ASSOCIATE PROFESSOR-- STRICT FULL-TIME VETERINARY MEDICINE
1900,1S,ACTING ASSOCIATE PROFESSOR - STRICT FULL-TIME VETERINARY MEDICINE
1901,1S,PROFESSOR - STRICT FULL-TIME VETERINARY MEDICINE
1902,1S,ACTING PROFESSOR - STRICT FULL-TIME VETERINARY MEDICINE
1904,1S,ASSISTANT PROFESSOR IN RESIDENCE - STRICT FULL-TIME VETERINARY MEDICINE
1905,1S,ASSOCIATE PROFESSOR IN RESIDENCE - STRICT FULL-TIME VETERINARY MEDICINE
1906,1S,PROFESSOR IN RESIDENCE - STRICT FULL-TIME VETERINARY MEDICINE
1908,1S,ASSISTANT ADJUNCT PROFESSOR - STRICT FULL-TIME VETERINARY MEDICINE
1909,1S,ASSOCIATE ADJUNCT PROFESSOR - STRICT FULL-TIME VETERINARY MEDICINE
1910,1S,ADJUNCT PROFESSOR - STRICT FULL-TIME VETERINARY MEDICINE
1911,1S,HEALTH SCIENCES CLINICAL INSTRUCTOR - STRICT FULL-TIME VETERINARY MEDICINE
1912,1S,HEALTH SCIENCES ASSISTANT CLINICAL PROFESSOR - STRICT FULL-TIME VETERINARY MEDICINE
1913,1S,HEALTH SCIENCES ASSOCIATE CLINICAL PROFESSOR - STRICT FULL-TIME VETERINARY MEDICINE
1914,1S,HEALTH SCIENCES CLINICAL PROFESSOR - STRICT FULL-TIME VETERINARY MEDICINE
1915,1S,ASSISTANT PROFESSOR OF CLINICAL_____ - STRICT FULL-TIME VETERINARY MEDICINE
1916,1S,ASSOCIATE PROFESSOR OF CLINICAL_____ - STRICT FULL-TIME VETERINARY MEDICINE
1917,1S,PROFESSOR OF CLINICAL_____ - STRICT FULL-TIME VETERINARY MEDICINE
1935,,RES SCRIPPS-AY
1936,,ASSOC RES SCRIPPS-AY
1937,,ASST RES SCRIPPS-AY
1958,,REGENTS' PROFESSOR
1968,,REGENTS' LECTURER
1969,,HOWARD HUGHES MEDICAL INSTITUTE INVESTIGATOR
1970,,LUDWIG INVESTIGATOR
1971,,ACTING PROFESSOR - ACADEMIC YEAR - BUSINESS/ECONOMICS/ ENGINEERING
1972,,ACTING PROFESSOR -FISCAL YEAR-BUSINESS/ECONOMICS/ENGINEERING
1973,,ACTING PROFESSOR - ACADEMIC YEAR - 1/9TH PAYMENT-BUSINESS/ECONOMICS/ENGINEERING
1974,,ACTING ASSOCIATE PROFESSOR - ACADEMIC YEAR - BUSINESS/ ECONOMICS/ENGINEERING
1975,,ACTING ASSOCIATE PROFESSOR - FISCAL YEAR - BUSINESS/ ECONOMICS/ENGINEERING
1976,,ACTING ASSOCIATE PROFESSOR - ACADEMIC YEAR - 1/9TH PAYMENT-BUSINESS/ECONOMICS/ENGINEERING
1977,,ACTING ASSISTANT PROFESSOR - ACADEMIC YEAR - BUSINESS/ ECONOMICS/ENGINEERING
1978,,ACTING ASSISTANT PROFESSOR - FISCAL YEAR - BUSINESS/ ECONOMICS/ENGINEERING
1979,,ACTING ASSISTANT PROFESSOR - ACADEMIC YEAR - 1/9TH PAYMENT-BUSINESS/ECONOMICS/ENGINEERING
1981,1S,RESEARCH-LADDER RANKS SCALE- ACADEMIC YEAR- BUSINESS/ECONOMICS/ENGINEERING
1982,1S,RESEARCH-LADDER RANKS SCALE- ACADEMIC YEAR-1/9TH PAYMENT- BUSINESS/ECONOMICS/ENGINEERING
1983,1S,ASSOCIATE RESEARCH-LADDER RANKS SCALE-ACADEMIC YEAR- BUSINESS/ECONOMICS/ENGINEERING
1984,1S,ASSOCIATE RESEARCH-LADDER RANKS SCALE-ACADEMIC YEAR- 1/9TH PAYMENT- BUSINESS/ECONOMICS/ENGINEERING
1985,1S,ASSISTANT RESEARCH-LADDER RANKS SCALE-ACADEMIC YEAR- BUSINESS/ECONOMICS/ENGINEERING
1986,1S,ASSISTANT RESEARCH-LADDER RANKS SCALE-ACADEMIC YEAR- 1/9TH PAYMENT- BUSINESS/ECONOMICS/ENGINEERING
1987,1S,RESEARCH ----- -FISCAL YEAR - BUSINESS/ECONOMICS/ENGINEERING
1988,1S,ASSOCIATE RESEARCHER- FISCAL YEAR-BUSINESS/ECONOMICSENGINEERING
1989,1S,ASSISTANT RESEARCH ______ - FISCAL YEAR - BUSINESS/ ECONOMICS/ENGINEERING
1990,1S,RESEARCH-LADDER RANKS SCALE- FISCAL YEAR- BUSINESS/ECONOMICS/ENGINEERING
1991,1S,ASSOCIATE RESEARCH-LADDER RANKS SCALE-FISCAL YEAR- BUSINESS/ECONOMICS/ENGINEERING
1992,1S,ASSISTANT RESEARCH-LADDER RANKS SCALE-FISCAL YEAR- BUSINESS/ECONOMICS/ENGINEERING
1993,,RESEARCH-FISCAL YEAR- BUSINESS/ECONOMICS/ENGINEERING-NON-REPRESENTED
1994,,ASSOCIATE RESEARCH- FISCAL YEAR- BUSINESS/ECONOMICS/ENGINEERING-NON-REPRESENTED
1995,,ASSISTANT RESEARCH- FISCAL YEAR- BUSINESS/ECONOMICS/ENGINEERING-NON-REPRESENTED
1997,1S,RESEARCH FISCAL YEAR BUSINESS/ECONOMICS/ENGINEERINGNONEXEMPT
1998,,ASSOCIATE RESEARCH FISCAL YEAR BUSINESS/ECONOMICS/ENGINEERINGNONEXEMPT
1999,,ASSISTANT RESEARCH FISCAL YEAR BUSINESS/ECONOMICS/ENGINEERING
2000,,HEALTH SCIENCES CLINICAL PROFESSOR - ACADEMIC YEAR
2007,,RES-FY-B/E/E NEX NON REP
2008,,ASSOC RES-FY-B/E/E NEX NON REP
2009,,ASST RES-FY-B/E/E NEX NON REP
2010,,HEALTH SCIENCES CLINICAL PROFESSOR - FISCAL YEAR
2011,,CLINICAL PROFESSOR - DENTISTRY - 50% OR MORE - FISCAL YEAR
2017,,CLINICAL PROFESSOR - VOLUNTEER
2020,,HEALTH SCIENCES ASSOCIATE CLINICAL PROFESSOR - ACADEMIC YEAR
2030,,HEALTH SCIENCES ASSOCIATE CLINICAL PROFESSOR - FISCAL YEAR
2037,,ASSOCIATE CLINICAL PROFESSOR- VOLUNTEER
2040,,HEALTH SCIENCES ASSISTANT CLINICAL PROFESSOR - ACADEMIC YEAR
2050,,HEALTH SCIENCES ASSISTANT CLINICAL PROFESSOR - FISCAL YEAR
2057,,ASSISTANT CLINICAL PROFESSOR- VOLUNTEER
2060,,HEALTH SCIENCES CLINICAL INSTRUCTOR - ACADEMIC YEAR
2070,,HEALTH SCIENCES CLINICAL INSTRUCTOR - FISCAL YEAR
2077,,CLINICAL INSTRUCTOR - VOLUNTEER
2081,,CLINICAL ASSOCIATE IN____
2100,,SUPERVISOR OF PHYSICAL EDUCATION - ACADEMIC YEAR
2120,,ASSOCIATE SUPERVISOR OF PHYSICAL EDUCATION - ACADEMIC YEAR
2210,,DEMONSTRATION TEACHER
2211,,DEMONSTRATION TEACHER - CONTINUING APPOINTMENT
2220,,SUPERVISOR OF TEACHER EDUCATION- ACADEMIC YEAR
2221,,SUPERVISOR OF TEACHER EDUCATION-ACADEMIC YEAR- CONTINUING APPOINTMENT
2222,,SUPERVISOR OF TEACHER EDUCATION - FISCAL YEAR
2223,,SUPERVISOR OF TEACHER EDUCATION - FISCAL YEAR - CONTINUING APPOINTMENT
2240,,COORDINATOR OF FIELD WORK - ACADEMIC YEAR
2241,,COORDINATOR OF FIELD WORK - ACADEMIC YEAR-CONTINUING APPOINTMENT
2245,,COORDINATOR OF FIELD WORK - FISCAL YEAR
2246,,COORDINATOR OF FIELD WORK- FISCAL YEAR - CONTINUING APPOINTMENT
2250,,FIELD WORK SUPERVISOR - ACADEMIC YEAR
2251,,FIELD WORK SUPERVISOR- ACADEMIC YEAR-CONTINUING APPOINTMENT
2255,,FIELD WORK SUPERVISOR - FISCAL YEAR
2256,,FIELD WORK SUPERVISOR- FISCAL YEAR - CONTINUING APPOINTMENT
2260,,FIELD WORK CONSULTANT - ACADEMIC YEAR
2261,,FIELD WORK CONSULTANT- ACADEMIC YEAR - CONTINUING APPOINTMENT
2265,,FIELD WORK CONSULTANT - FISCAL YEAR
2266,,FIELD WORK CONSULTANT- FISCAL YEAR - CONTINUING APPOINTMENT
2270,,REMEDIAL TUTOR I - NON-GSHIP/ NON-REPRESENTED
2271,,REMEDIAL TUTOR I - GSHIP/ NON-REPRESENTED
2272,,REMEDIAL TUTOR II - NON-GSHIP/NON-REPRESENTED
2273,,REMEDIAL TUTOR II - GSHIP/ NON-REPRESENTED
2280,,REMEDIAL TUTOR I - NON-GSHIP
2284,,CHILD DEVELOPMENT DEMONSTRATION LECTURER- CONTINUING APPOINTMENT
2285,,CHILD DEVELOPMENT DEMONSTRATION LECTURER
2286,,NURSERY SCHOOL ASSISTANT-GSHIP
2287,,NURSERY SCHOOL ASSISTANT - NON-GSHIP
2288,,REMEDIAL TUTOR I - GSHIP
2289,,REMEDIAL TUTOR II - GSHIP
2290,,REMEDIAL TUTOR II - NON-GSHIP
2300,,TEACHING FELLOW - GSHIP
2301,,TEACHING FELLOW- NON-GSHIP
2302,,TEACHING FELLOW-GSHIP/ NON-REPRESENTED
2303,,TEACHING FELLOW-NON-GSHIP/ NON-REPRESENTED
2305,,COMMUNITY TEACHING FELLOW - GSHIP
2306,,COMMUNITY TEACHING FELLOW - NON GSHIP
2310,6G,TEACHING ASSISTANT - GSHIP
2311,6G,TEACHING ASSISTANT - NON-GSHIP
2312,6G,TEACHING ASSISTANT - GSHIP/ NON-REPRESENTED
2313,6G,TEACHING ASSISTANT-NON-GSHIP/ NON-REPRESENTED
2320,6G,TEACHING ASSISTANT- 1/10TH PAYMENT - GSHIP
2321,6G,TEACHING ASSISTANT- 1/10TH PAYMENT - NON-GSHIP
2382,,K-12 ASST-NON GSHIP/NONREP
2427,,SUBSTITUTE TEACHER
2428,,SUBSTITUTE TEACHER- CONTINUING APPOINTMENT
2430,,GEFFEN K-12 INSTRUCTOR-AY
2431,,GEFFEN K-12 INSTRUCTOR-AY-CONT
2432,,GEFFEN K-12 INSTRUCTOR-AY-1/10
2433,,GEFFEN K-12 INSTR-AY-1/10-CONT
2434,,GEFFEN K-12 INSTR SUMMER PROG
2440,,K-12 INSTRUCTOR-AY
2441,,K-12 INSTRUCTOR-AY-1/10
2442,,K-12 DAILY SUBSTITUTE/NONREP
2447,,PREUSS K-12 COUNSELOR-AY
2448,,PREUSS K-12 COUNSELOR-AY-1/10
2460,,TEACHER - SPECIAL PROGRAMS
2461,,TEACHER-SPECIAL PROGRAMS - CONTINUING APPOINTMENT
2500,,READER-NON STUDENT
2510,4C,TUTOR - NON-STUDENT
2520,,READER-NON STUDENT/ NON REPRESENTED
2521,,TUTOR-NON-STUDENT/ NON-REPRESENTED
2550,,ACTING INSTRUCTOR- GRADUATE STUDENT- GSHIP
2551,,ACTING INSTRUCTOR- GRADUATE STUDENT-NON GSHIP
2600,,MILITARY OR AIR SCIENCE AND TACTICS ASSISTANT
2650,,TEACHER - LAWRENCE HALL OF SCIENCE
2651,,TEACHER-LAWRENCE HALL OF SCIENCE - CONTINUING APPOINTMENT
2705,,PHYSICAL THERAPY RESID/NON REP
2708,,RESIDENT PHYSICIAN I/ NON-REPRESENTED
2709,,RESIDENT PHYSICIAN I/ REPRESENTED
2714,,INTERN - VETERINARY MEDICINE/ NON-REPRESENTED
2715,,INTERN - CLINICAL PSYCHOLOGY- NON-REPRESENTED
2716,,INTERN-CLINICAL PSYCHOLOGY-GENERAL CAMPUS
2717,,INTERN-CLINICAL PSYCHOLOGY NEX
2718,,INTERN-CLIN PSYCH-GEN CAMP NEX
2723,,RESIDENT PHYSICIAN II-IX/ REPRESENTED
2724,,RESIDENT PHYSICIAN II-IX/ NON-REPRESENTED
2725,,CHIEF RESIDENT PHYSICIAN/ NON-REPRESENTED
2726,,RESIDENT PHYSICIAN/ SUBSPECIALIST IV-VIII/ NON-REPRESENTED
2727,,POST DDS I-VI/ NON-REPRESENTED
2728,,POSTGRADUATE YEAR I PHARMACY RESIDENT/NON REPRESENTED
2729,1S,POSTGRADUATE YEAR II PHARMACY RESIDENT/NON REPRESENTED
2730,1S,RESIDENT-VETERINARY MEDICINE/ NON-REPRESENTED
2732,,OTHER POST-MD TRAINEE II-VIII/NON-REPRESENTED
2733,,OTH POST-MD TRAIN 2-8/REP
2735,,STIPEND-OTHER POST-MD TRAINEE
2736,,RESID PHYS/SUBSPEC 4-8/REP
2737,,OTH POST DDS/NON REP
2738,,CHIEF RESID PHYS-REP
2739,,NON-PHYS CLIN TRAIN NEX
2740,,NON-PHYSICIAN CLINICAL TRAINEE
2741,,NON-PHYSICIAN CLINICAL TRAINEE-GENERAL CAMPUS
2742,,NON-PHYS CLIN TRAIN-GENCMP NEX
2743,,RESID PHYS I/REP-OV
2744,,RESID PHYS II-VIII/REP-OV
2745,,CHIEF RESID PHYS-REP-OV
2746,,RESID PHYS/SUBSPEC 4-8/REP-OV
2747,,OTH POST-MD TRAIN 2-8/REP-OV
2749,,RESID PHYS/SUBSPEC/T32/NON REP
2750,,RESID PHYS/SUBSPEC/T32/REP
2753,,RESID PHYS MOONLTG NON REP
2754,,RESID PHYS MOONLTG REP
2757,,POST DDS I-VI/REP
2758,,OTH POST DDS/REP
2760,,RESID PHYS I/REP-FNO
2761,,RESID PHYS II-VIII/REP-FNO
2762,,CHIEF RESID PHYS-REP-FNO
2763,,RESID PHYS/SUBSPEC 4-8/REP-FNO
2764,,OTH POST-MD TRAIN 2-8/REP-FNO
2766,,HEAL OTH POST-MD 4-6/REP
2770,,RESID PHYS I/REP-CMTY
2771,,RESID PHYS II-VIII/REP-CMTY
2772,,CHIEF RESID PHYS-REP-CMTY
2773,,RESID PHYS/SUBSPEC4-8/REP-CMTY
2774,,OTH POST-MD TRAIN 2-8/REP-CMTY
2850,2P,READER-GSHIP
2851,2P,READER - NON-GSHIP
2852,,SPECIAL READER-UCLA-GSHIP
2853,,SPECIAL READER-UCLA-NON GSHIP
2854,,READER-GSHIP/NON REPRESENTED
2855,,READER-NON GSHIP/ NON REPRESENTED
2860,,TUTOR - GSHIP
2861,4C,TUTOR - NON-GSHIP
2862,,TUTOR-GSHIP/NON-REPRESENTED
2863,,TUTOR-NON-GSHIP/ NON-REPRESENTED
3000,1S,AGRONOMIST IN THE AGRICULTURALEXPERIMENT STATION
3001,1S,AGRONOMIST IN THE AGRICULTURALEXPERIMENT STATION - STRICT FULL TIME - VETERINARY MEDICINE
3004,1S,SPECIALIST IN THE AGRICULTURAL EXPERIMENT STATION
3007,,ACTING AGRONOMIST IN THE AGRICULTURAL EXPERIMENT STATION
3009,1S,ACTING AGRONOMIST IN THE AGRICULTURAL EXPERIMENT STATION - STRICT FULL-TIME VETERINARY MEDICINE
3010,1S,ASSOCIATE AGRONOMIST IN THE AGRICULTURAL EXPERIMENT STATION
3011,1S,ASSOCIATE AGRONOMIST IN THE AGRICULTURAL EXPERIMENT STATION - STRICT FULL TIME - VETERINARY MEDICINE
3012,1S,AGRONOMIST IN THE AGRICULTURALEXPERIMENT STATION - BUSINESS/ECONOMICS/ENGINEERING
3013,1S,ASSOCIATE AGRONOMIST IN THE AGRICULTURAL EXPERIMENT STATION - BUSINESS/ECONOMICS/ENGINEERING
3014,1S,ASSOCIATE SPECIALIST IN THE AGRICULTURAL EXPERIMENT STATION
3015,1S,ASSISTANT AGRONOMIST IN THE AGRICULTURAL EXPERIMENT STATION - BUSINESS/ECONOMICS/ENGINEERING
3017,,ACTING ASSOCIATE AGRONOMIST INAGRICULTURAL EXPERIMENT STATION
3019,1S,ACTING ASSOCIATE AGRONOMIST INTHE AGRICULTURAL EXPERIMENT STATION - STRICT FULL TIME - VETERINARY MEDICINE
3020,1S,ASSISTANT AGRONOMIST IN THE AGRICULTURAL EXPERIMENT STATION
3021,1S,ASSISTANT AGRONOMIST IN THE AGRICULTURAL EXPERIMENT STATION - STRICT FULL TIME - VETERINARY MEDICINE
3024,,ASSISTANT SPECIALIST IN THE AGRICULTURAL EXPERIMENT STATION
3027,,ACTING ASSISTANT AGRONOMIST INTHE AGRICULTURAL EXPERIMENT STATION
3029,1S,ACTING ASSISTANT AGRONOMIST INTHE AGRICULTURAL EXPERIMENT STATION - STRICT FULL TIME - VETERINARY MEDICINE
3044,,ACTING AGRONOMIST IN THE AGRICULTURAL EXPERIMENT STATION - BUSINESS/ECONOMICS/ ENGINEERING
3045,,ACTING ASSOCIATE AGRONOMIST INTHE AGRICULTURAL EXPERIMENT STATION - BUSINESS/ECONOMICS/ ENGINEERING
3046,,ACTING ASSISTANT AGRONOMIST INTHE AGRICULTURAL EXPERIMENT STATION - BUSINESS/ECONOMICS/ ENGINEERING
3060,1S,AGRONOMIST IN THE AGRICULTURALEXPERIMENT STATION - ACADEMIC YEAR
3062,1S,AGRONOMIST IN THE AGRICULTURALEXPERIMENT STATION - BUSINESS/ECONOMICS/ENGINEERINGACADEMIC YEAR
3064,,ACTING AGRONOMIST IN THE AGRICULTURAL EXPERIMENT STATION - ACADEMIC YEAR
3066,,ACTING AGRONOMIST IN THE AGRICULTURAL EXPERIMENT STATION - BUSINESS/ENGINEERINGECONOMICS - ACADEMIC YEAR
3070,1S,ASSOCIATE AGRONOMIST IN THE AGRICULTURAL EXPERIMENT STATION - ACADEMIC YEAR
3072,1S,ASSOCIATE AGRONOMIST IN THE AGRICULTURAL EXPERIMENT STATION - BUSINESS/ECONOMICS ENGINEERING - ACADEMIC YEAR
3074,,ACTING ASSOCIATE AGRONOMIST INTHE AGRICULTURAL EXPERIMENT STATION - ACADEMIC YEAR
3076,,ACTING ASSOCIATE AGRONOMIST INTHE AGRICULTURAL EXPERIMENT STATION - BUSINESS/ECONOMICS/ ENGINEERING-ACADEMIC YEAR
3080,1S,ASSISTANT AGRONOMIST IN THE AGRICULTURAL EXPERIMENT STATION - ACADEMIC YEAR
3082,1S,ASSISTANT AGRONOMIST IN THE AGRICULTURAL EXPERIMENT STATION - BUSINESS/ECONOMICS ENGINEERING - ACADEMIC YEAR
3084,2P,ACTING ASSISTANT AGRONOMIST INTHE AGRICULTURAL EXPERIMENT STATION - ACADEMIC YEAR
3086,,ACTING ASSISTANT AGRONOMIST INTHE AGRICULTURAL EXPERIMENT STATION - BUSINESS/ECONOMICS ENGINEERING - ACADEMIC YEAR
3100,,ASTRONOMER
3104,,SPECIALIST IN THE AGRICULTURALEXPERIMENT STATION - NON-EXEMPT
3110,,ASSOCIATE ASTRONOMER
3114,1S,ASSOCIATE SPECIALIST IN THE AGRICULTURAL EXPERIMENT STATION - NON-EXEMPT
3124,,ASSISTANT SPECIALIST IN THE AGRICULTURAL EXPERIMENT STATION - NON-EXEMPT
3140,6G,GSR-FELLOWSHIP-NO REM
3141,6G,GSR-FELLOWSHIP-TUIT&FEE REM
3142,6G,GSR-FELLOW-PAID DIR-NO REM
3143,6G,GSR-FELLOW-PAID DIR-TUIT REM
3144,6G,GSR-FELLOW-NO REM
3145,6G,GSR-FELLOW-TUIT REM
3150,6G,GSR-TRAINEE-NO REM
3151,6G,GSR-TRAINEE-TUIT&FEE REM
3152,6G,GSR-TRAINEE-PAID DIR-NO REM
3153,6G,GSR-TRAINEE-PAID DIR-TUIT REM
3154,6G,GSR-TRAINEE-NO REM
3155,6G,GSR-TRAINEE-TUIT REM
3160,6G,GSR TRAINEE/FELLOW SUPPLEMENT
3170,1S,RESEARCH ____ - FISCAL YEAR NONEXEMPT
3171,,RES-FY NEX NON REP
3173,,RESEARCH _____ - ACADEMIC YEARNONEXEMPT
3175,,RESEARCH - ACADEMIC YEAR 1/9 PAYMENT NONEXEMPT
3176,,RES-SFT NEX
3178,,VIS RES NEX
3180,1S,ASSOCIATE RESEARCH FISCAL YEARNONEXEMPT
3181,,ASSOC RES-FY NEX NON REP
3183,,ASSOCIATE RESEARCH ___________ACADEMIC YEAR NONEXEMPT
3185,,ASSOCIATE RESEARCH - ACADEMIC YEAR 1/9 PAYMENT NONEXEMPT
3186,,ASSOC RES-SFT NEX
3188,,VIS ASSOC RES NEX
3190,1S,ASSISTANT RESEARCH - FISCAL YEAR NONEXEMPT
3191,,ASST RES-FY NEX NON REP
3193,,ASSISTANT RESEARCH ___________ACADEMIC YEAR NONEXEMPT
3195,,ASSISTANT RESEARCH - ACADEMIC YEAR 1/9 PAYMENT NONEXEMPT
3196,,ASST RES-SFT NEX
3198,,VIS ASST RES NEX
3200,1S,RESEARCH _____ - FISCAL YEAR
3201,1S,RESEARCH-LADDER RANKS SCALE- FISCAL YEAR
3202,,RES (WOS)
3203,1S,RESEARCH-LADDER RANKS SCALE- ACADEMIC YEAR
3205,1S,RESEARCH-LADDER RANKS SCALE- ACADEMIC YEAR-1/9TH PAYMENT
3206,1S,RESEARCH----- - STRICT FULL TIME
3207,1S,RESEARCH-FISCAL YEAR- NON-REPRESENTED
3208,2P,VISITING RESEARCH -----
3210,1S,ASSOCIATE RESEARCHER- FISCAL YEAR
3211,1S,ASSOCIATE RESEARCH-LADDER RANKS SCALE-FISCAL YEAR
3212,,ASSOC RES (WOS)
3213,1S,ASSOCIATE RESEARCH-LADDER RANKS SCALE-ACADEMIC YEAR
3215,1S,ASSOCIATE RESEARCH-LADDER RANKS SCALE-ACADEMIC YEAR- 1/9TH PAYMENT
3216,1S,ASSOCIATE RESEARCHER- STRICT FULL TIME
3217,1S,ASSOCIATE RESEARCH-FISCAL YEAR-NON-REPRESENTED
3218,2P,VISITING ASSOCIATE RESEARCH ________
3220,1S,ASSISTANT RESEARCH ____ - FISCAL YEAR
3221,,ASSISTANT RESEARCH-LADDER RANKS SCALE-FISCAL YEAR
3222,,ASST RES (WOS)
3223,1S,ASSISTANT RESEARCH-LADDER RANKS SCALE-ACADEMIC YEAR
3225,1S,ASSISTANT RESEARCH-LADDER RANKS SCALE-ACADEMIC YEAR- 1/9TH PAYMENT
3226,1S,ASSISTANT RESEARCH _____- STRICT FULL TIME
3227,1S,ASSISTANT RESEARCH-FISCAL YEAR-NON-REPRESENTED
3228,2P,VISITING ASSISTANT RESEARCH ----- - FISCAL YEAR
3230,,FIELD PROGRAM SUPERVISOR
3234,,ASSOCIATE FIELD PROGRAM SUPERVISOR
3235,,MATH FELLOW
3237,,FACULTY FELLOW RESEARCHER - ACADEMIC YEAR
3238,,FACULTY FELLOW RESEARCHER - ACADEMIC YEAR - 1/9TH PAYMENT
3249,,SENATE EMERITUS (WOS)
3250,,PROFESSOR OF ----- IN RESIDENCE - ACADEMIC YEAR
3251,1S,PROFESSOR OF ----- IN RESIDENCE - FISCAL YEAR
3252,5D,POSTDOCTORAL SCHOLAR-EMPLOYEE
3253,5D,POSTDOCTORAL SCHOLAR-FELLOW
3254,5D,POSTDOC-PAID DIRECT
3255,5D,POSTDOC-EMPLOYEE NEX
3256,5D,INTRM POSTDOC SCHOLAR-EMPLOYEE
3258,1S,ADJUNCT PROFESSOR - ACADEMIC YEAR
3259,1S,ADJUNCT PROFESSOR-FISCAL YEAR
3260,,ASSOCIATE PROFESSOR IN RESIDENCE - ACADEMIC YEAR
3261,,ASSOCIATE PROFESSOR IN RESIDENCE - FISCAL YEAR
3262,6G,GRADUATE STUDENT RESEARCHER- TUITION AND FEE REMISSION- UCSD-GROUP E
3263,6G,GRADUATE STUDENT RESEARCHER- TUITION AND FEE REMISSION- UCSD-GROUP F
3264,6G,GRADUATE STUDENT RESEARCHER- TUITION AND FEE REMISSION- UCSD-GROUP G
3266,6G,GRADUATE STUDENT RESEARCHER - NO REMISSION
3268,1S,ASSOCIATE ADJUNCT PROFESSOR - ACADEMIC YEAR
3269,1S,ASSOCIATE ADJUNCT PROFESSOR - FISCAL YEAR
3270,1S,ASSISTANT PROFESSOR IN RESIDENCE - ACADEMIC YEAR
3271,,ASSISTANT PROFESSOR OF ----- IN RESIDENCE - FISCAL YEAR
3273,6G,GRADUATE STUDENT ASSISTANT RESEARCHER - NON-GSHIP
3274,6G,GRADUATE STUDENT ASSISTANT - RESEARCHER - GSHIP
3276,6G,GRADUATE STUDENT RESEARCHER - PARTIAL FEE REMISSION
3278,1S,ASSISTANT ADJUNCT PROFESSOR - ACADEMIC YEAR
3279,1S,ASSISTANT ADJUNCT PROFESSOR- FISCAL YEAR
3282,6G,GRADUATE STUDENT RESEARCHER - FULL FEE REMISSION
3283,6G,GRADUATE STUDENT RESEARCHER - FULL TUITION AND PARTIAL FEE REMISSION
3284,6G,GRADUATE STUDENT RESEARCHER - FULL TUITION AND FULL FEE REMISSION
3285,6G,GRADUATE STUDENT RESEARCHER- TUITION AND FEE REMISSION- UCSD-GROUP B
3286,6G,GRADUATE STUDENT RESEARCHER- TUITION AND FEE REMISSION- UCSD-GROUP C
3287,6G,GRADUATE STUDENT RESEARCHER- TUITION AND FEE REMISSION- UCSD-GROUP D
3288,,ADJUNCT INSTRUCTOR - ACADEMIC YEAR
3289,,ADJUNCT INSTRUCTOR-FISCAL YEAR
3290,,RESEARCH PROFESSOR - MILLER INSTITUTE - ACADEMIC YEAR
3291,,RESEARCH PROFESSOR - MILLER INSTITUTE - FISCAL YEAR
3292,,ASSOCIATE RESEARCH PROFESSOR -MILLER INSTITUTE - ACADEMIC YEAR
3293,,ASSOCIATE RESEARCH PROFESSOR -MILLER INSTITUTE - FISCAL YEAR
3296,,RESEARCH FELLOW (WITHOUT SALARY)
3297,,CHI GREEN SCHOLAR-UCSD
3298,,RESEARCH ASSOCIATE (WITHOUT SALARY)
3299,,VIS SCHOLAR (WOS)
3300,2P,SPECIALIST
3301,,SPECIALIST NONEXEMPT
3302,,SPECIALIST (WOS)
3303,2P,SPECIALIST NON-REPRESENTED
3304,,SPECIALIST NONEXEMPT NON-REPRESENTED
3305,,VIS SPECIALIST
3306,,VIS SPECIALIST NEX
3310,2P,ASSOCIATE SPECIALIST
3311,2P,ASSOCIATE SPECIALIST NONEXEMPT
3312,,ASSOC SPECIALIST (WOS)
3313,2P,ASSOCIATE SPECIALIST NON-REPRESENTED
3314,,ASSOCIATE SPECIALIST NONEXEMPT NON-REPRESENTED
3315,,VIS ASSOC SPECIALIST
3316,,VIS ASSOC SPECIALIST NEX
3320,2P,ASSISTANT SPECIALIST
3321,2P,ASSISTANT SPECIALIST NONEXEMPT
3322,,ASST SPECIALIST (WOS)
3323,,ASSISTANT SPECIALIST NON-REPRESENTED
3324,,ASSISTANT SPECIALIST NONEXEMPT NON-REPRESENTED
3325,,VIS ASST SPECIALIST
3326,,VIS ASST SPECIALIST NEX
3328,,JR SPECIALIST (WOS)
3329,2P,JUNIOR SPECIALIST NONEXEMPT
3330,2P,JUNIOR SPECIALIST
3333,,JUNIOR SPECIALIST NON-REPRESENTED
3334,,JUNIOR SPECIALIST NONEXEMPT NON-REPRESENTED
3335,,VIS JR SPECIALIST
3336,,VIS JR SPECIALIST NEX
3345,,PROFESSOR IN RESIDENCE - ACADEMIC YEAR - 1/10TH PAYMENT - BUSINESS/ECONOMICS/ENGINEERING
3346,,ASSOCIATE PROFESSOR IN RESIDENCE - ACADEMIC YEAR - 1/10TH PAYMENT - BUSINESS/ECONOMICS/ENGINEERING
3347,,ASSISTANT PROFESSOR IN RESIDENCE - ACADEMIC YEAR -1/10TH PAYMENT - BUSINESS/ECONOMICS/ENGINEERING
3351,,ASSISTANT PROFESSOR IN RESIDENCE - ACADEMIC YEAR - 1/9TH PAYMENT
3352,1S,ASSOCIATE PROFESSOR IN RESIDENCE - ACADEMIC YEAR -1/9TH PAYMENT
3353,,PROFESSOR IN RESIDENCE - ACADEMIC YEAR - 1/9TH PAYMENT
3361,1S,ASSISTANT ADJUNCT PROFESSOR - ACADEMIC YEAR - 1/9TH PAYMENT
3362,,ASSOCIATE ADJUNCT PROFESSOR - ACADEMIC YEAR - 1/9TH PAYMENT
3363,,ADJUNCT PROFESSOR - ACADEMIC YEAR - 1/9TH PAYMENT
3365,,ASSISTANT ADJUNCT PROFESSOR ACADEMIC YEAR 1/10TH
3366,,ASSOCIATE ADJUNCT PROFESSOR ACADEMIC YEAR 1/10TH
3367,,ADJUNCT PROFESSOR ACADEMIC YEAR 1/10TH
3368,,ASSISTANT ADJUNCT PROFESSOR ACADEMIC YEAR 1/10TH BEE SCALE
3369,1S,ASSOCIATE ADJUNCT PROFESSOR ACADEMIC YEAR 1/10TH BEE SCALE
3371,1S,ASSISTANT ADJUNCT PROFESSOR - ACADEMIC YEAR - BUSINESS/ ECONOMICS/ENGINEERING
3372,1S,ASSISTANT ADJUNCT PROFESSOR - FISCAL YEAR - BUSINESS/ ECONOMICS/ENGINEERING
3373,1S,ASSISTANT ADJUNCT PROFESSOR - ACADEMIC YEAR - 1/9TH PAYMENT-BUSINESS/ECONOMICS/ENGINEERING
3374,1S,ASSOCIATE ADJUNCT PROFESSOR - ACADEMIC YEAR - BUSINESS/ ECONOMICS/ENGINEERING
3375,1S,ASSOCIATE ADJUNCT PROFESSOR - FISCAL YEAR - BUSINESS/ ECONOMICS/ENGINEERING
3376,1S,ASSOCIATE ADJUNCT PROFESSOR - ACADEMIC YEAR - 1/9TH PAYMENT-BUSINESS/ECONOMICS/ENGINEERING
3377,1S,ADJUNCT PROFESSOR - ACADEMIC YEAR - BUSINESS/ECONOMICS/ ENGINEERING
3378,1S,ADJUNCT PROFESSOR-FISCAL YEAR-BUSINESS/ECONOMICS/ENGINEERING
3379,1S,ADJUNCT PROFESSOR - ACADEMIC YEAR - 1/9TH PAYMENT - BUSINESS/ECONOMICS/ENGINEERING
3380,1S,ADJUNCT PROFESSOR ACADEMIC YEAR 1/10TH BEE SCALE
3381,,PROFESSOR IN RESIDENCE - ACADEMIC YEAR - BUSINESS/ ECONOMICS/ENGINEERING
3382,,PROFESSOR IN RESIDENCE - FISCAL YEAR - BUSINESS/ ECONOMICS/ENGINEERING
3383,,PROFESSOR IN RESIDENCE - ACADEMIC YEAR - 1/9TH PAYMENT BUSINESS/ECONOMICS/ENGINEERING
3384,,ASSOCIATE PROFESSOR IN RESIDENCE - ACADEMIC YEAR - BUSINESS/ECONOMICS/ENGINEERING
3385,,ASSOCIATE PROFESSOR IN RESIDENCE - FISCAL YEAR - BUSINESS/ECONOMICS/ENGINEERING
3386,,ASSOCIATE PROFESSOR IN RESIDENCE - ACADEMIC YEAR - 1/9TH PAYMENT - BUSINESS/ ECONOMICS/ENGINEERING
3387,,ASSISTANT PROFESSOR IN RESIDENCE - ACADEMIC YEAR - BUSINESS/ECONOMICS/ENGINEERING
3388,,ASSISTANT PROFESSOR IN RESIDENCE -FISCAL YEAR - BUSINESS/ECONOMICS/ENGINEERING
3389,,ASSISTANT PROFESSOR IN RESIDENCE - ACADEMIC YEAR - 1/9TH PAYMENT - BUSINESS/ ECONOMICS/ENGINEERING
3390,1S,PROJECT SCIENTIST-FISCAL YEAR
3391,1S,PROJECT SCIENTIST-FISCAL YEAR BUSINESS/ECONOMICS/ENGINEERING
3392,1S,ASSOCIATE PROJECT SCIENTIST- FISCAL YEAR
3393,1S,ASSOCIATE PROJECT SCIENTIST FISCAL YEAR - BUSINESS/ ECONOMICS/ENGINEERING
3394,1S,ASSISTANT PROJECT _____ - FISCAL YEAR
3395,1S,ASSISTANT PROJECT _____ - FISCAL YEAR - BUSINESS/ ECONOMICS/ENGINEERING
3396,2P,VIS PROJ SCIENTIST
3397,,VIS ASSOC PROJ SCIENTIST
3398,2P,VIS ASST PROJ SCIENTIST
3403,1S,PROJECT SCIENTIST-FISCAL YEAR-NON-REPRESENTED
3404,,PROJECT SCIENTIST-FISCALYEAR- BUSINESS/ECONOMICS/ENGINEERING-NON-REPRESENTED
3405,1S,ASSOCIATE PROJECT SCIENTIST- FISCAL YEAR-NON-REPRESENTED
3406,,ASSOCIATE PROJECT SCIENTIST- FISCAL YEAR- BUSINESS/ECONOMICS/ENGINEERING-NON-REPRESENTED
3407,,ASSISTANT PROJECT SCIENTIST- FISCAL YEAR-NON-REPRESENTED
3408,,ASSISTANT PROJECT SCIENTIST- FISCAL YEAR- BUSINESS/ECONOMICS/ENGINEERING-NON-REPRESENTED
3413,,PROJ SCI-FY NEX NON REP
3414,,PROJ SCI-FY-B/E/E NEX NON REP
3415,,ASSOC PROJ SCI-FY NEX NON REP
3416,,ASSOC PROJSC-FY-BEE NEX NONREP
3417,,ASST PROJ SCI-FY NEX NON REP
3418,,ASST PROJSCI-FY-BEE NEX NONREP
3441,2P,COOPERATIVE EXTENSION ADVISOR
3442,,COOPERATIVE EXTENSION ADVISOR NONEXEMPT FISCAL YEAR
3451,2P,ASSOCIATE COOPERATIVE EXTENSION ADVISOR
3452,,ASSOCIATE COOPERATIVE EXT ADVISOR NONEXEMPT FISCAL YEAR
3461,2P,ASSISTANT COOPERATIVE EXTENSION ADVISOR
3462,,ASSISTANT COOPERATIVE EXT ADVISOR NONEXEMPT FISCAL YEAR
3475,1S,ASSISTANT SPECIALIST IN COOPERATIVE EXTENSION
3476,,ASSISTANT SPECIALIST IN COOPERATIVE EXTENSION NONEXEMPT
3477,1S,ASSOCIATE SPECIALIST IN COOPERATIVE EXTENSION
3478,,ASSOCIATE SPECIALIST IN COOPERATIVE EXTENSION NONEXEMPT
3479,1S,SPECIALIST IN COOPERATIVE EXTENSION
3480,,SPECIALIST IN COOPERATIVE EXTENSION NONEXEMPT
3487,,PROJ SCIENTIST (WOS)
3488,,ASSOC PROJ SCIENTIST (WOS)
3489,,ASST PROJ SCIENTIST (WOS)
3490,1S,PROJECT SCIENTIST-FISCAL YEAR NONEXEMPT
3491,,PROJECT SCIENTIST FISCAL YEAR BUSINESS/ECONOMICS/ENGINEERINGNONEXEMPT
3492,1S,ASSOCIATE PROJECT SCIENTIST FISCAL YEAR NONEXEMPT
3493,,ASSOCIATE PROJECT SCIENTIST FISCAL YEAR BUSINESS/ECONOMICS/ENGINEERINGNONEXEMPT
3494,1S,ASSISTANT PROJECT SCIENTIST FISCAL YEAR NONEXEMPT
3495,,ASSISTANT PROJECT SCIENTIST FISCAL YEAR BUSINESS/ECONOMICS/ENGINEERINGNONEXEMPT
3496,,VIS PROJ SCIENTIST NEX
3497,,VIS ASSOC PROJ SCIENTIST NEX
3498,,VIS ASST PROJ SCIENTIST NEX
3501,,COORDINATOR OF PUBLIC PROGRAMS VIII
3503,,COORDINATOR OF PUBLIC PROGRAMS VII
3505,,COORDINATOR OF PUBLIC PROGRAMS VI
3507,,COORDINATOR OF PUBLIC PROGRAMS V
3509,,COORDINATOR OF PUBLIC PROGRAMS IV
3511,,COORDINATOR OF PUBLIC PROGRAMS III
3513,,COORDINATOR OF PUBLIC PROGRAMS II
3515,,COORDINATOR OF PUBLIC PROGRAMS I
3520,,CONTINUING EDUCATOR I
3521,,CONTINUING EDUCATOR II
3522,,CONTINUING EDUCATOR III
3530,,CONTINUING EDUCATOR I - NON-EXEMPT
3531,,CONTINUING EDUCATOR II - NON-EXEMPT
3532,,CONTINUING EDUCATOR III - NON-EXEMPT
3539,,PROGRAM COORDINATOR NEX
3540,,PROGRAM COORDINATOR
3541,,COORDINATOR OF PUBLIC PROGRAMSVIII NONEXMPT
3542,,COORDINATOR OF PUBLIC PROGRAMS VIII NON-REPRESENTED
3543,,COORDINATOR OF PUBLIC PROGRAMSVII NONEXEMPT
3544,,COORDINATOR OF PUBLIC PROGRAMS VII NON-REPRESENTED
3545,,COORDINATOR OF PUBLIC PROGRAMSVI NONEXEMPT
3546,,COORDINATOR OF PUBLIC PROGRAMS VI NON-REPRESENTED
3547,,COORDINATOR OF PUBLIC PROGRAMSV
3548,,COORDINATOR OF PUBLIC PROGRAMS V NON-REPRESENTED
3549,,COORDINATOR OF PUBLIC PROGRAMSIV NONEXEMPT
3550,,COORDINATOR OF PUBLIC PROGRAMS IV NON-REPRESENTED
3551,,COORDINATOR OF PUBLIC PROGRAMSIII NONEXEMPT
3552,,COORDINATOR OF PUBLIC PROGRAMS III NON-REPRESENTED
3553,,COORDINATOR OF PUBLIC PROGRAMSII NONEXEMPT
3554,,COORDINATOR OF PUBLIC PROGRAMS II NON-REPRESENTED
3555,,COORDINATOR OF PUBLIC PROGRAMSI NONEXEMPT
3556,,COORDINATOR OF PUBLIC PROGRAMS I NON-REPRESENTED
3557,,COORD PUB PROG NON REP
3558,,COORD PUBLIC PROG
3559,,ASSOC COORD PUB PROG NON REP
3560,,ASSOC COORD PUBLIC PROG
3561,,ASST COORD PUB PROG NON REP
3562,,ASST COORD PUBLIC PROG
3563,,COORD PUBLIC PROG NEX
3564,,ASSOC COORD PUBLIC PROG NEX
3565,,ASST COORD PUBLIC PROG NEX
3566,,COORD PUB PROG NEX NON REP
3567,,ASSOC COORD PUBPROG NEX NONREP
3568,,ASST COORD PUB PROG NEX NONREP
3570,4C,TEACHER-UNIVERSITY EXTENSION CONTRACT YEAR
3572,,ASSISTANT TEACHER - UNIVERSITYEXTENSION
3574,,TEACHER - UNIVERSITY EXTENSION
3575,,SPEAKER-UNIVERSITY EXTENSION
3580,,COURSE AUTHOR - UNIVERSITY EXTENSION
3581,,COURSE AUTHOR-UNEX NEX
3600,,ASSOCIATE UNIVERSITY LIBRARIAN
3601,,ASSOCIATE UNIVERSITY LIBRARIANNONEXEMPT
3602,,LIBRARIAN-CAREER NON REP
3603,,LIBRARIAN-POTNTLCAREER NON REP
3604,,ASSOC LIBRARIAN-CAREER NON REP
3605,,ASSOC LIBRARIAN-POTLCAR NONREP
3606,,ASST LIBRARIAN-CAREER NON REP
3607,,ASST LIBRARIAN-POTLCAR NONREP
3610,,ASSISTANT UNIVERSITY LIBRARIAN
3611,,ASSISTANT UNIVERSITY LIBRARIANNONEXEMPT
3612,,LIBRARIAN - CAREER STATUS
3613,,LIBRARIAN - POTENTIAL CAREER STATUS
3614,,LIBRARIAN - TEMPORARY STATUS
3615,,VISITING LIBRARIAN
3616,,ASSOCIATE LIBRARIAN - CAREER STATUS
3617,,ASSOCIATE LIBRARIAN - POTENTIAL CAREER STATUS
3618,,ASSOCIATE LIBRARIAN - TEMPORARY STATUS
3620,,ASSISTANT LIBRARIAN - CAREER STATUS
3621,,ASSISTANT LIBRARIAN - POTENTIAL CAREER STATUS
3622,,ASSISTANT LIBRARIAN - TEMPORARY STATUS
3635,,LAW LIBRARIAN
3636,,LAW LIBRARIAN NEX
3637,,ASSISTANT LAW LIBRARIAN
3638,,ASST LAW LIBRARIAN NEX
3639,,ASSOCIATE LAW LIBRARIAN
3640,,ASSOC LAW LIBRARIAN NEX
3650,,CURATOR
3651,,ASSOCIATE CURATOR
3652,,ASSISTANT CURATOR
3662,,LIBRARIAN CAREER STATUS NONEXEMPT
3663,,LIBRARIAN POTENTIAL CAREER NONEXEMPT
3664,,LIBRARIAN TEMP STATUS NONEXEMPT
3665,,VIS LIBRARIAN NEX
3666,,ASSOCIATE LIBRARIAN-CAREER NONEXEMPT
3667,,ASSOCIATE LIBRARIAN WITH POTENTIAL CAREER NONEXEMPT
3668,,ASSOCIATE LIBRARIAN WITH TEMP APPOINTMENT NONEXEMPT
3670,,ASSISTANT LIBRARIAN CAREER NONEXEMPT
3671,,ASSISTANT LIBRARIAN POTENTIAL CAREER NONEXEMPT
3672,,ASSISTANT LIBRARIAN TEMPORARY STATUS NONEXEMPT
3700,,FACULTY CONSULTANT
3730,6G,VISITOR-GRADUATE (WOS)
3731,,VISITOR-UNDERGRADUATE (WOS)
3800,,NON-SENATE ACADEMIC EMERITUS (WITHOUT SALARY)
3802,1S,RECALL NON-FACULTY ACADEMIC
3812,2P,RECALL NON-FACULTY ACAD NEX
3900,,FACULTY ADMIN TRANSITION LV-AY
3910,,FACULTY ADMIN TRANSITION LV-FY
3990,,ADDITIONAL COMPENSATION - HARBOR GENERAL HOSPITAL AND OLIVE VIEW MEDICAL CENTER SERVICE
3993,4C,FACULTY RECRUITMENT ALLOWANCE
3995,,EAP-TEMP FACULTY HOUSING ALLOW
3998,,SALARY SUPPLEMENTATION
3999,,MISCELLANEOUS
4000,,"STUDENT AID, OUTSIDE AGENCY"
4001,,PRINCIPAL RECREATION SUPERVISOR
4002,,SENIOR RECREATION SUPERVISOR
4003,,RECREATION SUPERVISOR
4004,,ASSISTANT RECREATION SUPERVISOR
4005,,HEAD COACH INTERCOLLEGIATE ATHLETICS EXEMPT
4006,,COACH/SPECIALIST
4007,,ASSISTANT COACH INTERCOLLEGIATE ATHLETICS EXEMPT
4008,,ATHLETICS INTERN
4009,,PATHOLOGY ASSISTANT 4
4010,,WRITTEN COMMUNICATIONS SUPERVISOR 2
4011,,RECREATION PROGRAM INSTRUCTOR
4012,,HEAD COACH INTERCOLLEGIATE ATHLETICS NON-EXEMPT
4014,,ASSISTANT COACH INTERCOLLEGIATE ATHLETICS NON-EXEMPT
4015,,ACQUISITIONS EDITOR 4
4016,,ACQUISITIONS EDITOR 3
4017,4C,WRITER/EDITOR 3
4018,4C,WRITER/EDITOR 4
4019,,ADVOCATE 4
4020,,ADVOCATE 3
4021,,SPORTS ASSISTANT
4022,,REFEREE/UMPIRE
4023,,OILER OPR 2 SU
4024,,WIPER OPR 1 SU
4025,,MARINE COOK 3 SU
4026,,MARINE COOK 2 SU
4027,,MARINE COOK 1 SU
4028,,PLATFORM OPR 2 SU
4029,,BOATSWAIN 3 SU
4030,,ABLE SEAMAN 2 SU
4031,,LIFEGUARD
4032,,ORDINARY SEAMAN 1 SU
4033,,FIRST OFCR SU
4034,,SECOND OFCR SU
4035,,THIRD OFCR SU
4036,,BOAT OPR SR 1 SU
4037,,BOAT OPR 1 SU
4102,,CHILD DEVELOPMENT CENTER MANAGER
4103,,CHILD DEVELOPMENT CENTER COORDINATOR
4104,,CHILD DEV CTR TEACHER 2 SUPV
4105,,CHILD DEV CTR TEACHER 2
4106,,CHILD DEV CTR TEACHER 1 SUPV
4107,4C,CHILD DEV CTR TEACHER 1
4108,,CHILD DEV CTR AST
4109,,CHILD DEV CTR CRD SUPV
4110,,CHILD DEV CTR TEACHER 2 PD
4111,,CHILD DEV CTR TEACHER 1 PD
4112,,CHILD DEV CTR AST PD
4115,,PLACEMENT INTERVIEWER SUPERVISOR
4116,,PRODUCT DEV PROFL 3
4117,,PRODUCT DEV PROFL 2
4118,,RSDT DIR 2
4119,,SENIOR RESIDENT ADVISOR - SUPERVISOR
4120,,RESIDENT ADVISOR SUPERVISOR
4121,,RESIDENT DIRECTOR I
4122,,RESIDENT ADVISOR
4123,,SPIRITUAL CARE HEALTHCARE SUPERVISOR 2
4124,,RESIDENT ASSISTANT SUPERVISOR
4125,,HEAD RESIDENT
4126,,RESIDENT ASSISTANT
4127,,RECREATION PROGRAM INSTRUCTOR 1
4128,,RECREATION PROGRAM INSTRUCTOR 2
4129,,RECREATION PROGRAM INSTRUCTOR 3
4130,,SPIRITUAL CARE HEALTHCARE SPECIALIST 3
4131,,RESIDENT ADVISOR LANG HOUSE
4132,,SPIRITUAL CARE HEALTHCARE SPECIALIST 2
4133,,RECREATION PROGRAM LEADER 2 BYA
4134,,RECREATION PROGRAM LEADER 3 BYA
4135,,RECREATION PROGRAM LEADER 4 BYA
4136,,RECREATION SUPERVISOR 1
4137,,RECREATION SUPERVISOR 2
4138,,ATHLETICS SUPERVISOR 2
4139,,ACUPUNCTURIST 3
4140,,ANESTHESIA OR CLINICAL SUPPORT SUPERVISOR 2
4141,,ANESTHESIA OR CLINICAL SUPPORT SUPERVISOR 1
4142,,BEHAVIORAL HEALTH COUNSELING SUPERVISOR 2 PSS
4143,,BEHAVIORAL HEALTH COUNSELOR 4
4144,,BEHAVIORAL HEALTH COUNSELOR 3
4145,,BEHAVIORAL HEALTH COUNSELOR 2
4146,,BEHAVIORAL HEALTH COUNSELOR 1
4147,,BEHAVIORAL HEALTH PSYCHIATRIC SUPERVISOR 1
4148,,BUSINESS DEVELOPMENT HEALTHCARE PROFESSIONAL 3
4149,4C,EARLY CHILDHOOD SITE COORD 4
4150,,EARLY CHILDHOOD EDUCATN SUPR 2
4151,,ATH PROFL 4
4152,,ATH PROFL 3
4153,,ATH PROFL 2
4154,,ATH PROFL 1
4155,,MUSEUM EDUCATION SUPERVISOR 1
4156,,CUSTODIAN SR SUPV NEX
4157,,MUSEUM EDUCATOR 1
4158,,MUSEUM EDUCATOR 2
4159,,MUSEUM EDUCATOR 3
4160,,RECR SUPV SR NEX
4161,,TRAINER 1
4162,,TRAINER 2
4163,,TRAINER 3
4164,,TRAINER 4
4165,,PUBLIC EDUCATION SUPERVISOR 2
4166,2P,PUBLIC EDUCATION SPECIALIST 1
4167,2P,PUBLIC EDUCATION SPECIALIST 2
4168,2P,PUBLIC EDUCATION SPECIALIST 3
4169,,PUBLIC EDUCATION SPECIALIST 4
4170,2P,PUBLIC EDUCATION SUPERVISOR 1
4171,,AMBULATORY CARE ADMINISTRATION SUPERVISOR 2
4172,,AMBULATORY CARE ADMINISTRATION SUPERVISOR 1
4173,,AMBULATORY CARE PATIENT SUPERVISOR 1
4174,,AMBULATORY CARE ADMINISTRATION COORDINATOR 4
4175,,AMBULATORY CARE ADMINISTRATION COORDINATOR 3
4176,,AMBULATORY CARE ADMINISTRATION COORDINATOR 2
4177,,CLINICAL DOCUMENTATION SPECIALIST 3
4178,,CLINICAL DOCUMENTATION SPECIALIST 2
4179,,CLINICAL NURSING EDUCATOR 3
4180,,CLINICAL NURSING EDUCATOR 2
4181,,CLINICAL NURSING EDUCATOR 1
4182,,CLINICAL REGISTRIES SUPERVISOR 2
4183,,VOCATIONAL REHABILITATION SUPERVISOR 2
4184,,VOCATIONAL REHABILITATION SUPERVISOR 1
4185,,VOCATIONAL REHABILITATION SPECIALIST 2
4186,,HOME HEALTH SUPERVIVOR 1
4187,,LAUNDRY SUPV 1
4188,,INFECTION PREVENTION COORDINATOR 3
4189,,INFECTION PREVENTION COORDINATOR 2
4190,,INFECTION PREVENTION COORDINATOR 1
4191,,PATIENT SUPPORT SERVICES SUPERVISOR 1
4192,,MATERIALS MANAGEMENT HEALTHCARE SUPERVISOR 1
4193,,MATERIALS MANAGEMENT HEALTHCARE SPECIALIST 4
4194,,MATERIALS MANAGEMENT HEALTHCARE SPECIALIST 3
4195,2P,NUTRITION AND DIETARY HEALTHCARE SUPERVISOR 2
4196,,NUTRITION AND DIETARY HEALTHCARE SUPERVISOR 1
4197,,PATHOLOGY ASSISTANT 3
4198,,PATIENT NAVIGATOR NON CLINICAL 3
4199,,PATIENT NAVIGATOR NON CLINICAL 2
4200,,PATIENT SAFETY PROFESSIONAL 3
4201,,PATIENT SAFETY PROFESSIONAL 2
4202,,PATIENT SAFETY PROFESSIONAL 1
4203,,QUALITY IMPROVEMENT HEALTHCARE SUPERVISOR 1
4204,,QUALITY IMPROVEMENT HEALTHCARE SPECIALIST 3
4205,,QUALITY IMPROVEMENT HEALTHCARE SPECIALIST 2
4206,,QUALITY IMPROVEMENT HEALTHCARE SPECIALIST 1
4207,,REGULATORY AND COMPLIANCE HEALTHCARE SPECIALIST 3
4208,,REGULATORY AND COMPLIANCE HEALTHCARE SPECIALIST 2
4209,,REGULATORY AND COMPLIANCE HEALTHCARE SPECIALIST 1
4210,,PLACEMENT OFFICE MANAGER
4211,,PRINCIPAL PLACEMENT INTERVIEWER
4212,,SENIOR PLACEMENT INTERVIEWER
4213,,PLACEMENT INTERVIEWER
4214,,ASSISTANT PLACEMENT INTERVIEWER
4215,,PLACEMENT INTERVIEWER SR SUPV
4216,,INSP SUPV 2
4217,,PROSPECT DEV SPEC 1
4218,,MUSEUM PREPARATOR PRN PD
4219,,SHIP OPS SUPV 1
4220,,PGY1 POST PHARMD TRAINEE
4221,,RECORDS ANL 2 CX
4222,,PAT NAVGTR CLIN 3 GF
4223,,NURSE PRAC RSDT
4224,,ART THERAPIST PD
4225,,MUSIC THERAPIST PD
4226,,STDT ACAD SPEC 1
4227,,CARPENTER AS
4228,,ELECTRN AS
4229,,HVAC MECH AS
4230,,PAINTER AS
4231,,PLUMBER AS
4232,,REFRIGERATION MECH AS
4234,,POLICE SVC SUPV 2
4235,,REAL ESTATE SUPV 2
4236,,PGY2 SPEC POST PHARMD TRAINEE
4237,,INTERVENTNL RADLG TCHNO PD
4238,,PARKING REPR SR PD
4239,,EDUCATOR 3 BYA
4240,,EDUCATOR 2 BYA
4241,,GOVT REL SPEC 2
4242,,TAX CMPLNC SUPV 1
4243,,TRAVEL MGT SUPV 1
4244,,RECORDS SUPV 2
4245,,CONTRACT ADMSTN SUPV 1
4246,,CONTRACT ADM 1
4247,,STDT INTERN NON UC
4248,,UNPAID INTERN TRAINEE BYA
4249,,FAC PROJECT MGMT SPEC 1
4250,,INTERVENTNL RADLG TCHNO SR
4251,,INTERVENTNL RADLG TCHNO PRI
4252,,STDT INTERN HS NON UC
4253,,REGISTRAR SPEC 1
4254,,ADVOCACY SUPV 2
4255,,STDT DISABILITY SPEC 1
4256,,ACCESS AND ENGMT PROFL 2
4257,,ACCESS AND ENGMT PROFL 3
4258,,ACCESS AND ENGMT PROFL 4
4259,,SPORTS MED ATH TRAINER 4
4260,,STDT RECR 2
4261,,STDT INTRA SPORTS 2
4262,,SPIRITUAL CARE HC SPEC 1
4263,4C,ADMIN OFCR 2 CX
4264,,SPEECH PATHOLOGIST 3 HX
4265,,PARKING REPR PD
4266,,FAC PROJECT MGT SPEC 2 HC
4267,,FAC PROJECT MGT SPEC 3 HC
4268,,FAC PROJECT SUPV 2 HC
4269,,CMPTL AND DATA SCI RSCH SPEC 1
4270,,CMPTL AND DATA SCI RSCH SPEC 2
4271,,GI ENDOSCOPY TCHN 3 PD
4272,,BEH HEALTH CNSLNG SUPV 1
4273,,FIRST ENGR AST
4274,,SECOND ENGR AST
4275,,THIRD ENGR AST
4276,,BOAT ENGR
4277,,ELECTRN OPR 3
4278,,OILER OPR 2
4279,,WIPER OPR 1
4280,,MARINE COOK 3
4281,,MARINE COOK 2
4282,,MARINE COOK 1
4283,,PLATFORM OPR 2
4284,,BOATSWAIN 3
4285,,ABLE SEAMAN 2
4286,,ORDINARY SEAMAN 1
4287,,FIRST OFCR
4288,,SECOND OFCR
4289,,THIRD OFCR
4290,,BOAT OPR SR 1
4291,,BOAT OPR 1
4292,,FIRST ENGR AST PD
4293,,SECOND ENGR AST PD
4294,,THIRD ENGR AST PD
4295,,BOAT ENGR PD
4296,,ELECTRN OPR 3 PD
4297,,OILER OPR 2 PD
4298,,WIPER OPR 1 PD
4299,,MARINE COOK 3 PD
4300,,MARINE COOK 2 PD
4301,,MARINE COOK 1 PD
4302,,PLATFORM OPR 2 PD
4303,,BOATSWAIN 3 PD
4304,,ABLE SEAMAN 2 PD
4305,,ORDINARY SEAMAN 1 PD
4306,,FIRST OFCR PD
4307,,SECOND OFCR PD
4308,,THIRD OFCR PD
4309,,BOAT OPR SR 1 PD
4310,,BOAT OPR 1 PD
4311,,EMPLOYEE SVC ASC 3
4312,,REHAB SVC SPEC 4 HX
4313,,AUTO ENGR
4314,,TRAINING DEV SUPV 2
4315,,FIRST ENGR AST SU
4316,,SECOND ENGR AST SU
4317,,THIRD ENGR AST SU
4318,,BOAT ENGR SU
4319,,ELECTRN OPR 3 SU
4320,,OCCUPATIOINAL INFORMATION ADVISOR SUPERVISOR
4322,,ENGINEERING SPECIALIST 2
4323,,MED LAB TCHN PD
4324,,NUC MED TCHNO FUSION
4325,,NUC MED TCHNO FUSION SR
4326,,NUC MED TCHNO FUSION PRN
4327,,NUC MED TCHNO FUSION PD
4328,,NUC MED TCHNO FUSION SR PD
4329,4C,"APPOINTED OFFICIAL,STUDENT ACTIVITIES"
4330,4C,ACADEMIC PROGRAM MANAGEMENT OFFICER 3
4331,,ELECTED OFCR STDT GOVT
4332,,PROFESSIONAL ENGINEERING 3
4333,,STATE GOVT REL SUPV 1
4334,,STATE GOVT REL PROFL 3
4335,,STATE GOVT REL PROFL 2
4336,,STATE GOVT REL PROFL 1
4337,,FEDERAL GOVT REL PROFL 3
4338,,FEDERAL GOVT REL PROFL 2
4339,,FEDERAL GOVT REL PROFL 1
4340,,CONSTRUCTION INSPECTOR 3
4341,,EXECUTIVE ADVISOR 3
4342,,ACAD ADVISOR 1
4343,,ACAD ADVISOR 2
4344,,ACAD ADVISOR 3
4345,,ACAD ADVISOR 1 SUPV
4346,,ACAD ADVISOR 2 SUPV
4347,,ACAD ADVISOR 3 SUPV
4348,,STUDENT AFFAIRS OFFICER I - SUPERVISOR
4349,,STDT AFFAIRS OFCR SUPV NEX
4350,,STUDENT AFFAIRS OFFICER SUPERVISOR EXEMPT
4351,,STUDENT AFFAIRS OFFICER V
4352,,STUDENT AFFAIRS OFFICER IV
4353,4C,STUDENT AFFAIRS OFFICER II
4354,4C,STUDENT AFFAIRS OFFICER I
4356,,STUDENT AFFAIRS OFFICER III - SUPERVISOR
4357,,STUDENT AFFAIRS OFFICER IV - SUPERVISOR
4358,4C,STUDENT AFFAIRS OFFICER II - SUPERVISING
4360,,STDT AFFAIRS OFCR AST
4361,,CONST PROJECT MGR SR
4362,,CONST PROJECT MGR
4363,,CONST PROJECT MGR ASC
4364,,STDT AFFAIRS OFCR 1 PD
4365,,BEHAVORIAL HEALTH PSYCHIATRIC PROFESSIONAL 3
4366,,BEHAVORIAL HEALTH PSYCHIATRIC PROFESSIONAL 2
4367,,BEHAVORIAL HEALTH PSYCHIATRIC PROFESSIONAL 1
4368,,CARDIOVASCULAR SUPERVISOR 1
4369,,CENTRAL STERILE SUPERVISOR 2
4370,,CENTRAL STERILE SUPERVISOR 1
4371,,CHARGE DESCRIPTION ANALYST 4
4372,,CHARGE DESCRIPTION ANALYST 3
4373,,CHARGE DESCRIPTION SUPERVISOR 2
4374,,CHILD LIFE SUPERVISOR 2
4375,,CONCIERGE 4
4376,,CONCIERGE 3
4377,,DECISION SUPPORT SPECIALIST 3
4378,,DECISION SUPPORT SPECIALIST 2
4379,,DECISION SUPPORT SPECIALIST 1
4380,,DIALYSIS PROFL 4
4381,,FOOD SERVICES HEALTHCARE SUPERVISOR 2
4382,,FOOD SERVICES HEALTHCARE SUPERVISOR 1
4383,,GENETIC COUNSELING HEALTHCARE SUPERVISOR 2
4384,,CONSTRUCTION INSPECTOR 2
4385,,HEALTH PROFESSIONS EDUCATION SPECIALIST 5
4386,,HEALTH PROFESSIONS EDUCATION SUPERVISOR 2
4387,,HEALTH PROFESSIONS EDUCATION SUPERVISOR 1
4388,,HEALTH PROFESSIONS EDUCATION SPECIALIST 4
4389,,HEALTH PROFESSIONS EDUCATION SPECIALIST 3
4390,4C,HEALTH PROFESSIONS EDUCATION SPECIALIST 2
4391,,COUNSELING PSYCHOLOGIST 1 NON-EXEMPT
4392,,COUNSELING PSYCHOLOGIST 2
4393,,COUNSELING PSYCHOLOGIST 3
4394,,HEALTH EDUCATION SUPERVISOR 2
4395,,HEALTH EDUCATION SUPERVISOR 1
4396,3T,HEALTH EDUCATOR 1
4397,3T,HEALTH EDUCATOR 2
4398,3T,HEALTH EDUCATOR 3
4399,,HEALTH EDUCATOR 4
4400,,RECREATION PROGRAM LEADER 4
4401,,RECREATION PROGRAM LEADER 3
4402,,RECREATION PROGRAM LEADER 2
4403,,COUNSELING PSYCHOLOGIST II
4404,,COUNSELING PSYCHOLOGIST I EXEMPT
4405,,CNSLNG PSYCHOLOGIST SR
4406,,COUNSELING 1
4407,,CNSLNG 1 EX NCT
4408,,CNSLNG 1 NEX NCT
4409,,SHIP SCHEDULER 3
4410,,COUNSELING ATTORNEY SUPERVISOR
4411,,CNSLNG ATTORNEY
4412,,AMERICORP MEMBER
4413,,CMTY SVC MENTOR
4414,,PRINCIPAL LEARNING SKILLS COUNSELOR
4416,,LEARNING SKILLS COUNSELOR
4417,,ASSISTANT LEARNING SKILLS COUNSELOR
4418,,LEARNING SKILLS COUNSELOR SUPERVISOR
4419,,SENIOR LEARNING SKILLS COUNSELOR-SUPERVISOR EXEMPT
4420,,COUNSELOR SUPERVISOR
4421,,COUNSELOR 2
4422,,COUNSELOR 1
4423,,PRINCIPAL LEARNING SKILLS COUNSELOR-SUPERVISOR
4424,,LRNG SKLS CNSLR AST SUPV
4425,,LRNG SKLS CNSLR SR SUPV NEX
4426,,CNSLR 1 SUPV
4427,,CNSLR 2 SUPV
4428,,CNSLR 3
4429,,NUC MED TCHNO FUSION PRN PD
4430,,NUC MED TCHNO PRN PD
4431,,CT TCHNO PRN
4432,,CT TCHNO SR PD
4433,,CT TCHNO PRN PD
4434,,MAMMOGRAPHY TCHNO PRN
4435,,MAMMOGRAPHY TCHNO SR PD
4436,,MAMMOGRAPHY TCHNO PRN PD
4437,,INTERVENTNL RADLG TCHNO SR PD
4438,,INTERVENTNL RADLG TCHNO PRN PD
4439,,MRI TCHNO PRN
4440,,MRI TCHNO SR PD
4441,,MRI TCHNO PRN PD
4442,,COGEN OPR PD
4443,,RET CUSTOMER SVC REPR 3
4444,,LIBRARY PROFL 3 CX
4445,,LIBRARY PROFL 4 CX
4447,,LACTATION CONSULTANT 3 PD
4448,,HEALTH EDUCATOR 3 PD
4449,,LIGHTING TECH
4450,,LIGHTING TECH LD
4451,,DIETITIAN 1 PD
4452,,FIRE ALARM TCHN
4453,,SCRTY TCHN
4454,,FIRE ALARM TCHN LD
4455,,SCRTY TCHN LD
4456,,SUPPLY CHAIN PROFL 3
4457,,BEH HEALTH COUNSELOR 1 HX
4458,,BEH HEALTH COUNSELOR 2 HX
4459,,BEH HEALTH COUNSELOR 3 HX
4460,,BEH HEALTH COUNSELOR 4 HX
4461,,BEH HEALTH PSYCHTRC PROFL 1 HX
4462,,BEH HEALTH PSYCHTRC PROFL 2 HX
4463,,BEH HEALTH PSYCHTRC PROFL 3 HX
4464,,BEH HEALTH PSYCHTRC PROFL 4 HX
4465,,OPTOMETRIST 3 HX
4466,,OPTOMETRIST 4 HX
4467,,OPTOMETRIST EX HX
4468,,PAT NAVGTR NON-CLIN 2 CX
4469,,SYS ADM 1 TX
4470,4C,SYS ADM 2 TX
4471,4C,SYS ADM 3 TX
4472,,SYS ADM 3 GF TX
4473,,PROJECT MGT PROFL 3
4474,,PROJECT MGT PROFL 4
4475,,PROJECT MGT PROFL 5
4476,,USER EXP DESIGNER MGR 1
4477,,AMBUL CARE ADMSTN CRD 2 CX
4478,,AMBUL CARE ADMSTN CRD 3 CX
4479,,AMBUL CARE ADMSTN CRD 4 CX
4480,,AMBUL CARE ADMSTN CRD 4 CX GF
4481,,FAC MGT SPEC 1 CX
4482,,FAC MGT SPEC 2 CX
4483,,FAC MGT SPEC 3 CX
4484,,HEALTH PROFNS EDUC SPEC 2 CX
4485,4C,RSCH ADM 1 CX
4486,4C,RSCH ADM 2 CX
4487,,REGL AND CMPLNC HC SPEC 3 GF
4488,,ANATOMICAL SVC PROFL 2
4489,,OPTOMETRIST SR HX
4490,,HEALTH PROFNS EDUC SUPV 2 GF
4491,,CMTY EDUC SPEC 4 GF
4492,,PAT REL PROFL 4 CX
4493,,PAT REL PROFL 3 CX
4494,,PAT REL PROFL 2 CX
4495,,DIETITIAN HC SPEC 4 HX
4496,,EMBRYOLOGIST 3
4497,,MUSEUM EDUCATOR 1 TX
4498,,MUSEUM EDUCATOR 2 TX
4499,,MUSEUM EDUCATOR 3 TX
4500,,ACADEMIC ACHIEVEMT COUNSELOR 2
4501,4C,ACADEMIC ACHIEVEMT COUNSELOR 3
4502,,ACADEMIC ACHIEVEMT COUNSELOR 4
4503,,PATHOLOGY AST 3 PD
4504,,ACADEMIC ACHIEVEMENT SUPERVISOR 2
4505,,EDUC TCHL SPEC 3 TX
4506,,EDUC TCHL SPEC 4 TX
4507,,ADMISSIONS/RECRUITMENT SPECIALIST 1
4508,,ADMISSIONS/RECRUITMENT SPECIALIST 2
4509,,ADMISSIONS/RECRUITMENT SPECIALIST 3
4510,,ADMISSIONS/RECRUITMENT SPECIALIST 4
4511,,ADMISSIONS EVALUATOR 3
4512,,ADMISSIONS/RECRUITMENT SUPERVISOR 2
4513,4C,ACAD PERSONNEL ANL 2
4514,4C,ACAD PERSONNEL ANL 3
4515,,CAREER SERVICES SPECIALIST 2
4516,,CAREER SERVICES SPECIALIST 3
4517,,CAREER SERVICES SPECIALIST 4
4518,,MUSEUM EDUCATOR 4
4519,,CAREER SERVICES SUPERVISOR 1
4520,,CAREER SERVICES SUPERVISOR 2
4521,,CURRICULUM PLANNER 4
4522,4C,CURRICULUM PLANNER 2
4523,,CURRICULUM PLANNER 3
4524,,PRODUCTION CONTROL SUPERVISOR 1
4526,,FINANCIAL AID OFFICER 2
4527,,FINANCIAL AID OFFICER 3
4528,,FINANCIAL AID OFFICER 4
4529,,PRODUCTION CONTROL ANALYST 3
4530,,FINANCIAL AID SUPERVISOR 1
4531,,FINANCIAL AID SUPERVISOR 2
4532,,PRODUCTION CONTROL ANALYST 2
4533,,K-14 ACADEMIC PREPARATION SPECIALIST 1
4534,4C,K-14 ACADEMIC PREPARATION SPECIALIST 2
4535,,K-14 ACADEMIC PREPARATION SPECIALIST 3
4536,,K-14 ACADEMIC PREPARATION SPECIALIST 4
4537,,K-14 ACADEMIC PREPARATION SUPERVISOR 1
4538,,K-14 ACADEMIC PREPARATION SUPERVISOR 2
4539,,PATIENT CASHIERING SUPERVISOR 1
4540,4C,STUDENT ADVISOR SUPERVISOR 1
4541,,STUDENT ADVISOR SUPERVISOR 2
4542,,PATIENT BILL AND COLLECTIONS REPRESENTATIVE 4
4543,,PATIENT BILL AND COLLECTIONS REPRESENTATIVE 3
4544,4C,STUDENT ACADEMIC ADVISOR 2
4545,4C,STUDENT ACADEMIC ADVISOR 3
4546,,STUDENT ACADEMIC ADVISOR 4
4547,,SYSWIDE ACAD PERSONNEL ANL 3
4548,,BEH HEALTH COUNSELOR 3 HX
4549,,STUDENT ACADEMIC SPECIALIST 2
4550,4C,STUDENT ACADEMIC SPECIALIST 3
4551,,STUDENT ACADEMIC SPECIALIST 4
4552,,LIFEGUARD PD
4553,,STUDENT ACADEMIC SUPERVISOR 2
4554,,SKILLED CRAFTS AND TRADES SUPERVISOR 1
4555,,STUDENT DISABILITY SPECIALIST 2
4556,,STUDENT DISABILITY SPECIALIST 3
4557,,STUDENT DISABILITY SPECIALIST 4
4558,,ADMISSIONS RECRUITMENT SUPERVISOR 1
4559,,STUDENT DISABILITY SUPERVISOR 1
4560,,STUDENT DISABILITY SUPERVISOR 2
4561,,STUDENT ACADEMIC SUPERVISOR 1
4562,,STUDENT LIFE & DEVELOPMENT SPECIALIST 1
4563,,STUDENT LIFE & DEVELOPMENT SPECIALIST 2
4564,,STUDENT LIFE & DEVELOPMENT SPECIALIST 3
4565,,STUDENT LIFE & DEVELOPMENT SPECIALIST 4
4566,,PARKING OPERATIONS ENFORCEMENT SUPERVISOR 2
4567,,STUDENT LIFE & DEVT SUPR 1
4568,,STUDENT LIFE & DEVELOPMENT SUPERVISOR 2
4569,,CNSLNG THERAPIST 2 HX PD
4570,,RESIDENT ADVISOR 2
4571,,BEH HEALTH PSYCHIATRIC PROFL 2
4572,,BEH HEALTH PSYCHIATRIC PROFL 3
4573,,STUDENT SERVICES ADVISOR 1
4574,4C,STUDENT SERVICES ADVISOR 2
4575,4C,STUDENT SERVICES ADVISOR 3
4576,,STUDENT SERVICES ADVISOR 4
4577,,CNSLNG PSYCHOLOGIST 2 HX PD
4578,,STUDENT SERVICES SUPERVISOR 1
4579,,STUDENT SERVICES SUPERVISOR 2
4580,,HEALTH INFORMATION MANAGEMENT SUPERVISOR 2
4581,,HEALTH INFORMATION MANAGEMENT SUPERVISOR 1
4582,,LABORATORY PROCESSING SUPERVISOR 2
4583,,LABORATORY PROCESSING SUPERVISOR 1
4584,,LACTATION CONSULTANT 3
4585,,MANAGED CARE SPECIALIST 3
4586,,MATERIALS MANAGEMENT HEALTHCARE SUPERVISOR 2
4587,,MEDICAL LIBRARY HEALTHCARE SUPERVISOR 2
4588,,MEDICAL STAFF SERVICES SUPERVISOR 2
4589,,MEDICAL INTERPRETER SERVICES SUPERVISOR 2
4590,,PATIENT ACCESS SERVICES SUPERVISOR 2
4591,,PATIENT ACCESS SERVICES SUPERVISOR 1
4592,,PATIENT RELATIONS SUPERVISOR 2
4593,,PATIENT RELATIONS PROFESSIONAL 4
4594,,PATIENT RELATIONS PROFESSIONAL 3
4595,,PATIENT RELATIONS PROFESSIONAL 2
4596,,PATIENT SUPPORT CALL CENTER SUPERVISOR 2
4597,,PATIENT SUPPORT CALL CENTER SUPERVISOR 1
4598,,PATIENT TRANSPORT SUPERVISOR 1
4599,,PHARMACY SUPERVISOR 1
4600,,POPULATION HEALTH SPECIALIST 3
4601,,POPULATION HEALTH SPECIALIST 2
4602,,RADIOLOGY SERVICES SUPERVISOR 1
4603,,RECREATIONAL THERAPY SUPERVISOR 2
4604,,RISK MANAGEMENT HEALTHCARE PROFESSIONAL 3
4605,,VOLUNTEER SERVICES SUPERVISOR 2
4606,,VOLUNTEER SERVICES PROFESSIONAL 4
4607,,CLINICAL ENGINEERING SUPERVISOR 1
4608,,LICENSED VOCATIONAL NURSE SUPERVISOR 1
4609,,PHYSICIAN NETWORK DEVELOPMENT SPECIALIST 3
4610,,CASHIERS OFFICE MANAGER
4611,,CASH MGR 4
4612,,CASH MGR 3
4613,,CASH MGR 2
4614,,NEURO TCHNO PRN PD
4615,,NEURO TCHNO PRN
4616,,NEURO TCHNO SR PD
4617,,NEURO TCHNO SR
4618,,NEURO TCHNO PD
4619,,NEURO TCHNO
4620,,COLLECTIONS MANAGER
4621,4C,SENIOR COLLECTIONS REPRESENTATIVE
4622,,COLLECTIONS REPRESENTATIVE
4623,4C,FINANCIAL ANALYSIS SUPERVISOR 1
4624,,SENIOR COLLECTIONS REPRESENTIVE - SUPERVISOR
4625,,COLLECTIONS REPRESENTATIVE - SUPERVISOR
4626,,FINANCIAL SERVICES ANALYST 1
4627,4C,FINANCIAL SERVICES ANALYST 2
4628,4C,FINANCIAL SERVICES ANALYST 3
4629,,FINANCIAL SERVICES ANALYST 4
4630,4C,FINANCIAL SERVICES SUPERVISOR 1
4631,,FINANCIAL SERVICES SUPERVISOR 2
4632,,EQUAL EMPLOYMENT OPPORTUNITY REPRESENTATIVE 1
4633,,EQUAL EMPLOYMENT OPPORTUNITY REPRESENTATIVE 2
4634,,EQUAL EMPLOYMENT OPPORTUNITY REPRESENTATIVE 3
4635,,EQUAL EMPLOYMENT OPPORTUNITY REPRESENTATIVE 4
4636,,RISK MANAGEMENT HEALTHCARE PROFESSIONAL 2
4637,,CNSLNG PSYCHOLOGIST 3 HX PD
4638,,BUS DEV PROFL 3
4641,,CUSTODIAL HC SUPV 1 NEX
4642,,PAT CASHIERING SUPV 1 NEX
4643,,PAT SUPP CALL CTR SUPV 1 NEX
4644,,CUSTODIAL HC SUPV 2 NEX
4645,,EARLY CHILDHOOD EDUC SUPV 1
4646,,HOSP BLANK AST 3 PD
4647,,HOSP BLANK AST 2 PD
4648,,MAINT MECH PD
4649,,RESP THER 2 PD
4650,,CASE MGR SR PD
4651,,ART THERAPIST 2
4652,,ART THERAPIST 2 PD
4653,,ART THERAPIST 3 NEX
4654,,CHILD LIFE SPEC 3 NEX
4655,,MUSIC THER 2
4656,,MUSIC THER 2 PD
4657,,MUSIC THER 3
4658,,ELECTRO TECH OFCR 1
4659,,PATIENT BILLER SUPERVISOR 5
4660,,PATIENT BILLER 5
4661,,PATIENT BILLER SUPERVISOR 4
4662,,PATIENT BILLER 4
4663,,PATIENT BILLER 3
4664,,PATIENT BILLER 2
4665,,PATIENT BILLER 1
4666,,PATIENT BILLER 3 PER DIEM
4667,,PATIENT BILLER 2 PER DIEM
4668,,PATIENT BILLER 1 PER DIEM
4669,,PATIENT BILL AND COLLECTIONS SUPERVISOR 2
4670,,PATIENT BILL AND COLLECTIONS SUPERVISOR 1
4671,,PER DIEM SENIOR CLERK/SECRETARY
4672,4C,SENIOR CLERK/SECRETARY
4673,,CLERK
4674,,PER DIEM CLERK
4675,,ELECTRO TECH OFCR 1 PD
4676,,ELECTRO TECH OFCR 1 SU
4679,7U,STUDENT 4 WORK STUDY
4680,,STUDENT 3 WORK STUDY
4681,,STUDENT 2 WORK STUDY
4682,,STUDENT 1 WORK STUDY
4684,,SECURITY SUPERVISOR 2 HEALTHCARE
4685,,PER DIEM SENIOR HOSPITAL MEDICAL TRANSCRIBER SERVICE INSTITUTE (LPN1/NP1)
4686,,HOSP MED TRANSCRIBER PD
4687,,SENIOR HOSPITAL MEDICAL TRANSCRIBER
4688,,HOSPITAL MEDICAL TRANSCRIBER
4689,,SENIOR HOSPITAL MEDICAL TRANSCRIBER - SUPERVISOR
4690,,VOLUNTEER SERVICES SUPERVISOR 1
4691,,SENIOR GRAPHIC COMPOSITOR
4692,,GRAPHIC COMPOSITOR
4693,,ELECTRO TECH OFCR 2
4694,,SENIOR GRAPHIC COMPOSITOR - SUPERVISOR
4695,,ELECTRO TECH OFCR 2 PD
4696,,ELECTRO TECH OFCR 2 SU
4697,,SYS ADM 1 TX
4698,4C,SYS ADM 2 TX
4699,4C,SYS ADM 3 TX
4700,,LOCKSMITH SPEC BC
4701,,SIGN MAKER SPEC BC
4702,4C,EXEC AST 3 CX
4703,,EMPL DISABILITY SPEC 2
4704,,EMPL DISABILITY SPEC 3
4705,,EMPL DISABILITY SPEC 4
4706,,MUSIC THER 1 EX
4707,,MUSIC THER 3 EX
4708,,ACAD PERSONNEL ANL 1
4709,,RECORDS ANALYST 4
4710,,RECORDS SUPERVISOR 1
4712,,RECORDS ANALYST 3
4713,,RECORDS ANALYST 2
4714,,PATIENT RECORDS ABSTRACTOR 4 PER DIEM
4715,,PATIENT RECORDS ABSTRACTOR 3 PER DIEM
4716,,PATIENT RECORDS ABSTRACTOR 4
4717,,PATIENT RECORDS ABSTRACTOR 3
4718,,PATIENT RECORDS ABSTRACTOR 2
4719,,PATIENT RECORDS ABSTRACTOR 1
4720,,PATIENT RECORDS ABSTRACTOR SUPERVISOR 4
4721,,PATIENT RECORDS ABSTRACTOR SUPERVISOR 3
4722,4C,_____ ASSISTANT III
4723,4C,_____ ASSISTANT II
4724,4C,_____ ASSISTANT I
4725,4C,____ ASSISTANT IV
4726,4C,_____ ASSISTANT III - SUPERVISOR
4727,,_____ ASSISTANT II - SUPERVISOR
4728,,_____ ASSISTANT I - SUPERVISOR
4729,,PER DIEM ---ASSISTANT I
4730,,PER DIEM ---ASSISTANT II
4731,,PER DIEM ---ASSISTANT III
4732,,HEALTH INFORMATION CODER IV
4733,,HEALTH INFORMATION CODER III
4734,,HEALTH INFO CODER 2
4735,,HEALTH INFO CODER 1
4736,,HEALTH INFO CODER 4 SUPV
4737,,RET CUSTOMER SVC REPR 2
4738,,RET CUSTOMER SVC REPR 1
4739,,STDT INTERN PD
4740,,STDT INTERN
4741,,CODER PD
4742,,MUSIC THER 1 PD
4743,,MUSIC THER 2 PD
4744,,MUSIC THER 3 PD
4745,,ACAD PERSONNEL SUPV 1
4746,,ACAD PROG ANL 1
4747,,ACAD PROG ANL 2
4748,,ACAD PROG ANL 3
4749,,ANML TCHN VMTH
4750,,ANML TCHN SR VMTH
4751,,ANML HEALTH TCHN 2 VMTH
4752,,ANML HEALTH TCHN 3 VMTH
4753,,FINANCIAL SVC ANL 1 CX
4754,,FINANCIAL SVC ANL 2 CX
4755,,I&E EQUITY ANL 3
4756,,RSCH AND DEV ENGR 1 TX
4757,3T,RSCH AND DEV ENGR 2 TX
4758,3T,RSCH AND DEV ENGR 3 TX
4759,,FINANCIAL ANL 1 CX
4760,,REPROGRAPHICS SUPV SR NEX
4761,,SENIOR REPROGRAPHICS SUPERVISOR EXEMPT
4762,,LEAD REPROGRAPHICS TECHNICIAN
4763,,PRINCIPAL REPROGRAPHICS TECHNICIAN
4764,,SENIOR REPROGRAPHICS TECHNICIAN
4765,,REPROGRAPHICS TECHNICIAN
4766,,ASSISTANT REPROGRAPHICS TECHNICIAN
4767,4C,FINANCIAL ANL 2 CX
4768,,REPROGRAPHICS SUPERVISOR
4769,,ANML CARE HOSP SUPV 1 VMTH
4770,,KEY ENTRY SUPERVISOR II
4771,,KEY ENTRY SUPERVISOR I
4772,,LEAD KEY ENTRY OPERATOR
4773,,KEY ENTRY OPERATOR
4774,,ASSISTANT KEY ENTRY OPERATOR
4794,,CARDIOVASCULAR TCHN 2
4795,,ANML HEALTH TCHN 4 NEX VMTH
4796,,CLIN SOCIAL WORKER 1 PD
4797,,STF PHARMACIST 2 PD
4798,,MED CTR STOREKEEPER PD
4799,,STEAM OPS ENGR PD
4800,,ADMIN OFCR 3 CX
4801,,ADMIN OFCR 4 CX
4802,,COMPUTER RESOURCE SPECIALIST II SUPERVISOR
4803,,COMPUTER RESOURCE SPECIALIST ISUPERVISOR
4804,3T,COMPUTER RESOURCE SPECIALIST II
4805,3T,COMPUTER RESOURCE SPECIALIST I
4806,,COMPUTER RESC SPEC 2 UCOP
4807,,COMPUTER RESC SPEC 1 UCOP
4810,,SENIOR COMPUTER OPERATIONS SUPERVISOR
4811,,COMPUTER OPERATIONS SUPERVISOR
4812,,SENIOR COMPUTER OPERATOR
4813,,COMPUTER OPERATOR
4814,,COMPUTER OPR PRN
4816,,COMPUTER RESC SPEC 2 SUPV UCOP
4817,,COMPUTER RESC SPEC 1 SUPV UCOP
4818,,PRACTICE CRD 3
4819,,PRACTICE CRD 2
4820,,PRACTICE CRD 1
4821,,MAIL SERVICE SUPERVISOR
4822,,SENIOR MAIL PROCESSOR
4823,,MAIL PROCESSOR
4824,,ASSISTANT MAIL PROCESSOR
4825,,PRINCIPAL MAIL PROCESSOR
4826,,SENIOR MAIL PROCESSOR - SUPERVISOR
4827,,PAT BILL AND COLL SUPV 2 GF
4828,,CHILD LIFE MGR 2
4829,,ENROLLMENT MGR 4
4830,,ANML CARE MGR 4
4831,,CHF COMM OFCR ME
4832,,REHAB SVC MGR 3
4833,,CHF INFO OFCR CAMPUS ME
4834,,REGL AND CMPLNC HC MGR 4
4835,,HEALTH PLAN ADMIN MGR 4
4836,,IT SCRTY MGR 4
4837,,CHF HOSP ADM HC ME
4838,,CHF HR OFCR CAMPUS ME
4839,,ADVISOR TO PRESIDENT ME
4840,,AMBUL CARE ADMSTN SUPV 1 GF
4841,,PAT BILL AND COLL REPR 4 GF
4842,,PAT BILL AND COLL SUPV 1 GF
4843,,PAT NAVGTR NON-CLIN SUPV 2 GF
4844,,ACCOUNTING MGR 1 HC
4845,,ACCOUNTING MGR 2 HC
4846,,ORGANIZATIONAL DEV SUPV 2
4847,,SYS INTEGRATION SUPV 2
4848,,SYS INTEGRATION MGR 1
4849,,PERFUSION MGR 1
4850,,PAT SFTY MGR 3
4851,,DIV EQUITY INCL PROFL 4 GF
4852,,GEOGRAPHIC INFO SYS PROGR 4 GF
4853,,HEALTH EDUCATOR 4 GF
4854,,POPULATION HEALTH SPEC 3 GF
4855,,PHARMACIST 5 HX
4856,4C,ACAD PERSONNEL ANL 4
4857,,ACAD PERSONNEL ANL 5
4858,,ACAD PERSONNEL MGR 1
4859,,ACAD PERSONNEL MGR 2
4860,,ACAD PERSONNEL MGR 3
4861,4C,ACAD PERSONNEL SUPV 2
4862,,SYSWIDE ACAD PERS & PROG MGR 2
4863,,SYSWIDE ACAD PERS & PROG MGR 3
4864,,SYSWIDE ACAD PERSONNEL ANL 4
4865,,SYSWIDE ACAD PERSONNEL ANL 5
4866,,SYSWIDE ACAD PROG ANL 4
4867,,CNSLNG PSYCHOLOGIST 4 HX
4868,,HR SUPV 1 GF
4869,,VETERINARIAN 2 GF
4870,,CHF INTEGRATION OFCR HC ME
4871,,BUS DEV PROFL 4
4872,,BUS DEV PROFL 5
4873,,PROJECT MGT PROFL 3 GF
4874,,CLIN RSCH MGR 3
4875,,NURSE ANESTHETIST MGR 2
4876,,SYSWIDE ACAD PERSONNEL MGR 4
4877,,VISUAL COMM SPEC 5
4878,,ADVANCED PRAC SHS SUPV 2
4879,,SURVEY RESEARCHER SUPV 1 GF
4880,,EMPL DISABILITY SPEC 5
4881,,EMPL DISABILITY MGR 1
4882,,EMPL DISABILITY MGR 2
4883,,ACAD PROG ANL 4
4884,,ACAD PROG ANL 5
4885,,ACAD PERSONNEL MGR 4
4886,,SYSWIDE ACAD PERS & PROG MGR 1
4887,,SYSWIDE ACAD PROG ANL 3
4888,,SYSWIDE ACAD PROG ANL 5
4889,,I&E EQUITY ANL 4
4890,,I&E EQUITY ANL 5
4891,,AI ENGR 5
4892,,QA RELEASE MGT ANL 5
4893,,HEALTH SCIENCES SUPV 2
4894,,PAT SUPP SVC MGR 3
4895,,AI MGR 3
4896,,FAC MGT SPEC 4 CX
4897,,ADMIN OFCR 4 CX GF
4898,,ADMIN OFCR 3 CX GF
4899,3T,RSCH AND DEV ENGR 4 TX
4900,,LACTATION CONSULTANT RN 4 HX
4901,,CLIN DOC SPEC 3 HX GF
4902,,CLIN DOC SPEC 4 HX
4903,,HEALTH EDUCATOR 4 SV GF
4904,,RSCH AND DEV ENGR 5 TX
4905,,PATHOLOGY AST 3 HX GF
4906,,PATHOLOGY AST 4 HX
4907,,USER EXP DESIGNER 4 TX
4908,,USER EXP DESIGNER 5 TX
4909,,COMM AND NETWORK TCHL ANL 4 TX
4910,,COMM AND NETWORK TCHL ANL 5 TX
4911,,CHF MC ADM HC ME
4912,,ACUPUNCTURIST 3 HX GF
4913,,PAT NAVGTR CLIN 3 HX GF
4914,,PAT NAVGTR CLIN 4 HX
4915,,PAT NAVGTR CLIN 5 HX
4916,,QLTY IMPV HC SPEC 4 HX
4917,,QLTY IMPV HC SPEC 5 HX
4918,,STDT CAMP PRG OFFSITE
4919,7U,STUDENT 4
4920,7U,STUDENT 3
4921,7U,STUDENT 2
4922,,STUDENT 1
4923,7U,STUDENT 2 NON UC
4924,7U,STUDENT 3 NON UC
4925,7U,STUDENT 4 NON UC
4926,4C,SPECIAL STUDENT BY AGREEMENT
4927,,STDT 1 NON UC
4928,,STDT ARTIST OR PERF
4929,,STDT ARTIST OR PERF WKSTY
4930,,STUDENT CLINICAL
4931,,STDT CLIN WKSTY
4932,,STDT EVENTS
4933,,STDT EVENTS WKSTY
4934,,STDT IT
4935,,STDT IT WKSTY
4936,,STDT INTRA SPORTS 1
4937,,STDT INTRA SPORTS WKSTY
4938,,STDT PEER CNSLR
4939,,STDT PEER CNSLR WKSTY
4940,,STDT RECR 1
4941,,STDT RECR WKSTY
4942,,STDT RESEARCHER
4943,,STDT RESEARCHER WKSTY
4944,,STDT RSDNC HALLS
4945,,STDT RSDNC HALLS WKSTY
4946,,STDT RSDNC HALLS LD
4947,,STDT RSDNC HALLS WKSTY LD
4948,,STDT CAMP PRG ONSITE
4951,,PRINCIPAL WORD PROCESSING SPECIALIST
4954,7U,STUDENT 4 ANR
4955,7U,STUDENT 3 ANR
4956,7U,STUDENT 2 ANR
4957,,STUDENT 1 ANR
4958,,BUS INTEL SPEC 4
4959,,BUSINESS INTELLIGENCE SPECIALIST 3
4960,4C,BUSINESS INTELLIGENCE SPECIALIST 2
4961,,SENIOR CODER
4962,,CODER
4963,,LACTATION CONSULTANT 3 HX PD
4964,,LACTATION CONSULTANT 3 HX
4965,,SPIRITUAL CARE HC SPEC 1 HX
4966,,SPIRITUAL CARE HC SPEC 2 HX
4967,,SPIRITUAL CARE HC SPEC 3 HX
4968,,SPIRITUAL CARE HC SPEC 4 HX
4969,,POLICE SERGEANT SUPV 2 SA
4970,,CLIN DOC SPEC 2 HX
4971,,CLIN DOC SPEC 3 HX
4972,,ACAD ACHIEVEMENT CNSLR 2 SV
4973,,ACAD ACHIEVEMENT CNSLR 3 SV
4974,,ACAD ACHIEVEMENT CNSLR 4 SV
4975,,ADMISSIONS RECRMT SPEC 1 SV
4976,,ADMISSIONS RECRMT SPEC 2 SV
4977,,ADMISSIONS RECRMT SPEC 3 SV
4978,,ADMISSIONS RECRMT SPEC 4 SV
4979,,ADVOCATE 3 SV
4980,,ADVOCATE 4 SV
4981,,CAREER SVC SPEC 2 SV
4982,,CAREER SVC SPEC 3 SV
4983,,CAREER SVC SPEC 4 SV
4984,,CURRICULUM PLNR 2 SV
4985,,CURRICULUM PLNR 3 SV
4986,,CURRICULUM PLNR 4 SV
4987,,FINANCIAL AID OFCR 2 SV
4988,,FINANCIAL AID OFCR 3 SV
4989,,FINANCIAL AID OFCR 4 SV
4990,,HEALTH EDUCATOR 1 SV
4991,,HEALTH EDUCATOR 2 SV
4992,,HEALTH EDUCATOR 3 SV
4993,,HEALTH EDUCATOR 3 SV PD
4994,,HEALTH EDUCATOR 4 SV
4995,,INDUSTRY ALLNS SPEC 2 SV
4996,,INDUSTRY ALLNS SPEC 3 SV
4998,,LEGAL SECR SUPV
4999,,SENIOR LEGAL SECRETARY
5000,,LEGAL SECRETARY
5001,,AMBUL CARE ADMSTN CRD 3 CX CEH
5002,,AMBUL CARE ADMSTN CRD 4 CX CEH
5003,,AUDIOLOGIST EX CEH
5004,,AUDIOLOGIST SR EX CEH
5005,,BEHAVIORAL SVC 1 CEH
5006,,CASE MGR EX CEH
5007,,CHILD LIFE SPEC 1 EX CEH
5008,,CHILD LIFE SPEC 2 EX CEH
5009,,CHILD LIFE SPEC 3 CEH
5010,,CHILD LIFE TEACHER 1 CEH
5011,,CHILD LIFE TEACHER 2 CEH
5012,,CHILD LIFE TEACHER 3 CEH
5013,,CLIN SOCIAL WORKER 1 EX CEH
5014,,CLIN SOCIAL WORKER 2 CEH
5015,,CLIN SOCIAL WORKER 3 CEH
5016,,CNSLNG PSYCHOLOGIST 3 HX CEH
5017,,CNSLNG THERAPIST 3 HX GF CEH
5018,,DIETITIAN 1 EX CEH
5019,,DIETITIAN 2 CEH
5020,,DIETITIAN SR CEH
5021,,GENETIC CNSLR 1 EX CEH
5022,,GENETIC CNSLR 2 EX CEH
5023,,GENETIC CNSLR 3 EX CEH
5024,,HOSP RAD PHYSICIST EX CEH
5025,,MUSIC THER 1 EX CEH
5026,,MUSIC THER 2 EX CEH
5027,,MUSIC THER 3 EX CEH
5028,,OCCUPATIONAL THER 1 EX CEH
5029,,OCCUPATIONAL THER 2 EX CEH
5030,,OCCUPATIONAL THER 3 EX CEH
5031,,PHARMACIST SR EX CEH
5032,,PHYS THER 1 EX CEH
5033,,PHYS THER 2 EX CEH
5034,,PHYS THER 3 EX CEH
5035,,PSYCHOLOGIST 1 CEH
5036,,PSYCHOLOGIST 2 CEH
5037,,POLICE SERVICES SUPERVISOR 1
5038,,PARKING OPERATIONS & ENFORCEMENT SUPERVISOR 1
5039,,SECURITY SUPERVISOR 1
5040,,MAIL SERVICES SUPERVISOR 1
5041,,STOREKEEPING SUPERVISOR 1
5042,,TRANSIT SERVICES SUPERVISOR 1
5043,,PARKING OPS SPECIALIST 2
5044,,SKILLED CRAFTS & TRADES SUPERVISOR 2
5045,,ASSISTANT COACH 1
5046,,ASSISTANT COACH 2
5047,,RECREATION COACH 3
5048,,"FOOD SERVICE SUPERVISOR I, MEDICAL CENTER"
5049,,"FOOD SERVICE MANAGER III, MEDICAL CENTER"
5050,,"FOOD SERVICE MANAGER II, MEDICAL CENTER"
5051,,"FOOD SERVICE MANAGER 1, MEDICAL CENTER"
5052,,"ENVIRONMENTAL SERVICES SUPERVISOR II, MEDICAL CENTER"
5053,,"ENVIRONMENTAL SERVICES SUPERVISOR I, MEDICAL CENTER"
5054,,"ENVIRONMENT SERVICES MANAGER II, MEDICAL CENTER"
5055,,"ENVIRONMENT SERVICES MANAGER I, MEDICAL CENTER"
5056,,"FOOD SERVICE SUPERVISOR II, MEDICAL CENTER"
5057,,PER DIEM SENIOR STOREKEEPER
5058,,PER DIEM STOREKEEPER
5059,,PER DIEM STORES WORKER
5060,,SENIOR LEAD STOREKEEPER
5061,,LEAD STOREKEEPER
5062,4C,SENIOR STOREKEEPER
5063,,STORES WORKER
5064,,STOREKEEPER
5065,,ASSISTANT STOREKEEPER
5066,,DELIVERY WORKER
5067,,TRANSIT SERVICES SUPERVISOR 2
5068,,SENIOR STOREKEEPER - SUPERVISOR
5069,,STOREKEEPER - SUPERVISOR
5070,,SENIOR STORES SUPERVISOR
5071,,STORES SUPERVISOR
5072,,"ENVIRONMENTAL SERVICES WORKER II, PER DIEM, MEDICAL CENTER"
5073,,"ENVIRONMENTAL SERVICES WORKER I, MEDICAL CENTER"
5074,,"ENVIRONMENTAL SERVICES WORKER II, MEDICAL CENTER"
5075,,MED CTR STOREKEEPER SR LD
5076,,"LEAD STOREKEEPER, MEDICAL CENTER"
5077,,"SENIOR STOREKEEPER, MEDICAL CENTER"
5078,,"STORES WORKER, MEDICAL CENTER"
5079,,"STOREKEEPER, MEDICAL CENTER"
5080,,"ASSISTANT STOREKEEPER, MEDICAL CENTER"
5081,,"SENIOR CUSTODIAN, PER DIEM, MEDICAL CENTER"
5082,,MED CTR CUSTODIAN PD
5083,,PSYCHOMETRIST SR CEH
5084,,READING THER CEH
5085,,MED CTR CUSTODIAN LD
5086,,"SENIOR CUSTODIAN, MEDICAL CENTER"
5087,,"CUSTODIAN, MEDICAL CENTER"
5088,,MED CTR BAKER AST
5089,,RECR THER 1 EX CEH
5090,,RECR THER 2 EX CEH
5091,,RECR THER 3 EX CEH
5092,,MED CTR FOOD SVC MGR AST
5093,,"LEAD FOOD SERVICE WORKER, MEDICAL CENTER"
5094,,"FOOD SERVICE WORKER, PER DIEM, MEDICAL CENTER"
5095,,"SENIOR FOOD SERVICE WORKER, PER DIEM, MEDICAL CENTER"
5096,,"PRINCIPAL FOOD SERVICE WORKER, PER DIEM, MEDICAL CENTER"
5097,,MED CTR BAKER SR
5098,,"BAKER, MEDICAL CENTER"
5099,,PER DIEM SENIOR CUSTODIAN
5100,,PER DIEM CUSTODIAN
5101,,CUSTODIAN LEADER SR
5102,,CUSTODIAN LEADER
5103,,CUSTODIAN
5104,,REHAB SVC SPEC 4 HX CEH
5105,,SPEECH PATHOLOGIST 1 CEH
5106,,SPEECH PATHOLOGIST 2 CEH
5107,,SPEECH PATHOLOGIST 3 HX CEH
5108,,SPEECH PATHOLOGIST EX CEH
5109,,SPEECH PATHOLOGIST SR EX CEH
5110,,PRINCIPAL CUSTODIAN SUPERVISOR
5111,,SENIOR CUSTODIAN SUPERVISOR
5112,,CUSTODIAN SUPERVISOR
5113,,LEAD CUSTODIAN
5114,,WINDOW CLEANER
5115,,ASSISTANT COACH 3
5116,,SENIOR CUSTODIAN
5117,,CUSTODIAN
5118,,COMMUNITY HEALTH OUTREACH SUPERVISOR 2
5119,,ASSISTANT CUSTODIAN SUPERVISOR
5120,,COMMUNITY HEALTH OUTREACH PROFESSIONAL 4
5121,,COMMUNITY HEALTH OUTREACH PROFESSIONAL 3
5122,,COMMUNITY HEALTH OUTREACH PROFESSIONAL 2
5123,,ELEVATOR OPR
5124,,"COOK, PER DIEM, MEDICAL CENTER"
5125,,"SENIOR COOK, MEDICAL CENTER"
5126,,"COOK, MEDICAL CENTER"
5127,,MED CTR COOK AST
5128,,SRA 4 CEH
5129,,"PRINCIPAL FOOD SERVICE WORKER, MEDICAL CENTER"
5130,,"SENIOR FOOD SERVICE WORKER, MEDICAL CENTER"
5131,,"FOOD SERVICE WORKER, MEDICAL CENTER"
5132,,MED CTR FOOD SVC WORKER AST
5133,,SYS ADM 3 TX CEH
5134,,CASE MGR SR CEH
5135,,EXEC AST 3 CX CEH
5136,,REGISTRAR SPEC 2 SV
5137,,REGISTRAR SPEC 3 SV
5138,,REGISTRAR SPEC 4 SV
5139,,STDT ACAD ADVISOR 1 SV
5140,,STDT ACAD ADVISOR 2 SV
5141,,STDT ACAD ADVISOR 3 SV
5142,,STDT ACAD ADVISOR 4 SV
5143,,STDT ACAD SPEC 1 SV
5144,,STDT ACAD SPEC 2 SV
5145,,STDT ACAD SPEC 3 SV
5146,,STDT ACAD SPEC 4 SV
5147,,STDT DISABILITY SPEC 2 SV
5148,,STDT DISABILITY SPEC 3 SV
5149,,STDT DISABILITY SPEC 4 SV
5150,,STDT LIFE DEV SPEC 1 SV
5151,,STDT LIFE DEV SPEC 2 SV
5152,,STDT LIFE DEV SPEC 3 SV
5153,,STDT LIFE DEV SPEC 4 SV
5154,,STDT SVC ADVISOR 1 SV
5155,,STDT SVC ADVISOR 2 SV
5156,,STDT SVC ADVISOR 3 SV
5157,,STDT SVC ADVISOR 4 SV
5158,,PATHOLOGY AST 2 HX
5159,,PATHOLOGY AST 3 HX
5160,,USER EXP DESIGNER 2 TX
5161,,USER EXP DESIGNER 3 TX
5162,,AV IT ENGR 3 TX
5163,,AV IT ENGR 4 TX
5164,,COMM AND NETWORK TCHL ANL 1 TX
5165,,COMM AND NETWORK TCHL ANL 2 TX
5167,,LIGHT FIXTURE ATTENDANT
5168,,COMM AND NETWORK TCHL ANL 3 TX
5169,,MASSAGE THERAPIST 2 HX
5170,,REVENUE CYCLE HC ANL 1 EX
5171,,ATHLETICS PROFESSIONAL 1 BYA
5172,,ATHLETICS PROFESSIONAL 2 BYA
5173,,ATHLETICS PROFESSIONAL 3 BYA
5174,,ATHLETICS PROFESSIONAL 4 BYA
5175,,ACUPUNCTURIST 3 HX
5176,,HEALTH INFO CODER 3 PD
5177,,MED RCDS TCHN AST PD
5178,,SURGICAL TCHN SR PD
5179,,PAT NAVGTR CLIN 3 HX
5180,,QLTY IMPV HC SPEC 1 HX
5181,,QLTY IMPV HC SPEC 2 HX
5182,,QLTY IMPV HC SPEC 3 HX
5183,,FINANCIAL ANL 3 CX
5184,,FINANCIAL SVC ANL 3 CX
5185,,FINANCIAL SVC ANL 4 CX
5186,,HEALTH PROFNS EDUC SPEC 3 CX
5187,,CUSTODIAL SUPERVISOR 1
5188,,CUSTODIAL SUPERVISOR 2
5189,2P,FIELD RESEARCHER 3
5190,2P,FIELD RESEARCHER 2
5191,,GENERAL SERVICES-OTHER SUPERVISOR 1
5192,,SECURITY SUPERVISOR 1 HEALTH CENTER
5193,,FACILITIES MANAGEMENT SPECIALIST 1
5194,4C,FACILITIES MANAGEMENT SPECIALIST 2
5195,,FACILITIES MANAGEMENT SPECIALIST 3
5196,,FACILITIES MANAGEMENT SPECIALIST 4
5197,,HEALTH PROFNS EDUC SPEC 4 CX
5198,,FACILITIES SUPERVISOR 1
5199,,PAT NAVGTR NON-CLIN 3 CX
5200,,MEETING ROOM CAPTAIN 3 B
5201,,MEETING ROOM CAPTAIN 3 A
5202,,MEETING ROOM CAPTAIN 2
5203,,MEETING ROOM CAPTAIN 1
5204,,MEETING ROOM CAPTAIN SUPV
5205,,PAT NAVGTR NON-CLIN 4 CX
5206,,RESCUE OPS SUPV
5207,,RESCUE WORKER
5208,,RESCUE WORKER AST
5209,,PRIVACY AND COMPLIANCE HEALTHCARE PROFESSIONAL 3
5210,,PRIVACY AND COMPLIANCE HEALTHCARE PROFESSIONAL 2
5211,,SENIOR STUDENT RESIDENT FIRE FIGHTER
5212,,STUDENT RESIDENT FIRE FIGHTER
5214,,ACAD PRG MGT OFCR 3 RP
5215,,PUBLIC SAFETY DISPATCHER ASSISTANT
5216,,PUBLIC SAFETY DISPATCHER
5217,,LEAD PUBLIC SAFETY DISPATCHER
5218,,PUBLIC SAFETY DISPATCHER SUPERVISOR
5219,,ACAD PRG MGT OFCR 4 RP
5220,,ACAD PRG MGT OFCR 5 RP
5221,,AEROSPACE ENGR 2 RP
5222,,AEROSPACE ENGR 3 RP
5223,,AEROSPACE ENGR 4 RP
5224,,AEROSPACE ENGR 5 RP
5225,,BIOINFORMATICS PROGR 1 RP
5226,,BIOINFORMATICS PROGR 2 RP
5227,,BIOINFORMATICS PROGR 3 RP
5228,,BIOINFORMATICS PROGR 4 RP
5229,,BIOINFORMATICS PROGR 5 RP
5230,4C,CHEF 2
5231,4C,QA CHEF 3
5232,,EXECUTIVE CHEF 4
5233,,MEETING ROOM CAPTAIN PD
5234,4C,FOOD SERVICES SUPERVISOR 1
5235,,FOOD SERVICES SUPERVISOR 2
5236,,CLIN RSCH ANL 4 RP
5237,,CLIN RSCH ANL 5 RP
5238,,CMPTL & DATA SCI RSH SPEC 2 RP
5239,,CMPTL & DATA SCI RSH SPEC 3 RP
5240,,CMPTL & DATA SCI RSH SPEC 4 RP
5241,,CMPTL & DATA SCI RSH SPEC 5 RP
5242,,CURATOR 4 RP
5243,,STDT DISABILITY SPEC 1 SV
5244,,EXHIBITIONS SPEC 4 RP
5245,,FIELD RESEARCHER 2 RP
5246,,FIELD RESEARCHER 3 RP
5247,,FIELD RESEARCHER 4 RP
5248,,GEOGRAPHIC INFO SYS PROGR 1 RP
5249,,GEOGRAPHIC INFO SYS PROGR 2 RP
5250,,GEOGRAPHIC INFO SYS PROGR 3 RP
5251,,GEOGRAPHIC INFO SYS PROGR 4 RP
5252,,PROJECT MGT PROFL 3 RP
5253,,PROJECT MGT PROFL 4 RP
5254,,PROJECT MGT PROFL 5 RP
5255,,PROJECT POLICY ANL 1 RP
5256,,PROJECT POLICY ANL 2 RP
5257,,PROJECT POLICY ANL 3 RP
5258,,PROJECT POLICY ANL 4 RP
5259,,PROJECT POLICY ANL 5 RP
5260,,PUBL ADMSTN ANL RP
5261,,SPORTS MED ATH TRAINER 2 HX
5262,,SPORTS MED ATH TRAINER 3 HX
5263,,SPORTS MED ATH TRAINER 4 HX
5264,,RSCH ADM 3 RP
5265,,RSCH ADM 4 RP
5266,,RSCH ADM 5 RP
5267,,RSCH CMPLNC ANL 1 RP
5268,,RSCH CMPLNC ANL 2 RP
5269,,RSCH CMPLNC ANL 3 RP
5270,,RSCH CMPLNC ANL 4 RP
5271,,RSCH CMPLNC ANL 5 RP
5272,,RSCH DATA ANL 1 RP
5273,,RSCH DATA ANL 2 RP
5274,,RSCH DATA ANL 3 RP
5275,,RSCH DATA ANL 4 RP
5276,,RSCH DATA ANL 5 RP
5277,,RSCH GNT PRG OFCR 3 RP
5278,,RSCH GNT PRG OFCR 4 RP
5279,,RSCH GNT PRG OFCR 5 RP
5280,,INFECTION PREVENTION CRD 1 HX
5281,,INFECTION PREVENTION CRD 2 HX
5282,,INFECTION PREVENTION CRD 3 HX
5283,,SURVEY RESEARCHER 2 RP
5284,,SURVEY RESEARCHER 3 RP
5285,,MUSEUM ATTENDANT
5286,,STDT RSDNC HALLS LD BYA
5287,,STDT RSDNC HALLS BYA
5288,,STDT RSDNC HALLS WKSTY LD BYA
5289,,STDT RSDNC HALLS WKSTY BYA
5290,,SCRTY GUARD PD
5291,,SCRTY GUARD SR PD
5292,,"SECURITY OFFICER, MEDICAL CENTER"
5293,,MED CTR SCRTY OFCR PD
5294,,"SENIOR SECURITY OFFICER, MEDICAL CENTER"
5295,,MED CTR SCRTY OFCR SR PD
5296,,"SECURITY OFFICER, SENIOR SUPERVISOR, MEDICAL CENTER"
5297,,SURVEY RESEARCHER 4 RP
5298,,SYS INTEGRATION ENGR 1 TX
5299,,SYS INTEGRATION ENGR 2 TX
5300,,SYS INTEGRATION ENGR 3 TX
5301,,EHS SPEC 1 NEX RX
5302,,EHS SPEC 2 NEX RX
5303,,EHS SPEC 3 RX
5304,,ATH TRAINER 1 HX
5305,,ATH TRAINER 2 HX
5306,,ATH TRAINER 3 HX
5307,,ATH TRAINER 4 HX
5308,,INFECTION PREVENTION CRD 4 HX
5309,,INFECTION PREVENTION CRD 5 HX
5310,,BROADCAST COMM SPEC 1 TX
5311,,BROADCAST COMM SPEC 2 TX
5312,,POLICE LIEUTENANT
5313,,POLICE SERGEANT
5314,,POLICE SERGEANT SUPERVISOR 2
5315,,POLICE OFFICER 1
5316,,ZONE MECH
5317,,FIRE MECH
5318,,SCRTY ACCESS CNTRL LD
5319,,SCRTY ACCESS CNTRL
5320,,PLT OPR LD
5321,,PLT OPR
5322,,AST PLT OPER
5323,,POLICE OFFICER
5324,,POLICE TRAINEE
5325,,SENIOR SECURITY GUARD SUPERVISOR
5326,,SENIOR SECURITY GUARD
5327,,SECURITY GUARD
5328,,PROCTOR
5329,,PROCTOR SR
5330,,PRINCIPAL PARKING SUPERVISOR
5331,,SENIOR PARKING SUPERVISOR
5332,,LEAD PARKING REPRESENTATIVE
5333,,SENIOR PARKING REPRESENTATIVE
5334,,PARKING REPRESENTATIVE
5335,,PARKING ASSISTANT
5336,,PARKING ENFORCEMENT SPEC
5337,,SENIOR PARKING REPRESENTATIVE - SUPERVISOR
5338,,PARKING REPRESENTATIVE - SUPERVISOR
5339,,PARKING SUPERVISOR
5340,,PROCTOR SR SUPV
5341,,"PARKING ASSISTANT, PER DIEM"
5342,,BROADCAST COMM SPEC 3 TX
5343,,BROADCAST COMM SPEC 4 TX
5344,,CLIN APPL TRAINER 2 HX
5345,,CLIN APPL TRAINER 3 HX
5346,,CLIN INFORMATICS SPEC 1 HX
5347,,CLIN INFORMATICS SPEC 2 HX
5348,,CLIN INFORMATICS SPEC 3 HX
5349,,CONST INSP 2 TX
5350,,CONST INSP 3 TX
5351,,IT SCRTY ANL 1 TX
5352,,IT SCRTY ANL 2 TX
5353,,IT SCRTY ANL 3 TX
5354,,IT ARCHITECT 3 TX
5355,,HEALTH EDUCATOR 1 HX
5356,,HEALTH EDUCATOR 2 HX
5357,,HEALTH EDUCATOR 3 HX
5358,,HEALTH EDUCATOR 4 HX
5359,,HEALTH EDUCATOR 3 HX PD
5418,,REG DIETETIC TCHN PD
5419,3T,REGISTERED DIETETIC TECHNICIAN
5420,,REGISTERED DIETETIC TECHNICIAN--SUPERVISOR
5421,,PER DIEM DIETITIAN
5422,,DIETITIAN PRN
5423,2P,PRINCIPAL DIETITIAN- SUPERVISOR
5424,,SENIOR DIETITIAN
5425,,SENIOR DIETITIAN-SUPERVISOR
5426,2P,DIETITIAN II
5427,,DIETITIAN II-SUPERVISOR
5429,,DIETITIAN 1 SUPV
5430,,DIETETIC ASSISTANT
5431,,DIETITIAN HEALTHCARE SPECIALIST 4
5440,,EXECUTIVE CHEF
5441,,FOOD SVC CRD
5442,,PRINCIPAL FOOD SERVICE MANAGER
5443,,SENIOR FOOD SERVICE MANAGER
5444,,FOOD SERVICE MANAGER
5445,,ASSISTANT FOOD SERVICE MANAGER
5447,,ASSISTANT FOOD SERVICE MANAGER - SUPERVISOR
5450,,FOOD SVC SUPV PRN
5451,,SENIOR FOOD SERVICE SUPERVISOR
5452,,LEAD FOOD SERVICE WORKER
5454,,FOOD SERVICE SUPERVISOR
5455,,PER DIEM FOOD SERVICE WORKER
5456,,PER DIEM SENIOR FOOD SERVICE WORKER
5457,,PER DIEM PRINCIPAL FOOD SERVICE WORKER
5501,,PRINCIPAL BAKER
5502,,SENIOR BAKER
5503,,BAKER
5505,,ASSISTANT BAKER
5518,,MEDICAL STAFF SERVICES SPECIALIST 4
5519,,MEDICAL STAFF SERVICES SPECIALIST 3
5520,,PER DIEM COOK
5521,,PRINCIPAL COOK
5522,4C,SENIOR COOK
5523,,COOK
5524,,ASSISTANT COOK
5525,,MEDICAL STAFF SERVICES SPECIALIST 2
5526,,SENIOR COOK - SUPERVISOR
5538,,COOK-HOUSEKEEPER
5539,,REGISTRAR SUPV 2 GF
5540,,RSCH CMPLNC SUPV 2 GF
5541,,SURVEY RESEARCHER SUPV 2 GF
5542,,SURVEY RESEARCHER 4 GF
5543,,PROCUREMENT SUPV 2 GF
5544,,AEROSPACE ENGR 2 GF
5545,,RSCH AND DEV ENGR 3 GF
5546,,INSP SUPV 1 GF
5547,,CONTRACT ADMSTN SUPV 2 GF
5548,,DIGITAL COMM SPEC 3 GF
5549,,BUS TCHL SUPP SUPV 1 GF
5550,,CMTY HEALTH OUTR MGR 1
5551,,ADV PRACTICE MGR 2
5552,,ADV PRACTICE MGR 1
5553,,USER EXP DESIGNER SUPV 2
5554,,PARKING AND TRANSPORT MGR 4
5555,,CLIN IMG IT SPEC 5
5556,,K TO 12 EDUCATOR MGR 3
5557,,DATABASE SUPV 2
5558,,EMPLOYMENT MGR 3
5559,,NEURODIAGNOSTIC SVC SPEC 5
5560,,NEURODIAGNOSTIC SVC SPEC 4
5561,,WRITER EDITOR 5
5562,,VOLUNTEER SVC PROFL 3
5563,,PAT SUPP SVC MGR 2
5564,,TREASURY ANL 5
5565,,CHF ENGR MGR 1 SU
5566,,INSP SUPV 2 GF
5567,,ALUMNI EXTERNAL REL SUPV 2 GF
5568,,CAREER SVC SUPV 1 GF
5569,,EDUC TCHL SUPV 2 GF
5570,,ENTERPRISE RISK MGT ANL 3 GF
5571,,STDT LIFE DEV SPEC 4 GF
5572,,SYS ADMSTN SUPV 1 GF
5573,,PAYROLL ANL 4 GF
5574,,TAX CMPLNC MGR 3
5575,,IP MGR 4
5576,,PHYSCN ADM 2
5577,,MARKETING HC MGR 4
5578,,CUSTODIAL HC MGR 3
5579,,STDT SVC ADVISOR 5
5580,,NUC MED MGR 2
5581,,FIXED INCOME INV MGR 3
5582,,QLTY IMPV HC MGR 4 NMD
5583,,RAD THER MGR 3
5584,,NTRTN AND DIETARY HC MGR 3
5585,,DESIGN AND CONST HC MGR 3
5586,,SCRTY MGR 3
5587,,HEALTH ACCESS AND ENGMT MGR 3
5588,,HEALTH INFO MGT PROF 4 GF
5589,,CLIN INFORMATICS MGR 4 NMD
5590,,LAB RSCH SPEC 5
5591,,LEAVE OF ABSENCE SPEC 4 GF
5592,,ADVANCED PRAC SUPV 2
5593,,CLIN INFORMATICS MGR 4 MD
5594,,INFO SYS HC MGR 4
5595,,INFO SYS HC MGR 3
5596,,FINANCIAL ANL HC MGR 4
5597,,FUNDRAISING HC MGR 4
5598,,COMM HC MGR 4
5599,,PHYSCN ADM 3
5600,,PHYSCN ADM 4
5601,,CLIN DOC MGR 3
5602,,ACCESS AND ENGMT PROFL 5
5603,,ACCESS AND ENGMT MGR 2
5604,,ACCESS AND ENGMT MGR 1
5605,,ACCESS AND ENGMT MGR 3
5606,,INFECTION PREVENTION MGR 3
5608,,AVP TOTAL REWARDS ME
5609,,AVP EMPL AND LABOR RELATION ME
5610,,CHF OPER OFCR HC ME
5611,,CHF INFO EXEC ME
5612,,CHF FINANCIAL OFCR HC ME
5613,,CHF INFO OFCR HC ME
5614,,CHF HR OFCR HC ME
5615,,CHF REAL ESTATE OFCR ME
5616,,CHF STRAT OFCR HC ME
5617,,CHF NURSE EXEC ME
5618,,CHF PHARMACY EXEC ME
5619,,CHF ADM OFCR SOM ME
5620,,AEROSPACE MGR 1
5621,,PHYSCN NETWORK DEV SPEC 5
5622,,PHYSCN NETWORK DEV SUPV 2
5623,,CHARGE DESC ANL 4 GF
5624,,MGD CARE SPEC 3 GF
5625,,REIMB HC ANL 3 GF
5626,,REIMB HC ANL 4 GF
5627,,RISK MGT HC PROFL 3 GF
5628,,NEURODIAGNOSTIC SVC SUPV 2 EX
5629,,CHF HR EXEC ME
5630,,AVP PPL STRAT TLNT & CLTRE ME
5631,,ACCOUNTING MGR 3 HC
5632,,ACCOUNTING MGR 4 HC
5633,,GEN ACCOUNTANT 5 HC
5634,,HEALTH SCIENCES ADM 1
5635,,HEALTH SCIENCES ADM 2
5636,,HEALTH SCIENCES ADM 3
5637,,HEALTH SCIENCES ADM 4
5638,,FAC PROJECT MGR 1 HC
5639,,FAC PROJECT MGR 2 HC
5640,,FAC PROJECT MGR 3 HC
5641,,FAC PROJECT MGR 4 HC
5642,,FAC PROJECT MGT SPEC 4 HC
5643,,FAC PROJECT MGT SPEC 5 HC
5644,,CLIN REGIS MGR 2
5645,,POLICE CHF MGR 4
5646,,SYSWIDE ACAD HR MGR 2
5647,,CHF ENGR MGR 1
5648,,CHF ENGR MGR 1 PD
5649,,VETERINARIAN LOCUM BYA
5650,,PRINCIPAL FOOD SERVICE WORKER
5651,,SENIOR FOOD SERVICE WORKER
5652,4C,FOOD SERVICE WORKER
5653,,FOOD SVC WORKER AST
5654,,PRINCIPAL FOOD SERVICE WORKER - SUPERVISOR
5655,,SENIOR FOOD SERVICE WORKER - SUPERVISOR
5656,,PAT SUPP SVC SUPV 2
5657,,ENERGY MANAGEMENT ANALYST 3
5658,,VENDOR REL SUPV 1
5659,,SUSTAINABILITY OFFICER 3
5660,,ACCOUNTING SUPERVISOR 1
5661,,CAPITAL MARKETS FIN OFCR 3
5662,,LOAN ORIGINATION OFCR 4
5663,,LOAN ORIGINATION OFCR 3
5664,,LOAN ORIGINATION OFCR 2
5665,,LOAN SVC ANL 4
5666,,LOAN SVC ANL 3
5667,,LOAN SVC ANL 2
5668,,TAX CMPLNC ANL 3
5669,,TAX CMPLNC ANL 2
5670,,TREASURY ANL 4
5671,,TREASURY ANL 3
5672,,VENDOR RELATIONS SUPERVISOR 2
5673,,EMBRYOLOGIST 4
5674,,VENDOR RELATIONS SPECIALIST 3
5675,,VENDOR RELATIONS SPECIALIST 2
5676,,VENDOR RELATIONS SPECIALIST 1
5677,,REAL ESTATE OFFICER 3
5678,,FUNDRAISER 3 GF
5679,,FUNDRAISER 2 GF
5680,,HEALTH CARE ADMIN SHS MANAGER 1
5681,,HEALTH PROFNS EDUC SPEC 4 GF
5682,,HEALTH PROFNS EDUC SPEC 3 GF
5683,,LAB RSCH SUPV 2 GF
5684,,CLIN ENGR MGR 3
5685,,ORGANIZATIONAL CNSLT 3 GF
5686,,PARALEGAL 3 GF
5687,,PROJECT POLICY ANL SUPV 2 GF
5688,,PUBL EDUC SPEC 4 GF
5689,,PUBLICATIONS PROD SPEC 4 GF
5690,,REHABILITATION SERVICES SPECIALIST 4
5691,,REVENUE CYCLE HC ANL 4 GF
5692,,RSCH ADM 3 GF
5693,,RSCH CMPLNC ANL 4 GF
5694,,SPIRITUAL CARE HEALTHCARE MANAGER 1
5695,,VISUAL COMM SPEC 4 GF
5696,,FINANCIAL SVC SUPV 2 GF
5697,,AMBULATORY CARE ADMINISTRATION COORDINATOR 5
5698,,SUSTAINABILITY OFFICER 5
5699,,EMBRYOLOGIST 5
5700,,EMBRYOLOGIST 4 GF
5701,,PUBL EDUC SPEC 3 GF
5702,,PROJECT POLICY ANL 2 GF
5703,,BUS INTEL MGR 3
5704,,BUSINESS INTELLIGENCE MANAGER 2
5705,,BUSINESS INTELLIGENCE MANAGER 1
5706,,BUSINESS INTELLIGENCE SUPERVISOR 2
5707,,BUSINESS INTELLIGENCE SPECIALIST 5
5708,,NEURODIAGNOSTIC SERVICES MANAGER 1
5709,,NEURODIAGNOSTIC SERVICES SUPERVISOR 2
5710,,INDUSTRY ALLIANCE MANAGER 3
5711,,INSPECTION MANAGER 2
5712,,INSPECTION MANAGER 1
5713,,FAC SUPV 2 GF
5714,,EXEC AST 4 GF
5715,,PROFL ENGR 3 GF
5716,,AMBUL CARE PAT MGR 3
5717,,ANESTHESIA OR CLINICAL SUPPORT MANAGER 1
5718,,BEHAVIORAL HEALTH COUNSELING MANAGER 2
5719,,BEHAVIORAL HEALTH COUNSELING MANAGER 1
5720,,BEH HEALTH PSYCHIATRIC MGR 4
5721,,BEH HEALTH PSYCHIATRIC MGR 3
5722,,BEHAVIORAL HEALTH PSYCHIATRIC MANAGER 2
5723,,BEHAVIORAL HEALTH PSYCHIATRIC MANAGER 1
5724,,BEHAVIORAL HEALTH PSYCHIATRIC SUPERVISOR 2
5725,,BEHAVIORAL HEALTH PSYCHIATRIC PROFESSIONAL 5
5726,,BEHAVIORAL HEALTH PSYCHIATRIC PROFESSIONAL 4
5727,,BUSINESS DEVELOPMENT HEALTHCARE MANAGER 4
5728,,BUSINESS DEVELOPMENT HEALTHCARE MANAGER 3
5729,,BUSINESS DEVELOPMENT HEALTHCARE MANAGER 2
5730,,BUSINESS DEVELOPMENT HEALTHCARE MANAGER 1
5731,,BUSINESS DEVELOPMENT HEALTHCARE PROFESSIONAL 5
5732,,BUSINESS DEVELOPMENT HEALTHCARE PROFESSIONAL 4
5733,,CENTRAL STERILE MANAGER 2
5734,,CENTRAL STERILE MANAGER 1
5735,,CHARGE DESCRIPTION MANAGER 1
5736,,CHILD LIFE MANAGER 1
5737,,CLIN LAB MGR 3
5738,,CONCIERGE MGR 3
5739,,CONCIERGE MGR 2
5740,,CONCIERGE MGR 1
5741,,DECISION SUPPORT MANAGER 4
5742,,DECISION SUPPORT MANAGER 3
5743,,DECISION SUPPORT MANAGER 2
5744,,DECISION SUPPORT MANAGER 1
5745,,DECISION SUPPORT SUPERVISOR 2
5746,,DECISION SUPPORT SPECIALIST 5
5747,,DECISION SUPPORT SPECIALIST 4
5748,,DOSIMETRY SUPERVISOR 2
5749,,EMPLOYEE HEALTH SERVICES REGISTERED NURSE MANAGER 1
5750,,EMPLOYEE HEALTH SERVICES REGISTERED NURSE SUPERVISOR 2
5751,,GENETIC COUNSELING HEALTHCARE MANAGER 1
5752,,HEALTH INFORMATION MANAGEMENT MANAGER 2
5753,,HEALTH INFORMATION MANAGEMENT MANAGER 1
5754,,LACTATION CONSULTANT REGISTERED NURSE 4
5755,,MANAGED CARE MANAGER 4
5756,,MANAGED CARE MANAGER 3
5757,,MANAGED CARE MANAGER 2
5758,,MANAGED CARE MANAGER 1
5759,,MANAGED CARE SPECIALIST 5
5760,,MANAGED CARE SPECIALIST 4
5761,,MATERIALS MANAGEMENT HEALTHCARE MANAGER 4
5762,,MATERIALS MANAGEMENT HEALTHCARE MANAGER 3
5763,,MEDICAL LIBRARY HEALTHCARE MANAGER 1
5764,,MED STF SVC MGR 3
5765,,MEDICAL STAFF SERVICES MANAGER 2
5766,,MEDICAL STAFF SERVICES MANAGER 1
5767,,MEDICAL INTERPRETER SERVICES MANAGER 1
5768,,NUCLEAR MEDICAL MANAGER 1
5769,,NUCLEAR MEDICAL SUPERVISOR 2
5771,,PATIENT ACCESS SERVICES MANAGER 2
5772,,PATIENT ACCESS SERVICES MANAGER 1
5773,,PATIENT NAVIGATOR CLINICAL 5
5774,,PATIENT RELATIONS MANAGER 3
5775,,PATIENT RELATIONS MANAGER 2
5776,,PATIENT RELATIONS MANAGER 1
5777,,PATIENT SUPPORT CALL CENTER MANAGER 1
5778,,PATIENT TRANSPORT MANAGER 1
5779,,PHARMACY MGR 4
5780,,PHARMACY MANAGER 3
5781,,PHARMACIST 5
5782,,PHYSCN NETWORK DEV MGR 3
5783,,PHYSICIAN NETWORK DEVELOPMENT MANAGER 2
5784,,PHYSICIAN NETWORK DEVELOPMENT MANAGER 1
5785,,PHYSCN AST SUPV 2
5786,,PHYSICIAN NETWORK DEVELOPMENT SPECIALIST 4
5787,,PRIVACY AND CMPLNC HC MGR 3
5788,,POPULATION HEALTH MGR 3
5789,,POPULATION HEALTH MANAGER 2
5790,,POPULATION HEALTH MANAGER 1
5791,,POPULATION HEALTH SPECIALIST 4
5792,,RADIATION THERAPY MANAGER 2
5793,,RADIATION THERAPY MANAGER 1
5794,,RADIATION THERAPY SUPERVISOR 2
5795,,RECREATIONAL THERAPY MANAGER 1
5796,,REHABILITATION SERVICES SPECIALIST 5
5797,,REIMB HC MGR 3
5798,,REVENUE CYCLE HEALTHCARE MANAGER 4
5799,,REVENUE CYCLE HEALTHCARE MANAGER 3
5800,,RISK MGT HC MGR 3
5801,,RISK MANAGEMENT HEALTHCARE MANAGER 2
5802,,RISK MANAGEMENT HEALTHCARE MANAGER 1
5803,,RISK MANAGEMENT HEALTHCARE PROFESSIONAL 5
5804,,RISK MANAGEMENT HEALTHCARE PROFESSIONAL 4
5805,,OPTOMETRIST 4
5806,,SPITITUAL CARE HEALTHCARE MANAGER 2
5807,,TRANSPLANT MANAGER 2
5808,,TRANSPLANT MANAGER 1
5809,,VOLUNTEER SERVICES MANAGER 2
5810,,VOLUNTEER SERVICES MANAGER 1
5811,,LAUNDRY/LINEN SERVICE MANAGER
5812,,LINEN SVC MGR SR
5813,,LINEN SVC MGR
5814,,REAL ESTATE OFFICER 2
5815,,LINEN SVC SUPV SR
5816,,LINEN SERVICE SUPERVISOR
5817,,CUSTODIAL HEALTHCARE MANAGER 1 PSS
5818,,CUSTODIAL HEALTHCARE SUPERVISOR 2
5819,,CUSTODIAL HEALTHCARE SUPERVISOR 1
5820,,REHABILITATION SERVICES SPECIALIST 1
5821,,SENIOR HEAD LINEN SERVICE WORKER
5822,,HEAD LINEN SERVICE WORKER
5824,,SENIOR HEAD LINEN SERVICE WORKER - SUPERVISOR
5832,,SENIOR LINEN SERVICE WORKER
5833,,LINEN SERVICE WORKER
5834,,COMMUNITY EDUCATION SPECIALIST 4
5835,,LAUNDRY ROTARY PRESS OPR
5836,2P,COMMUNITY EDUCATION SUPERVISOR 2
5837,,COMMUNITY EDUCATION SUPERVISOR 1
5838,2P,COMMUNITY EDUCATION SPECIALIST 3
5839,2P,COMMUNITY EDUCATION SPECIALIST 2
5840,2P,COMMUNITY EDUCATION SPECIALIST 1
5841,,SENIOR LAUNDRY MACHINE OPERATOR
5842,,LAUNDRY MACHINE OPERATOR
5843,,FIRST ENGR AST
5844,,SECOND ENGR AST
5845,,THIRD ENGR AST
5846,,BOAT ENGR
5847,,ELECTRN OPR 3
5848,,OILER OPR 2
5849,,WIPER OPR 1
5850,,MARINE COOK 3
5851,,MARINE COOK 2
5852,,MARINE COOK 1
5853,,PLATFORM OPS SUPV 1
5854,,PLATFORM OPR 2
5855,,BOATSWAIN 3
5856,,ABLE SEAMAN 2
5857,,ORDINARY SEAMAN 1
5858,,FIRST OFCR
5859,,SECOND OFCR
5860,,THIRD OFCR BOAT OPR 2
5861,,BOAT OPR SR 1
5862,,BOAT OPR 1
5863,,POWER SEWING MACH OPR
5864,,DRAPERY MAKER
5865,,WRITER EDITOR 4 GF
5866,,PRODUCT DEV PROFL 3 GF
5867,,TRAINER 4 GF
5868,,TRAINER 3 GF
5869,,ADMISSIONS RECRMT SUPV 2 GF
5870,,ADMISSIONS RECRMT SPEC 4 GF
5871,,K TO 14 ACAD PREP SPEC 4 GF
5872,,EEO REPR 4 GF
5873,,FAC MGT SPEC 4 GF
5874,,CAPITAL MARKETS FIN OFCR 3 GF
5875,,RSCH ADM 4 GF
5876,,INSTITUTIONAL RESEARCH ANALYST 4
5877,,INSTITUTIONAL RSCH ANL 3 GF
5878,,FINANCIAL ANL SUPV 2 GF
5879,,ENTERPRISE RISK MANAGEMENT ANALYST 4
5880,,SYS ADM 3 GF
5881,,INFO SYS ANL 3 GF
5882,,ADMIN OFCR 4 GF
5883,,PROJECT POLICY ANL 4 GF
5884,,PROJECT POLICY ANL 3 GF
5885,,MEDIA COMMUNICATIONS SPECIALIST 4
5886,,MEDIA COMM SPEC 3 GF
5887,4C,COMMUNICATIONS SPECIALIST 4
5888,,COMM SPEC 3 GF
5889,,BUS SYS ANL 3 GF
5890,,HR GENERALIST 4 GF
5891,,ACCOUNTANT SUPV 2 GF
5892,,ACCOUNTANT 4 GF
5893,,FINANCIAL ANL 4 GF
5894,,ACAD HR ANL 4 GF
5895,,BENEFITS ANL 4 GF
5896,,COMPENSATION ANL 3 GF
5897,,BUYER 4 OP
5898,,BUYER 3 OP
5899,,TCHL PROJECT MGT PROFL 3 GF
5900,,BENEFITS PRG STRAT MGR 3
5901,,K-12 EDUCATOR MANAGER 2
5902,,K-12 EDUCATOR MANAGER 1
5903,,ACQUISITIONS MGR 2
5904,,ACQUISITIONS MGR 1
5905,,ACQUISITIONS EDITOR 5
5906,,CLINICAL NURSE SHS MANAGER 2
5907,,NURSE PRACTITIONER SHS SUPERVISOR 2
5908,,REGL POLICY AND INTEL PROFL 5
5909,,REGL POLICY AND INTEL PROFL 4
5910,,REGL POLICY AND INTEL MGR 3
5911,,REGL POLICY AND INTEL MGR 2
5912,,REGL POLICY AND INTEL MGR 1
5913,,RESEARCH GRANT PROGRAM MANAGER 2
5914,,RESEARCH GRANT PROGRAM OFFICER 5
5915,,RESEARCH GRANT PROGRAM OFFICER 4
5916,,STRATEGIC SOURCING PROFESSIONAL 5
5917,,STRATEGIC SOURCING PROFESSIONAL 4
5918,,STRAT SOURCING MGR 3
5919,,STRATEGIC SOURCING MANAGER 2
5920,,STRATEGIC SOURCING MANAGER 1
5921,,COMMUNICATION SPECIALIST 5
5922,,PLANNING MANAGER 2
5923,,FINANCIAL SERVICES ANALYST 5
5924,,BUSINESS SYSTEMS ANALYSIS MANAGER 3
5925,,COMMUNICATIONS AND NETWORK TECHNICAL MANAGER 3
5926,,K-12 EDUCATOR 5
5927,,RSCH GNT PRG OFCR 3 GF
5928,,ADMISSIONS RECRUITMENT MANAGER 4
5929,,STATE GOVT REL SUPV 2
5930,,VENDOR RELATIONS SPECIALIST 4
5931,,PLANNING SUPERVISOR 2
5932,,STATE GOVT REL MGR 3
5933,3T,BIOINFORMATICS PROGRAMMER 4
5934,,COMMUNICATIONS & NETWORK TECHNICAL MANAGER 4
5935,,IT ARCHITECT MANAGER 3
5936,,IT ARTHITECT MANAGER 2
5937,,IT SECURITY SUPERVISOR 2
5938,,QA/RELEASE MANAGEMENT MANAGER 1
5939,,QA/RELEASE MANAGEMENT SUPERVISOR 2
5940,,SYSTEMS INTEGRATION ENGINEER 5
5941,,SYSTEMS INTEGRATION ENGINEER 4
5942,2P,COMMUNITY EDUCATION MANAGER 1
5943,3T,AGRICULTURE MANAGER 1
5944,,ENTERPRISE RISK MGR 4
5945,,PRODUCT DEVELOPMENT MANAGER 1
5946,,CONSERVATION MANAGER 1
5947,,COUNSEL 2
5948,,COUNSEL 1
5949,,CUSTOMER SVC MGR 4
5950,,EH&S MANAGER 4
5951,,EMPLOYEE RELATIONS MANAGER 1
5952,,EQUAL EMPLOYMENT OPPORTUNITY MANAGER 2
5953,,EQUAL EMPLOYMENT OPPORTUNITY REPRESENTATIVE 5
5954,,EVENTS MANAGER 2
5955,,EXECUTIVE ADVISOR MANAGER 1
5956,,FACILITIES PROJECT MANAGER 1
5957,,FINANCIAL SERVICES MANAGER 4
5958,,INTELLECTUAL PROPERTY SUPERVISOR 2
5959,,MAIL SERVICES MANAGER 2
5960,,MUSEUM EDUCATION MANAGER 2
5961,,PRIVATE EQUITY INV ANL 2
5962,,REAL ESTATE INV ANL 3
5963,,SKILLED CRAFTS AND TRADES MANAGER 2
5964,,STATE GOVT REL MGR 2
5965,,STRUCTURAL ENGR MGR 2
5966,,STRUCTURAL ENGR MGR 1
5967,,TRANSIT SERVICES MANAGER 1
5968,,ENERGY MGR 3
5969,,GEOGRAPHIC INFORMATION SYSTEMS SUPERVISOR 2
5970,,GENERAL ACCOUNTANT V
5971,,ADMINISTRATIVE NURSE SHS PROFESSIONAL 4
5972,,AUDIT PROFESSIONAL V
5973,,AUDIT PROFESSIONAL IV
5974,,PROCUREMENT ANALYST V
5975,,PROCUREMENT ANL 4 GF
5976,,PROCUREMENT ANL 3 GF
5977,,POLICE LIEUTENANT MANAGER 1
5978,,POLICE CHIEF MANAGER 3
5979,,POLICE CAPTAIN MANAGER 2
5980,,GEN ACCOUNTANT 4 GF
5981,,BROADCAST COMM SUPV 2 ANR
5982,,EXTERNAL RELATIONS SPECIALIST 5 ANR
5983,,COMMUNICATIONS MANAGER 1 ANR
5984,,PUBL EQUITY INV DIR
5985,,LANDSCAPE GROUNDS MANAGER 1
5986,,UNCLASSIFIED SR MGR CT
5987,,SYSWIDE BUDGET MGR 2
5988,,INSTRUCTIONAL DESIGN MANAGER 2
5989,,INSTRUCTIONAL DESIGN MANAGER 1
5990,,INSTRUCTIONAL DESIGNER 5
5991,,BIOINFORMATICS MANAGER 1
5992,,BIOINFORMATICS SUPERVISOR 2
5993,3T,BIOINFORMATICS PROGRAMMER 5
5994,,GOVERNMENT RELATIONS MANAGER 3
5995,,GOVERNMENT RELATIONS MANAGER 2
5996,,CITY AND CAMPUS FIRE CHIEF MANAGER 3
5997,,FIRE CHIEF MANAGER 2
5998,,ASSISTANT CHIEF MANAGER 1
5999,,CHF ENGR MGR 1
6000,,STUDENT HEALTH PHYSICIAN 5
6001,,STUDENT HEALTH PHYSICIAN 4
6002,,STUDENT HEALTH PHYSICIAN 3
6003,,STUDENT HEALTH PHYSICIAN 5 PER DIEM
6004,,STUDENT HEALTH PHYSICIAN 4 PER DIEM
6005,,STUDENT HEALTH PHYSICIAN 3 PER DIEM
6006,,STUDENT HEALTH DENTIST 5
6007,,STUDENT HEALTH DENTIST 4
6008,,STUDENT HEALTH DENTIST 3
6009,,STUDENT HEALTH DENTIST 5 PER DIEM
6010,,STUDENT HEALTH DENTIST 4 PER DIEM
6011,,STUDENT HEALTH DENTIST 3 PER DIEM
6012,,CHF ENGR SUPV 2
6013,,SUPT MGR 3
6014,,AST SUPT MGR 2
6015,,SEA CAPTAIN MGR 2
6016,,SEA CAPTAIN MGR 1
6017,,ASSET ALLOC AND INV STRAT MGR3
6018,,INV RISK MGR 3
6019,,IT SECURITY MANAGER 1
6020,,CAPITAL MARKETS FIN MGR 3
6021,,CAPITAL MARKETS FIN MGR 2
6022,,PUBL EQUITY MGR 3
6023,,COMPUTATIONAL AND DATA SCIENCE RESEARCH MANAGER 3
6024,,COMPUTATIONAL AND DATA SCIENCE RESEARCH MANAGER 2
6025,,COMPUTATIONAL AND DATA SCIENCE RESEARCH MANAGER 1
6026,,COMPUTATIONAL AND DATA SCIENCE RESEARCH SUPERVISOR 2
6027,,COMPUTATIONAL AND DATA SCIENCE RESEARCH SPECIALIST 5
6028,,COMPUTATIONAL AND DATA SCIENCE RESEARCH SPECIALIST 4
6029,,REGISTRAR MANAGER 3
6030,,REGISTRAR MANAGER 2
6031,,REGISTRAR MANAGER 1
6032,,FUNDRAISING SUPERVISOR 2
6033,,TAX COMPLIANCE MANAGER 2
6034,,CLINICAL APPLICATIONS MANAGER 3
6035,,CLINICAL APPLICATIONS MANAGER 2
6036,,CLINICAL APPLICATIONS MANAGER 1
6037,,CLINICAL APPLICATIONS SUPERVISOR 2
6038,,CLINICAL APPLICATIONS PROFESSIONAL 5
6039,,CLINICAL APPLICATIONS PROFESSIONAL 4
6040,,CLINICAL IMAGING IT MANAGER 2
6041,,CLINICAL IMAGING IT MANAGER 1
6042,,CLINICAL IMAGING IT SUPERVISOR 2
6043,,CLINICAL IMAGING IT SPECIALIST 4
6044,,CLINICAL INFORMATICS MANAGER 3
6045,,CLINICAL INFORMATICS MANAGER 2
6046,,CLINICAL INFORMATICS MANAGER 1
6047,,CLINICAL INFORMATICS SUPERVISOR 2
6048,,CLINICAL INFORMATICS SPECIALIST 5
6049,,CLINICAL INFORMATICS SPECIALIST 4
6050,,DATA SYSTEMS MANAGER 3
6051,,SYSTEMS ADMINISTRATION MANAGER 4
6052,,APPLICATIONS PROGRAMMING MANAGER 4
6053,,BUSINESS TECHNICAL SUPPORT MANAGER 3
6054,,BUSINESS TECHNICAL SUPPORT MANAGER 2
6055,,COMPENSATION SUPERVISOR 2
6056,,ETHICS AND CMPLNC MGR 4
6057,,ETHICS AND COMPLIANCE MANAGER 3
6058,,ETHICS AND COMPLIANCE MANAGER 2
6059,,ETHICS AND COMPLIANCE MANAGER 1
6060,,ETHICS AND COMPLIANCE PROFESSIONAL 5
6061,,ETHICS AND COMPLIANCE PROFESSIONAL 4
6062,,RECREATION MANAGER 2
6063,,DATA SYS MGR 4
6064,,CLINICAL APPLICATIONS MANAGER 4
6065,,APPLICATIONS PROGR 3 GF
6066,,AV IT ENGR 4 GF
6067,,BIOINFORMATICS PROGR 3 GF
6068,,BUS TCHL SUPP ANL 3 GF
6069,,BUS TCHL SUPP SUPV 2 GF
6070,,CLIN APPLICATIONS PROFL 3 GF
6071,,CLIN IMG IT SPEC 3 GF
6072,,CLIN INFORMATICS SPEC 3 GF
6073,,CMPTL DATA SCI RSCH SPEC 3 GF
6074,,COMM AND NETWORK TCHL ANL 3 GF
6075,,DATA SYS ANL 3 GF
6076,,DATABASE ADM 3 GF
6077,,DIGITAL COMMUNICATIONS SPECIALIST 4
6078,,INSTRUCTIONAL DESIGNER 4 GF
6079,,IT SCRTY ANL 3 GF
6080,,QA RELEASE MGT ANL 3 GF
6081,,TCHL PROJECT MGT PROFL 2 GF
6082,,USER EXP DESIGNER 3 GF
6083,1S,ACADEMIC PROGRAM MANAGER 1
6084,,PRODUCT DEV SUPV 2
6085,,REGISTRAR COLLECTION MANAGER 2
6086,,VICE DEAN FIN AND ADMIN SOM
6087,,DESIGN AND CONSTRUCTION MANAGER 2
6088,,DESIGN AND CONSTRUCTION MANAGER 1
6089,,IT ARCHITECT MANAGER 1
6090,,IT ARCHITECT SUPERVISOR 2
6091,,INV RISK DIR
6092,,PUBLICATIONS PROD SUPV 2 GF
6093,,LABOR REL MGR 4
6094,,DESIGN AND CONST MGR 4
6095,,ANIMAL CARE MANAGER 3
6096,,ANIMAL CARE MANAGER 2
6097,1S,FIELD VETERINARIAN 4
6098,1S,FIELD VETERINARIAN 3
6099,,PRINCIPAL ARTIST - SUPERVISOR
6100,,SENIOR ARTIST - SUPERVISOR
6101,,PRINCIPAL ARTIST
6102,3T,SENIOR ARTIST
6103,,ARTIST
6104,3T,COMPUTATIONAL AND DATA SCIENCE RESEARCH SPECIALIST 3
6105,,ARTIST SUPV
6106,,MANAGED CARE SUPERVISOR 2
6107,,ART MODEL
6108,,PRINCIPAL PRODUCER DIRECTOR - SUPERVISOR
6109,,SENIOR PRODUCER DIRECTOR - SUPERVISOR
6110,,PRINCIPAL ILLUSTRATOR - SUPERVISOR
6111,,PRINCIPAL ILLUSTRATOR
6112,,SENIOR ILLUSTRATOR
6113,,ILLUSTRATOR
6114,,ASSISTANT ILLUSTRATOR
6116,,K-12 EDUCATOR 4
6117,,K-12 EDUCATOR 3
6118,,CONSERVATOR 4
6119,,"SUPERVISOR, AUDIO-VISUAL AND PHOTOGRAPHIC SERVICES"
6121,,PRINCIPAL MEDICAL ILLUSTRATOR
6122,,SENIOR MEDICAL ILLUSTRATOR
6123,,MEDICAL ILLUSTRATOR
6127,4C,CURATOR 4
6129,,CURATORIAL SUPERVISOR 2
6130,,EXHIBITIONS SUPERVISOR 2
6131,,EXHIBITIONS SUPERVISOR 1
6132,,EXHIBITIONS SPECIALIST 4
6133,,K TO 12 EDUCATOR 2
6134,,K TO 12 EDUCATOR 1
6135,,MUSICIAN 1
6136,,MUSICIAN 2
6137,,MUSICIAN 3
6138,,MUSICIAN 4
6139,,CLINICAL REGISTRIES ANALYST 4
6140,,THEATRICAL PRODUCTION SUPR 1
6141,,THEATRICAL PRODUCTION SUPR 2
6142,,PERFORMING ARTIST 2
6143,,PERFORMING ARTIST 3
6144,,THEATER PRODUCTION SPEC 2
6145,,THEATER PRODUCTION SPEC 3
6146,,THEATER PRODUCTION SPECIALIST 4
6147,,INSTRUCTIONAL DESIGNER 4
6148,4C,INSTRUCTIONAL DESIGNER 3
6149,4C,INSTRUCTIONAL DESIGNER 2
6150,,INSTRUCTIONAL DESIGNER 1
6151,,REGISTRAR COLLECTION SUPR 2
6152,,REGISTRAR COLLECTION SUPERVISOR 1
6153,,REGISTRAR SUPERVISOR 2
6154,,REGISTRAR SUPERVISOR 1
6155,,REGISTRAR SPECIALIST 4
6156,,REGISTRAR SPECIALIST 3
6157,,REGISTRAR SPECIALIST 2
6191,,PRINCIPAL MUSICIAN
6192,,SENIOR MUSICIAN
6193,,MUSICIAN
6202,,PROJECTIONIST SR
6203,,PROJECTIONIST
6204,4C,RESEARCH ADMINISTRATOR 1
6205,4C,RESEARCH ADMINISTRATOR 2
6206,4C,RESEARCH ADMINISTRATOR 3
6207,4C,RESEARCH ADMINISTRATOR 4
6208,,REVENUE CYCLE HEALTHCARE SUPERVISOR 1
6209,,SPIRITUAL CARE HEALTHCARE SPECIALIST 4
6210,,CLINICAL REGISTRIES ANALYST 3
6211,,MANAGING PRODUCER-DIRECTOR
6212,,PRINCIPAL PRODUCER-DIRECTOR
6213,,SENIOR PRODUCER-DIRECTOR
6214,,PRODUCER-DIRECTOR
6215,,ASSISTANT PRODUCER-DIRECTOR
6216,4C,CONTRACTS AND GRANTS SUPERVISOR 2
6217,4C,CONTRACTS AND GRANTS SUPERVISOR 1
6218,,CLINICAL REGISTRIES ANALYST 2
6219,,PRINCIPAL PHOTOGRAPHER-SUPERVISOR
6220,,SENIOR PHOTOGRAPHER-SUPERVISOR
6221,,PRINCIPAL PHOTOGRAPHER
6222,,SENIOR PHOTOGRAPHER
6223,,PHOTOGRAPHER
6224,,MEDICAL LIBRARY HEALTHCARE PROFESSIONAL 4
6225,,MEDICAL LIBRARY HEALTHCARE PROFESSIONAL 3
6226,,SENIOR PHOTOGRAPHIC TECHNICIAN
6227,,PHOTOGRAPHIC TECHNICIAN
6228,,RESEARCH COMPLIANCE ANALYST 1
6229,,RESEARCH COMPLIANCE ANALYST 2
6230,,RESEARCH COMPLIANCE ANALYST 3
6231,,RESEARCH COMPLIANCE ANALYST 4
6232,,ETHICS AND COMPLIANCE PROFESSIONAL 3
6233,,RESEARCH COMPLIANCE SUPERVISOR 2
6234,,ETHICS AND COMPLIANCE PROFESSIONAL 2
6235,,ETHICS AND COMPLIANCE PROFESSIONAL 1
6236,,INTELLECTUAL PROPERTY OFFICER 1
6237,,INTELLECTUAL PROPERTY OFFICER 2
6238,,SUSTAINABILITY OFFICER 2
6239,,FIELD RESEARCHER 4
6240,2P,FIELD RESEARCH SUPERVISOR 1
6241,2P,FIELD RESEARCH SUPERVISOR 2
6242,,SECURITY SUPERVISOR 2
6243,3T,LAB INSTRUCTION SUPERVISOR 1
6244,3T,LAB INSTRUCTION SUPERVISOR 2
6245,,EMPLOYEE RELATIONS SUPERVISOR 2
6246,3T,LAB RESEARCH SUPERVISOR 1
6247,3T,LAB RESEARCH SUPERVISOR 2
6248,,ENERGY MANAGEMENT ANALYST 2
6249,3T,ANIMAL CARE SUPERVISOR 2
6250,3T,ANIMAL CARE SUPERVISOR 1
6251,4C,INDUSTRY ALLIANCE SPECIALIST 3
6252,,INDUSTRY ALLIANCE SPECIALIST 2
6253,,RECYCLING & REFUSE SERVICES SUPERVISOR 2
6254,,RECORDING TCHN
6255,3T,RESEARCH DATA ANALYST 1
6256,3T,RESEARCH DATA ANALYST 2
6257,3T,RESEARCH DATA ANALYST 3
6258,,EMPLOYMENT SUPERVISOR 2
6259,3T,SURVEY RESEARCH SUPERVISOR 1
6260,,SURVEY RESEARCH SUPERVISOR 2
6261,,ANIMAL CARE HOSPITAL SUPERVISOR 1
6262,3T,SURVEY RESEARCHER 2
6263,3T,SURVEY RESEARCHER 3
6264,,SURVEY RESEARCHER 4
6267,,LIBRARY PROFESSIONAL 3
6268,,LIBRARY PROFESSIONAL 4
6270,,USHER SUPERVISOR
6272,,USHER HEAD
6273,,USHER SR
6274,,USHER
6279,,HOUSE MGR 2 SUPV
6280,,HOUSE MGR 1 SUPV
6281,,HOUSE MANAGER SUPERVISOR
6282,,HOUSE MANAGER II
6283,,HOUSE MANAGER I
6284,,ASSISTANT HOUSE MANAGER
6286,,LIBRARY SUPERVISOR 1
6287,,LIBRARY SUPERVISOR 2
6290,4C,EVENTS SPECIALIST 1
6291,4C,EVENTS SPECIALIST 2
6292,4C,EVENTS SPECIALIST 3
6293,,EVENTS SPECIALIST 4
6294,,EVENTS SUPERVISOR 1
6295,,EVENTS SUPERVISOR 2
6297,,ALUMNI EXTERNAL RELATIONS SPECIALIST 1
6298,4C,ALUMNI EXTERNAL RELATIONS SPECIALIST 2
6299,4C,ALUMNI EXTERNAL RELATIONS SPECIALIST 3
6300,4C,ALUMNI EXTERNAL RELATIONS SPECIALIST 4
6301,4C,ALUMNI EXTERNAL RELATIONS SUPERVISOR 2
6304,,EVENTS COORDINATOR 3
6305,,EVENTS COORDINATOR 2
6306,,SENIOR PUBLIC INFORMATION REPRESENTATIVE - SUPERVISOR
6307,,SENIOR PUBLIC EVENTS MANAGER - SUPERVISOR
6308,,PRINCIPAL PUBLIC EVENTS MANAGER - SUPERVISOR
6309,,PUBL EVENTS MGR SUPV NEX
6310,,PUBLIC EVENTS MANAGER SUPERVISOR EXEMPT
6311,,PRINCIPAL PUBLIC EVENTS MANAGER
6312,,SENIOR PUBLIC EVENTS MANAGER
6313,,PUBLIC EVENTS MANAGER
6314,,ASSISTANT PUBLIC EVENTS MANAGER
6315,,PUBL EVENTS MGR AST SUPV
6316,,WARDROBE TCHN PRN
6317,,SENIOR WARDROBE TECHNICIAN
6318,,WARDROBE TECHNICIAN
6319,,SENIOR WARDROBE TECHNICIAN - SUPERVISOR
6328,,THEATER PROD PRN SUPV
6329,,SENIOR SCENE TECHNICIAN - SUPERVISOR
6331,,THEATRE PRODUCTION SUPERVISOR
6332,,SENIOR SCENE TECHNICIAN
6333,,SCENE TECHNICIAN
6334,,ASSISTANT SCENE TECHNICIAN
6335,,PRINCIPAL SCENE TECHNICIAN
6336,,SENIOR SCENE TECHNICIAN PER DIEM
6337,,SCENE TECHNICIAN PER DIEM
6338,,SCENE TCHN AST PD
6344,,STAGE HELPER
6345,,QLTY IMPV HC SPEC 3 HX GF
6346,,FINANCIAL ANL 3 CX GF
6347,,FINANCIAL ANL 4 CX
6348,,FINANCIAL SVC ANL 4 CX GF
6349,,HEALTH PROFNS EDUC SPEC 4 CX G
6350,,SYS INTEGRATION ENGR 4 TX
6351,,SYS INTEGRATION ENGR 5 TX
6352,,ACAD PRG MGT OFCR 3 RP GF
6353,,BIOINFORMATICS PROGR 3 RP GF
6354,,PROJECT MGT PROFL 3 RP GF
6355,,PROJECT POLICY ANL 3 RP GF
6356,,PROJECT POLICY ANL 4 RP GF
6357,,RSCH ADM 4 RP GF
6358,,RSCH CMPLNC ANL 4 RP GF
6359,,CLIN APPL TRAINER 4 HX
6360,,CLIN APPL TRAINER 5 HX
6361,,CLIN INFORMATICS SPEC 4 HX
6362,,CLIN INFORMATICS SPEC 5 HX
6363,,CONST INSP 4 TX
6364,,CONST INSP 5 TX
6365,,IT SCRTY ANL 4 TX
6366,,IT SCRTY ANL 5 TX
6367,,IT ARCHITECT 4 TX
6368,,IT ARCHITECT 5 TX
6405,,VOLUNTEER SVC SUPV 2
6447,,PROGRAM REPRESENTATIVE III - SUPERVISOR
6448,,PROGRAM REPRESENTATIVE II - SUPERVISOR
6449,,PRG REPR SUPV
6451,,PROGRAM REPRESENTATIVE I - SUPERVISOR
6452,3T,PROGRAM REPRESENTATIVE III
6453,3T,PROGRAM REPRESENTATIVE II
6454,3T,PROGRAM REPRESENTATIVE I
6464,,MED AST 3 PD
6465,,ARTS AND LECTURES MANAGER SUPERVISOR
6466,,ARTS AND LECTURES MANAGER
6467,1S,VETERINARIAN 5
6468,,INV FELLOW ANL 1
6469,,AMBULATORY CARE ADMINISTRATION MANAGER 4
6470,,AMBULATORY CARE ADMINISTRATION MANAGER 3
6471,,AMBULATORY CARE ADMINISTRATION MANAGER 2
6472,,AMBULATORY CARE ADMINISTRATION MANAGER 1
6473,,AMBULATORY CARE PATIENT MANAGER 2
6474,,AMBULATORY CARE PATIENT MANAGER 1
6475,,AMBULATORY CARE PATIENT SUPERVISOR 2
6476,,CASE MGT HC MGR 3
6477,,CASE MANAGEMENT HEALTHCARE MANAGER 2
6478,,CASE MANAGEMENT HEALTHCARE MANAGER 1
6479,,CASE MANAGEMENT HEALTHCARE SUPERVISOR 2
6480,,CLINICAL NURSING OR ADVANCED PRACTITIONER SPECIALIST 5
6481,,CLINICAL NURSING OR ADVANCED PRACTITIONER SPECIALIST 4
6482,,CLINICAL DOCUMENTATION MANAGER 1
6483,,CLINICAL DOCUMENTATION SUPERVISOR 2
6484,,CLINICAL DOCUMENTATION SPECIALIST 4
6485,,CLIN NURSE EDUC MGR 3
6486,,CLINICAL NURSING EDUCATOR MANAGER 2
6487,,CLINICAL NURSING EDUCATOR MANAGER 1
6488,,CLINICAL NURSING EDUCATOR 5
6489,,CLINICAL NURSING EDUCATOR 4
6490,,CLINICAL REGISTRIES MANAGER 1
6491,,ENERGY MANAGER 2
6492,,HOME HEALTH MANAGER 2
6493,,HOME HEALTH MANAGER 1
6494,,HOME HEALTH SUPERVISOR 2
6495,,INFECTION PREVENTION MANAGER 2
6496,,INFECTION PREVENTION MANAGER 1
6497,,INFECTION PREVENTION SUPERVISOR 2
6498,,INFECTION PREVENTION COORDINATOR 5
6499,,INFECTION PREVENTION COORDINATOR 4
6500,,MARKETING MANAGER 3
6501,,LAUNDRY MGR 1
6502,,MATERIALS MANAGEMENT HEALTHCARE MANAGER 2
6503,,MATERIALS MANAGEMENT HEALTHCARE MANAGER 1
6504,,NURSING SERVICES MANAGER 4
6505,,NURSING SERVICES MANAGER 3
6506,,NURSING SERVICES MANAGER 2
6507,,NURSING SERVICES MANAGER 1
6508,,NURSING SERVICES SUPERVISOR 2
6509,,NUTRITION AND DIETARY HEALTHCARE MANAGER 2
6510,,NUTRITION AND DIETARY HEALTHCARE MANAGER 1
6511,,OPTOMETRY SUPERVISOR 2
6512,,PATIENT NAVIGATOR NON CLINICAL 4 MSP
6513,,PATIENT SAFETY MANAGER 2
6514,,PATIENT SAFETY MANAGER 1
6515,,PATIENT SAFETY SUPERVISOR 2
6516,,PATIENT SAFETY PROFESSIONAL 5
6517,,PATIENT SAFETY PROFESSIONAL 4
6518,,TRAINING DEV MGR 3
6519,,QLTY IMPV HC MGR 4 MD
6520,,QLTY IMPV HC MGR 3
6521,,QUALITY IMPROVEMENT HEALTHCARE MANAGER 2
6522,,QUALITY IMPROVEMENT HEALTHCARE MANAGER 1
6523,,QUALITY IMPROVEMENT HEALTHCARE SUPERVISOR 2
6524,,QUALITY IMPROVEMENT HEALTHCARE SPECIALIST 5
6525,,QUALITY IMPROVEMENT HEALTHCARE SPECIALIST 4
6526,,REGL HC MGR 4
6527,,REGULATORY AND COMPLIANCE HEALTHCARE MANAGER 3
6528,,REGULATORY AND COMPLIANCE HEALTHCARE MANAGER 2
6529,,REGULATORY AND COMPLIANCE HEALTHCARE MANAGER 1
6530,,REGULATORY AND COMPLIANCE HEALTHCARE SPECIALIST 5
6531,,REGULATORY AND COMPLIANCE HEALTHCARE SPECIALIST 4
6532,,SECURITY MANAGER 2
6533,,SECURITY MANAGER 1
6534,,SOCIAL WORK HEALTHCARE MANAGER 2
6535,,SOCIAL WORK HEALTHCARE MANAGER 1
6536,,SOCIAL WORK HEALTHCARE SUPERVISOR 2
6537,,TRANSPLANT MGR 3
6538,,PATIENT ACCESS SERVICES MANAGER 3
6539,,UTILIZATION MANAGEMENT MANAGER 1
6540,,UTILIZATION MANAGEMENT SUPERVISOR 2
6541,,NURSING PRACTITIONER MANAGER 1
6542,,NURSING PRACTITIONER SUPERVISOR 2
6543,,CUSTODIAL MANAGER 2
6544,,AMBUL CARE ADMSTN SUPV 2 GF
6545,4C,COMMUNICATIONS SUPERVISOR 2
6547,,EVENTS SPEC 4 GF
6548,,MARKETING SPEC 4 GF
6549,,FAC PROJECT MGT SPEC 3 GF
6550,,ADMIN OFCR 3 GF
6551,,EXEC ADVISOR 3 GF
6552,,CLIN DOC SPEC 3 GF
6553,,QLTY IMPV HC SPEC 3 GF
6554,,INFECTION PREVENTION CRD 2 GF
6555,,INFECTION PREVENTION CRD 3 GF
6556,,PAT SFTY PROFL 3 GF
6557,,TREASURY ANL 4
6558,,CASH MGR 4
6559,,HEALTH PROFESSIONS EDUCATION MANAGER 3
6560,,HEALTH PROFESSIONS EDUCATION MANAGER 2
6561,,HEALTH PROFESSIONS EDUCATION MANAGER 1
6562,,ENERGY MANAGER 1
6563,,ATHLETICS MANAGER 4 PAC12
6564,,ATHLETICS MANAGER 3 PAC12
6565,,ATHLETICS MANAGER 2 PAC12
6566,,ATHLETICS MANAGER 1 PAC12
6567,,CLINICAL LAB MANAGER 2
6568,,CLINICAL LAB MANAGER 1
6569,,CLINICAL LAB SUPERVISOR 2
6570,,CLINICAL RESEARCH MANAGER 2
6571,,CLINICAL RESEARCH MANAGER 1
6572,,CLINICAL RESEARCH ANALYST 5
6573,,CLINICAL ENGINEERING MANAGER 2
6574,,CLINICAL ENGINEERING MANAGER 1
6575,,CLINICAL ENGINEERING SUPERVISOR 2
6576,,PROFESSIONAL ENGINEERING MANAGER 2
6577,,PROFESSIONAL ENGINEERING MANAGER 1
6578,,PROFESSIONAL ENGINEERING 5
6579,,PROFESSIONAL ENGINEERING 4
6580,,REVENUE CYCLE HEALTHCARE MANAGER 2
6581,,MEDICAL LIBRARY HEALTHCARE PROFESSIONAL 5
6582,,PATIENT BILL AND COLL MANAGER 2
6583,,PATIENT BILL AND COLL MANAGER 1
6584,,PATIENT CASHIERING MANAGER 1
6585,,PLNG MGR 4
6586,,PRIVACY AND COMPLIANCE HEALTHCARE MANAGER 2
6587,,PRIVACY AND COMPLIANCE HEALTHCARE MANAGER 1
6588,,PRIVACY AND COMPLIANCE HEALTHCARE PROFESSIONAL 5
6589,,PRIVACY AND COMPLIANCE HEALTHCARE PROFESSIONAL 4
6590,,PSYCHIATRIC SVC HC MGR 2
6591,,PSYCHIATRIC SVC HC MGR 1
6592,,RADIOLOGIC SERVICES MANAGER 2
6593,,RADIOLOGIC SERVICES MANAGER 1
6594,,RADIOLOGIC SERVICES SUPERVISOR 2
6595,,REAL ESTATE MANAGER 3
6596,,REAL ESTATE MANAGER 2
6597,,REAL ESTATE MANAGER 1
6598,,REGULATORY AND COMPLIANCE HEALTHCARE SUPERVISOR 2
6599,,REHABILITATION SERVICES MANAGER 2
6600,,REHABILITATION SERVICES MANAGER 1
6601,,REHABILITATION SERVICES SUPERVISOR 2
6602,,REIMBURSEMENT HEALTHCARE MANAGER 2
6603,,REIMBURSEMENT HEALTHCARE MANAGER 1
6604,,REIMBURSEMENT HEALTHCARE SUPERVISOR 2
6605,,REIMBURSEMENT HEALTHCARE ANALYST 5
6606,,RESPIRATORY CARE MANAGER 2
6607,,RESPIRATORY CARE MANAGER 1
6608,,RESPIRATORY CARE SUPERVISOR 2
6609,3T,RESEARCH DATA ANALYST 5
6610,3T,RESEARCH DATA ANALYST 4
6611,,RESEARCH GRANT PROGRAM MANAGER 1
6612,,TRANSIT SERVICES MANAGER 2
6613,,INDUSTRY ALLIANCE MANAGER 2
6614,,INDUSTRY ALLIANCE MANAGER 1
6615,,INDUSTRY ALLIANCE SUPERVISOR 2
6616,,INDUSTRY ALLIANCE SPECIALIST 5
6617,4C,INDUSTRY ALLIANCE SPECIALIST 4
6618,,REVENUE CYCLE HEALTHCARE MANAGER 1
6619,,REVENUE CYCLE HEALTHCARE SUPERVISOR 2
6620,,PHARMACY MANAGER 2
6621,,PHARMACY MANAGER 1
6622,,PHARMACY SUPERVISOR 2
6623,,CARDIOVASCULAR MANAGER 2
6624,,CARDIOVASCULAR MANAGER 1
6625,,CARDIOVASCULAR SUPERVISOR 2
6626,,CLINICAL ENGINEERING 5
6627,,CLINICAL ENGINEERING 4
6628,,DIGITAL COMMUNICATIONS MANAGER 2
6629,,DATA ANALYSIS SUPERVISOR 2
6630,,TAX CMPLNC ANL 4
6631,,ACAD PRG MGT OFCR 3 GF
6632,,ADMIN SUPV 2 GF
6633,,ALUMNI EXTERNAL REL SPEC 4 GF
6634,,ALUMNI EXTERNAL REL SPEC 3 GF
6635,,RSCH DATA ANL 3 GF
6636,,AMBUL CARE ADMSTN CRD 4 GF
6637,,CLIN RSCH ANL 4 GF
6638,,CONTRACTS AND GRANTS SUPV 2 GF
6639,,CONTRACTS AND GRANTS SUPV 1 GF
6640,,CNSLNG PSYCHOLOGIST 3 GF
6641,,EHS SPEC 3 GF
6642,,ENERGY MGT ANL 3 GF
6643,,BENEFITS SUPV 2 GF
6644,,PAYROLL SUPV 2 GF
6645,,FAC MGT SPEC 3 GF
6646,,RESPIRATORY CRE SPECIALIST 4
6647,,FAC SUPV 1 GF
6648,,FINANCIAL ANL 3 GF
6649,,FINANCIAL SVC ANL 4 GF
6650,,LANGUAGE ASSISTANT
6651,,MEDICAL ESTHETICIAN 3
6652,,SENIOR LINGUISTIC INTERPRETER
6653,,LINGUISTIC INTERPRETER
6677,,READER FOR THE BLIND
6678,,STOREKEEPING SUPV 2
6680,,INTERPRETER/TRANSLATOR FOR THEDEAF
6681,,CART CAPTIONIST
6682,,CART CAPTIONIST PD
6693,,TRANSLATOR-NONTECHNICAL
6694,3T,TRANSLATOR-TECHNICAL
6695,4C,PER DIEM TRANSLATOR
6732,,BIBLIOGRAPHER II
6733,,BIBLIOGRAPHER I
6757,,LIBRARY ASSISTANT V - SUPERVISOR
6758,,LIBRARY ASSISTANT V
6759,,LIBRARY ASSISTANT IV
6760,,LIBRARY ASSISTANT III
6761,,LIBRARY ASSISTANT II
6762,4C,LIBRARY ASSISTANT I
6763,,CLINICAL ENGINEERING 3
6764,,CLINICAL ENGINEERING 2
6765,,LIBRARY ASSISTANT IV - SUPERVISOR
6766,,LIBRARY ASSISTANT III - SUPERVISOR
6767,,LIBRARY ASSISTANT II - SUPERVISOR
6768,,REIMBURSEMENT HEALTHCARE ANALYST 4
6769,,REIMBURSEMENT HEALTHCARE ANALYST 3
6770,,REIMBURSEMENT HEALTHCARE ANALYST 2
6771,,REIMBURSEMENT HEALTHCARE ANALYST 1
6772,,SENIOR LIBRARY BOOKMENDER
6773,,LIBRARY BOOKMENDER
6774,,CLINICAL APPLICATIONS TRAINER 3
6775,,CLINICAL APPLICATIONS TRAINER 2
6776,,SENIOR LIBRARY BOOKMENDER - SUPERVISOR
6777,,TRANSPLANT SUPERVISOR 2
6778,,VENDOR RELATIONS SPECIALIST 5
6779,,PARKING AND TRANSPORT MGR 3
6780,,PARKING AND TRANSPORTATION MANAGER 2
6781,,ALUMNI EXTERNAL REL MGR 4
6782,,FEDERAL GOVT REL MGR 3
6783,,ADVOCACY MANAGER 1
6784,,PROSPECT RESEARCH MANAGER 2
6785,,PROSPECT RESEARCH MANAGER 1
6786,,PROSPECT RESEARCH SPECIALIST 5
6787,,PROSPECT RESEARCH SPECIALIST 4
6788,,CLINICAL PROFESSIONAL SERVICES MANAGER 4
6789,,CLINICAL PROFESSIONAL SERVICES MANAGER 3
6790,,CLINICAL PROFESSIONAL SERVICES MANAGER 2
6791,,CLINICAL DOCUMENTATION MANAGER 2
6792,,DOSIMETRY MANAGER 1
6793,,PROVIDER ENROLLMENT MANAGER 1
6794,,BUSINESS INTELLIGENCE SPECIALIST 4
6795,,ACUPUNCTURIST 3 GF
6796,,BUS DEV HC PROFL 3 GF
6797,,PATHOLOGY AST 3 GF
6798,,DECISION SUPP SPEC 3 GF
6799,,LAB PROCESSING SUPV 2 GF
6800,,LACTATION CONSULTANT 3 GF
6801,,PAT ACCESS SVC SUPV 2 GF
6802,,PHYSCN NETWORK DEV SPEC 3 GF
6803,,BUS INTEL SPEC 3 GF
6804,,MED STF SVC SPEC 4 GF
6805,,MED LIBRARY HC PROFL 3 GF
6806,,CLIN ENGR 3 GF
6807,,REVENUE CYCLE HC ANL 3 GF
6808,,BEH HEALTH COUNSELOR 4 GF
6809,,SUSTAINABILITY MANAGER 2
6810,,SUSTAINABILITY MANAGER 1
6811,,BEHAVIORAL HEALTH COUNSELING SUPERVISOR 2
6812,,FLEET SERVICES MANAGER 1
6813,,STUDENT LEGAL SERVICES ADVISOR 4
6814,,PRIVACY AND COMPLIANCE HEALTHCARE SUPERVISOR 2
6815,,PUBLICATIONS PROD MGR 4
6816,,ENERGY MANAGEMENT SUPERVISOR 2
6817,,MARKETING SPEC 3 GF
6818,,ENTERPRISE RISK MGT ANL 4 GF
6819,,RSCH GNT PRG MGR 3
6820,,HEALTH INFORMATION MANAGEMENT MANAGER 3
6821,,POPULATION HEALTH SPECIALIST 5
6822,,PATIENT NAVIGATOR CLINICAL 4
6823,,PATIENT SUPPORT SERVICES MANAGER 1
6824,,MEDICAL PHYSICS MANAGER 1
6825,,NURSE ANESTHETIST MANAGER 1
6826,3T,LABORATORY RESEARCH MANAGER 1
6827,,MARINE OPS MGR 4
6828,,PERFUSION SUPERVISOR 2
6829,,PATIENT NAVIGATOR CLINICAL SUPERVISOR 2
6830,,RADLG SVC MGR 3
6831,,CLIN NURSE EDUC 3 GF
6832,4C,ACADEMIC PROGRAM MANAGEMENT SUPERVISOR 2
6833,,UTILIZATION MANAGEMENT MANAGER 2
6834,,MEDICAL PHYSICS SUPERVISOR 2
6835,,CARDIOVASCULAR MGR 3
6836,,ANATOMICAL SERVICES MANAGER 1
6837,,HR MGR 4 GF
6838,,OMBUDSPERSON 4 GF
6839,,IT ARCHITECT 3 GF
6840,,EVENTS SPEC 3 GF
6841,,IP OFCR 2 GF
6842,,CUSTODIAL HEALTHCARE MANAGER 2
6843,,RESPIRATORY CARE SPECIALIST 5
6844,,DENTIST SHS SUPV 2
6845,,CUSTODIAL HEALTHCARE MANAGER 1
6846,,MEDICAL PHYSICS SPECIALIST 5
6847,,RESP CARE MGR 3
6848,,COMPENSATION MGR 3
6849,,PAT ACCESS SVC MGR 4
6850,,HOUSE SHIFT ADMINISTRATOR 5
6851,,SUPPLY CHAIN MANAGER 4
6852,,SUPPLY CHAIN MANAGER 3
6853,,SUPPLY CHAIN MANAGER 2
6854,,HOUSE SHIFT ADMIN 5 NEX
6855,,FAC MGR 4
6858,,HR SUPV 2 GF
6859,,LEAVE OF ABSENCE MANAGER 1
6860,,HOUSE SHIFT ADMINISTRATOR 4 NEX
6861,,HEALTH PLAN ADMIN MGR 3
6862,,NATUROPATHIC DOCTOR EX
6863,,NATUROPATHIC DOCTOR NEX
6864,,CONTRACT ADM 3 GF
6865,,ADVANCED PRACTICE MANAGER 3
6866,,HOUSE SHIFT ADMIN 4
6867,,STOREKEEPING SUPV 2 GF
6868,,SALES SUPV 2 GF
6869,,MARKETING SUPV 2 GF
6870,,NURSE ANESTHETIST SUPV 2
6871,,NEURODIAGNOSTIC SERVICES MANAGER 2
6872,,CLINICAL PROFESSIONAL SERVICES MANAGER 1
6873,,CLINICAL APPLICATIONS TRAINING MANAGER 1
6874,,CLINICAL APPLICATIONS TRAINER 5
6875,,CLINICAL APPLICATIONS TRAINER 4
6876,,CLIN APPL TRAINER 3 GF
6877,,MEDIA COMM SUPV 2
6878,,NURSE ANESTHETIST SUPV 2 NEX
6879,,ATH TRAINER 4 GF
6880,,ATH PROFL 4 GF
6881,,GENETIC CNSLNG HC MGR 2
6882,,REAL ESTATE OFCR 3 GF
6883,,PUBL EDUC SPEC 5
6884,,STOREKEEPING MGR 1
6885,,PAT REL MGR 4
6886,,BUS INTEL MGR 4
6887,,PERFUSION SUPV 2 EX
6888,,WRITER EDITOR 3 GF
6889,,CAREER SVC SPEC 4 GF
6890,,CAREER SVC SUPV 2 GF
6891,,FINANCIAL AID OFCR 4 GF
6892,,FINANCIAL AID SUPV 2 GF
6893,,STDT LIFE DEVT SUPV 2 GF
6894,,STDT SVC SUPV 2 GF
6895,,RECORDS SUPV 1 GF
6896,,SKLD CRAFTS TRADES SUPV 2 GF
6897,,RECR COACH 3 GF
6898,,CURATOR 4 GF
6899,,REGISTRAR COLL SUPV 2 GF
6900,,PRINCIPAL ARCHITECTURAL ASSOCIATE - SUPERVISOR
6901,,ARCHITECT ASSOCIATE SUPERVISOR NON-EXEMPT
6902,,PRINCIPAL ARCHITECTURAL ASSOCIATE
6903,,ARCHITECTURAL ASC SR SUPV
6904,,SENIOR ARCHITECTURAL ASSOCIATE
6905,,ARCHITECTURAL ASSOCIATE NON-EXEMPT
6910,,CUSTOMER SERVICE REPRESENTATIVE SUPERVISOR
6911,4C,PROCUREMENT SUPERVISOR 1
6912,,PROCUREMENT SUPERVISOR 2
6913,,CUSTOMER SERVICE SUPERVISOR 1
6914,,CUSTOMER SERVICE SUPERVISOR 2
6915,,CUSTOMER SERVICE REPRESENTATIVE 3
6916,,CUSTOMER SERVICE REPRESENTATIVE 2
6917,,CUSTOMER SERVICE REPRESENTATIVE 1
6918,,PATIENT NAVIGATOR CLINICAL 3
6936,,QA/RELEASE MANAGEMENT ANALYST 1
6937,,QA/RELEASE MANAGEMENT ANALYST 2
6938,,QA/RELEASE MANAGEMENT ANALYST 3
6939,,PATIENT NAVIGATOR NON CLINICAL 4
6940,4C,PAYROLL SUPERVISOR 1
6941,,PAYROLL SUPERVISOR 2
6942,,PAYROLL ANALYST 1
6943,,PAYROLL ANALYST 2
6944,,PAYROLL ANALYST 3
6945,,PAYROLL ANALYST 4
6946,,INSTITUTIONAL RESEARCH ANALYST 1
6947,,INSTITUTIONAL RESEARCH ANALYST 2
6948,,INSTITUTIONAL RESEARCH ANALYST 3
6949,,INSTITUTIONAL RESEARCH ANALYST 4
6950,,ARTHITECT SUPERVISOR
6952,,SENIOR ARCHITECT - SUPERVISOR
6953,,SENIOR ARCHITECT
6954,,ASSOCIATE ARCHITECT EXEMPT
6955,,ASSOCIATE ARCHITECT SUPERVISOR EXEMPT
6956,,FACILITIES PROJECT SUPERVISOR 2
6957,,FACILITIES SUPERVISOR 2
6959,,FAC REQUIREMENTS ANL SR SUPV
6960,,EDUCATIONAL FACILITY PLANNER SUPERVISOR
6961,,SENIOR EDUCATIONAL FACILITIES PLANNER SUPERVISOR
6962,,SENIOR EDUCATIONAL FACILITY PLANNER
6963,,EDUCATIONAL FACILITY PLANNER
6964,,SENIOR FACILITY REQUIREMENTS ANALYST
6965,,FACILITY REQUIREMENTS ANALYST
6966,,FACILITY REQUIREMENTS ANALYST SUPERVISOR
6967,,SENIOR PLANNER
6968,,ASSOCIATE PLANNER
6969,,ASSISTANT PLANNER
6970,,PLANNER SUPERVISOR
6971,,PLNR AST SUPV
6972,,PLNR SR SUPV
6973,,PLNR ASC SUPV
6974,,"PROJECT MANAGER, DESIGN AND CONSTRUCTION I"
6975,,"PROJECT MANAGER, DESIGN AND CONSTRUCTION II"
6976,,"PROJECT MANAGER, DESIGN AND CONSTRUCTION III"
6977,,"PROJECT MANAGER, DESIGN AND CONSTRUCTION IV"
6978,,"PROJECT MANAGER, DESIGN AND CONSTRUCTION V"
6979,,DESIGN AND CONSTRUCTION MANAGEMENT SPECIALIST 3
6980,,DESIGN AND CONSTRUCTION MANAGEMENT SPECIALIST 2
7001,,CONST INSP SR SUPV
7002,,SENIOR CONSTRUCTION INSPECTOR
7003,,ASSOCIATE CONSTRUCTION INSPECTOR
7004,,ASSISTANT CONSTRUCTION INSPECTOR
7006,,"Mgr, Facilities Mgmt LAK"
7007,,"Dir, Plant Operations LOM"
7008,,"Dir, Plant Operations PLA"
7009,,"Mgr, Marketing LAK"
7010,,"Mgr, Marketing LOM"
7011,,"Dir, Hospital Marketing FVR"
7012,,"Mgr, Human Resources PLA"
7013,,Controller FVR
7014,,Controller LAK
7015,,Controller LOM
7018,,"Spc, Cin Doc I FVR"
7019,,"Spc, Cin Doc I LAK"
7020,,"Spc, Cin Doc I LOM"
7021,,"Clinical, Educ - Peri-Op LOM"
7022,,"Clinical, Educ-Crtc Care LOM"
7023,,"Educator, Clinical LOM-1"
7024,,"Educator, Clinical LOM-0"
7025,,"Educator, Clinical LOM-2"
7026,,"Clinical, Educ-Med Surg LOM"
7027,,"Analyst, Quality/PI LOM"
7028,,"Analyst, Quality/PI PLA"
7029,,"Cord, Quality/PI LAK"
7030,,"Cord, Quality/PI LOM-1"
7031,,"Cord, Quality/PI LOM-3"
7032,,Pharmacy Resident PGY I FVR
7033,,"Supv, Sterile Processing FVR"
7034,,"Supv, Sterile Processing LOM"
7035,,"Supv, Sterile Processing PLA"
7036,,"Analyst, Charge Capture PLA"
7037,,"Supv, Central Supply LOM"
7038,,"Supv, Supply Chain FVR"
7039,,"Supv, Patient Access LAK"
7040,,"Supv, Patient Access LOM"
7041,,"Supv, Pharmacy Tech FVR"
7042,,"Spc, Billing FVR-1"
7043,,"Spc, Billing FVR-0"
7044,,"Cashier, Business Office LOM"
7045,,"Cord, Clinical LAK"
7046,,"Cord, Clinical LOM"
7047,,"Cord, OR RN LOM"
7048,,"Cord, Practice LOM"
7049,,"Cord, Pt & Family Exp FVR"
7050,,LANDSCAPE ARCHITECT SUPERVISOR
7051,,PATIENT RELATIONS SUPERVISOR 1
7052,,SENIOR LANDSCAPE ARCHITECT
7053,,ASSOCIATE LANDSCAPE ARCHITECT
7054,,ASSISTANT LANDSCAPE ARCHITECT
7055,,LANDSCAPE ARCHITECT ASC SUPV
7056,,LANDSCAPE ARCHITECT SR SUPV
7057,,LANDSCAPE ARCHITECT AST SUPV
7058,,Charge Description Coordinator
7059,,"Cord, Staffing FVR-2"
7060,,"Cord, Staffing LOM"
7061,,"Rep, Fin Counselor I LAK-1"
7062,,"Rep, Fin Counselor I LAK-0"
7063,,"Rep, Fin Counselor I LOM"
7064,,"Spc, Financial LAK"
7065,,"Cord, Office FVR-5"
7066,,"Cord, Office FVR-3"
7067,,"Cord, Office FVR-2"
7068,,"Cord, Office LAK-0"
7069,,"Cord, Office LOM"
7070,,"Cord, Office PLA"
7071,,"Cord, Supply Chain FVR"
7072,,"Cord, Supply Chain LOM"
7073,,"Cord, Supply Chain PLA"
7074,,Operator LOM
7075,,Receptionist FVR-0
7076,,Receptionist FVR-1
7077,,FACILITIES PROJECT MANAGEMENT SPECIALIST 2
7078,4C,FACILITIES PROJECT MANAGEMENT SPECIALIST 3
7079,,TRAVEL MGT OFCR 2
7080,,STDT ACAD ADVISOR 1
7081,,SALES SPEC 1
7082,,PLANNING SPECIALIST 2
7083,,PLANNING SPECIALIST 3
7084,,QLTY AND PERF METRICS SUPV 2
7085,,NON EVALUATED PSS EXEMPT
7086,,NON EVALUATED PSS NON-EXEMPT
7087,,Receptionist LOM-1
7088,,"Supv, Hosp Coding Ipt/Op LOM"
7089,,"Admin, Clinical Systems LAK"
7090,,"Admin, Clinical Systems LOM"
7091,,"Analyst, General/Data LOM"
7092,,"Analyst, OR Systems PLA"
7093,,"Tech, Distrubution LAK-0"
7094,,"Tech, Distrubution LOM-0"
7095,,"Cord, Credentialing FVR"
7096,,"Cord, Credentialing LAK"
7097,,"Cord, Credentialing LOM-1"
7098,,"Cord, Credentialing LOM-0"
7099,,"Cord, Medical Staff Svcs FVR"
7100,,PRINCIPAL DRAFTING TECHNICIAN - SUPERVISOR
7101,,PRINCIPAL DRAFTING TECHNICIAN
7102,,SENIOR DRAFTING TECHNICIAN
7103,,DRAFTING TECHNICIAN
7104,,"Cord, Medical Staff Svcs LAK"
7105,,"Cord, Medical Staff Svcs PLA"
7106,,"Dir, Hospital HIM FVR"
7107,,"Dir, Hospital HIM PLA"
7108,,"Dir, Medical Staff Svcs FVR"
7109,,"Dir, Medical Staff Svcs LAK"
7110,,SENIOR TV ENGINEER - SUPERVISOR
7111,,TELEVISION ENGR SUPV
7112,,SENIOR TELEVISION ENGINEER
7113,,TELEVISION ENGINEER
7114,,RECR THER 3 EX
7115,,AEROSPACE ENGINEER 2
7117,,RECR THER 3 PD
7118,,R&D ENGINEER 1
7119,3T,R&D ENGINEER 2
7120,3T,R&D ENGINEER 3
7121,,RECR THER 2 PD
7122,,ENGINEERING TECH SUPR 2
7123,4C,FINANCIAL ANALYSIS SUPERVISOR 2
7124,,STRUCTURAL ENGR 3
7125,,"Dir, Medical Staff Svcs LOM"
7126,,"Dir, Medical Staff Svcs PLA"
7127,,"Dir, Pat Access Site I LAK"
7128,,"Dir, Pat Access Site I LOM"
7129,,"Mgr, Patient Experience FVR"
7130,,ENVIRONMENTAL HEALTH & SAFETY SPECIALIST I - SUPERVISOR
7131,,ENVIRONMENTAL HEALTH & SAFETY SPECIALIST SUPERVISOR
7132,,"ENVIRONMENTAL, HEALTH AND SAFETY SPECIALIST III"
7133,,"ENVIRONMENTAL, HEALTH AND SAFETY SPECIALIST 1 EXEMPT"
7134,,ASSISTANT ENVIRONMENTAL HEALTHAND SAFETY SPECIALIST
7135,,"ENVIRONMENTAL, HEALTH AND SAFETY SPECIALIST 2 EXEMPT"
7136,,ENVIRONMENTAL HEALTH AND SAFETY SPECIALIST III SUPERVISOR
7137,,ENVIRONMENTAL HEALTH & SAFETY SPECIALIST II SUPERVISOR
7138,,EHS SPEC 4
7139,,PROSPECT RESEARCH SPECIALIST 3
7140,,PROSPECT RESEARCH SPECIALIST 2
7141,,PRINCIPAL ENVIRONMENTAL HEALTHAND SAFETY TECHNICIAN
7142,,SENIOR ENVIRONMENTAL HEALTH AND SAFETY TECHNICIAN
7143,,ENVIRONMENTAL HEALTH AND SAFETY TECHNICIAN
7144,,"ENVIRONMENTAL, HEALTH AND SAFETY SPECIALIST 1 NON-EXEMPT"
7145,4C,"ENVIRONMENTAL, HEALTH AND SAFETY SPECIALIST 2 NON-EXEMPT"
7146,4C,EH&S SPECIALIST 3
7147,,ATH SUPV 1
7148,,EH&S SUPERVISOR 1
7149,,LACTATION CONSULTANT BYA
7150,,ENGINEER SUPERVISOR
7151,,ASSISTANT ENGINEER - SUPERVISOR
7152,,SENIOR ENGINEER
7153,2P,ASSOCIATE ENGINEER
7154,,ASSISTANT ENGINEER
7155,,JUNIOR ENGINEER
7156,,ASSOCIATE ENGINEER - SUPERVISOR
7157,,SENIOR ENGINEER - SUPERVISOR
7158,,ENGR JR SUPV
7159,,PROVIDER ENROLLMENT PROFESSIONAL 4
7160,,PROVIDER ENROLLMENT PROFESSIONAL 3
7161,,PRINCIPAL ENGINEERING AID
7162,,SENIOR ENGINEERING AID
7163,,ENGINEERING AID
7164,,"Therapist, Physical LAK-0"
7165,,"Mgr, Risk Management LOM"
7166,,"Mgr, Clin Informatics LAK"
7167,,"Mgr, Clin Informatics PLA"
7168,,"Mgr, Imaging Informatics LOM"
7169,,"Cord, Case Mgmt FVR"
7170,3T,DEVELOPMENT TECHNICIAN V
7171,3T,DEVELOPMENT TECHNICIAN IV
7172,3T,DEVELOPMENT TECHNICIAN III
7173,3T,DEVELOPMENT TECHNICIAN II
7174,,DEV TCHN 1
7175,,DATABASE ADMINISTRATOR 1
7176,3T,DATABASE ADMINISTRATOR 2
7177,,DATABASE ADMINISTRATOR 3
7178,,SHIP OPERATIONS SUPERVISOR 2
7179,,SALES SUPERVISOR 2
7180,,INSPECTOR SUPERVISOR 1
7181,,SENIOR DEVELOPMENT ENGINEER
7182,3T,ASSOCIATE DEVELOPMENT ENGINEER
7183,3T,ASSISTANT DEVELOPMENT ENGINEER
7184,,JUNIOR DEVELOPMENT ENGINEER
7185,,DEVELOPMENT ENGINEER SUPERVISOR
7186,3T,SENIOR DEVELOPMENT ENGINEER SUPERVISOR
7187,3T,ASSOCIATE DEVELOPMENT ENGINEER - SUPERVISOR
7188,,ASSISTANT DEVELOPMENT ENGINEER - SUPERVISOR
7189,,DEV ENGR JR SUPV
7190,,CASE MGR SR
7191,,PRINCIPAL DATA PROCESSING PRODUCTION COORDINATOR
7192,,SENIOR DATA PROCESSING PRODUCTION COORDINATOR
7193,,DATA PROCESSING PRODUCTION COORDINATOR
7194,,SPRINKLER FITTER
7195,,PRINCIPAL DATA PROCESSING PRODUCTION COORDINATOR - SUPERVISOR
7196,,SENIOR DATA PROCESSING PRODUCTION COORDINATOR - SUPERVISOR
7197,,DATA SYSTEMS ANALYST 1
7198,3T,DATA SYSTEMS ANALYST 2
7199,3T,DATA SYSTEMS ANALYST 3
7200,,ALUMNI EXTERNAL RELATIONS SUPERVISOR 1
7201,,PATIENT CASHIERING SUPERVISOR 2
7202,,ENTERPRISE RISK MANAGEMENT ANALYST 1
7203,,ENTERPRISE RISK MANAGEMENT ANALYST 2
7204,,ENTERPRISE RISK MANAGEMENT ANALYST 3
7205,,ENTERPRISE RISK MANAGEMENT ANALYST 4
7206,,LEGAL SERVICES ADVISOR 2
7207,,LEGAL SERVICES ADVISOR 1
7208,,SENIOR STATISTICIAN - SUPERVISOR
7209,,PRINCIPAL STATISTICIAN - SUPERVISOR
7210,,STATISTICIAN SUPERVISOR
7211,3T,PRINCIPAL STATISTICIAN
7212,2P,SENIOR STATISTICIAN
7213,2P,STATISTICIAN
7214,,ASSISTANT STATISTICIAN
7215,,STATISTICIAN AST SUPV
7216,,FIN ANL AST
7217,,FIN ANL AST SUPV
7218,,FIN ANL
7219,,FIN ANL SUPV
7220,,FIN ANL SR
7221,,FIN ANL SR SUPV
7222,,FIN ANL PRN 1
7223,,FIN ANL PRN 1 SUPV
7224,,ANATOMICAL SVC PROFL 5
7225,,ANATOMICAL SERVICES PROFESSIONAL 4
7226,,ADMIN CRD SUPV
7227,,ADMIN CRD 3
7228,,ADMIN ANL AST SUPV
7229,,EXEC ADMIN SPEC 2
7230,,EXEC ADMIN SPEC 1
7231,,SURVEY SUPERVISOR
7232,3T,SENIOR SURVEY WORKER
7233,3T,SURVEY WORKER
7234,4C,ANALYST I
7235,4C,ANALYST II
7236,4C,ANALYST III
7237,4C,ANALYST IV
7238,4C,ANALYST V
7239,4C,ANALYST VI
7241,,PRINCIPAL ADMINISTRATIVE ANALYST I
7242,,SENIOR ADMINISTRATIVE ANALYST
7243,,ADMINISTRATIVE ANALYST
7244,,ASSISTANT ADMINISTRATIVE ANALYST
7245,4C,ANALYST I-SUPERVISOR
7246,4C,ANALYST II-SUPERVISOR
7247,4C,ANALYST III-SUPERVIOSR
7248,4C,ANALYST IV-SUPERVISOR
7249,4C,ANALYST V-SUPERVISOR
7250,4C,ANALYST VI-SUPERVISOR
7251,,PRINCIPAL BUDGET ANALYST I
7252,,SENIOR BUDGET ANALYST
7253,,BUDGET ANALYST
7254,,ASSISTANT BUDGET ANALYST
7255,,BUDGET ANALYST SUPERVISOR EXEMPT
7256,,ANL SUPV
7257,,ADMIN ANL SR SUPV
7258,,ADMIN ANL SUPV NEX
7259,,ADMIN ANL PRN SUPV
7261,,PRINCIPAL PUBLIC ADMINISTRATION ANALYST
7262,,SENIOR PUBLIC ADMINISTRATION ANALYST
7263,,PUBLIC ADMINISTRATION ANALYST
7264,,ASSISTANT PUBLIC ADMINISTRATION ANALYST
7265,,BUDGET ANL SR SUPV
7266,,BUDGET ANL PRN SUPV
7267,,PUBL ADMSTN ANL AST SUPV
7268,,PUBL ADMSTN ANL SR SUPV
7269,,PUBL ADMSTN ANL PRN SUPV
7270,,BUDGET ANL AST SUPV
7271,4C,ANALYST VII
7272,4C,"ANALYST VII, SUPERVISOR"
7273,,PROGRAMMER VIII - SUPERVISOR
7274,,PROGRAMMER/ANALYST III SUPERVISOR
7275,,PROGRAMMER/ANALYST III
7276,,PROGRAMMER/ANALYST II SUPERVISOR
7277,,PROGRAMMER/ANALYST II
7278,,PROGRAMMER/ANALYST I
7279,,BUDGET ANL SUPV NEX
7280,,PROGRAMMER VIII
7281,4C,PROGRAMMER I
7282,4C,COMPUTING RESOURCE MANAGER I
7283,,COMPUTER RESC MGR 1
7284,4C,PROGRAMMER II
7285,4C,PROGRAMMER III
7286,4C,PROGRAMMER IV
7287,4C,PROGRAMMER V
7288,4C,PROGRAMMER VI
7289,4C,PROGRAMMER VII
7290,,PROGRAMMER I - SUPERVISOR
7291,,PROGRAMMER II - SUPERVISOR
7292,4C,PROGRAMMER III - SUPERVISOR
7293,4C,PROGRAMMER IV - SUPERVISOR
7294,4C,PROGRAMMER V - SUPERVISOR
7295,4C,PROGRAMMER VI - SUPERVISOR
7296,4C,PROGRAMMER VII - SUPERVISOR
7297,,GEOGRAPHIC INFORMATION SYSTEMS SUPERVISOR 2 ANR
7298,4C,APPLICATIONS PROGRAMMER 1
7299,4C,APPLICATIONS PROGRAMMER 2
7300,4C,APPLICATIONS PROGRAMMER 3
7301,,APPLICATIONS PROGRAM SUPERVISOR 2 ANR
7302,4C,SYSTEMS ADMINISTRATOR 1
7303,4C,SYSTEMS ADMINISTRATOR 2
7304,4C,SYSTEMS ADMINISTRATOR 3
7305,,SYSTEMS ADMINISTRATION SUPERVISOR 2 ANR
7306,4C,INFORMATION SYSTEMS SUPERVISOR 1
7307,4C,INFORMATION SYSTEMS ANALYST 1
7308,4C,INFORMATION SYSTEMS ANALYST 2
7309,4C,INFORMATION SYSTEMS ANALYST 3
7310,,PROGR ANL 1 UCOP
7311,,PROGR ANL 1 SUPV UCOP
7312,,PROGR ANL 2 UCOP
7313,,PROGR ANL 2 SUPV UCOP
7314,,PROGR ANL 3 UCOP
7315,,PROGR ANL 3 SUPV UCOP
7316,,IT ARCHITECT 3
7317,,HEALTH INFO SYS SUPV
7318,,HEALTH INFO SYS ANL SR
7319,,HEALTH INFO SYS ANL
7320,,SYS PROGR 1
7321,,SYS PROGR 1 SUPV
7322,,SYS PROGR 2
7323,,SYS PROG 2 SUPV
7324,,SYS PROGR 3
7325,,SYS PROGR 3 SUPV
7326,3T,GEOGRAPHIC INFORMATION SYSTEMS PROGRAMMER 4
7327,3T,GEOGRAPHIC INFORMATION SYSTEMS PROGRAMMER 3
7328,3T,GEOGRAPHIC INFORMATION SYSTEMS PROGRAMMER 2
7329,3T,GEOGRAPHIC INFORMATION SYSTEMS PROGRAMMER 1
7330,,NETWORK ENGR 1
7331,,NETWORK ENGR 1 SUPV
7332,,"Dir, Case Management LAK"
7333,,"Dir, Case Management LOM"
7334,,"Dir, Case Management PLA"
7335,,"Grp Dir, Case Management FVR"
7336,,IT SECURITY ANALYST 1
7337,,IT SECURITY ANALYST 2
7338,,IT SECURITY ANALYST 3
7339,,ELECTRN PD
7340,,IT RESC MGR 1
7341,,SYSTEMS ADMINISTRATION SUPERVISOR 1
7343,,EDUCATION TECHNICAL SPECIALIST 3
7344,,EDUCATION TECHNICAL SUPERVISOR 1
7345,,EDUCATION TECHNICAL SUPERVISOR 2
7346,,TECH SUPP ANL 1
7347,,TECH SUPP ANL 2
7348,,TECH SUPP ANL 3
7349,,USER EXPERIENCE DESIGNER 2
7350,,USER EXPERIENCE DESIGNER 3
7351,,AV IT ENGINEER 3
7352,,EDUCATION TECHNICAL SPECIALIST 4
7353,4C,ANALYST VIII
7354,4C,ANALYST VIII - SUPERVISOR
7355,,AV IT ENGINEER 4
7356,,MANAGED CARE SPECIALIST 2
7358,4C,BUSINESS TECHNICAL SUPPORT ANALYST 3 TX
7359,4C,BUSINESS TECHNICAL SUPPORT ANALYST 2 TX
7360,,HUMAN RESOURCES ANALYST VII
7361,,HUMAN RESOURCES ANALYST VIII
7362,,HUMAN RESOURCES ANALYST VIII - SUPERVISOR
7363,4C,ANALYST IX
7364,,ANALYST X
7365,,ANALYST IX - SUPERVISOR
7366,,ANALYST X - SUPERVISOR
7367,,SYSTEMS INTEGRATION ENGINEER 3
7368,,SYSTEMS INTEGRATION ENGINEER 2
7369,,SYSTEMS INTEGRATION ENGINEER 1
7370,,CONTRACT ADMINISTRATION SUPERVISOR 2
7371,,ADMINISTRATIVE ASSISTANT 1
7372,,ADMINISTRATIVE ASSISTANT 2
7373,4C,ADMINISTRATIVE ASSISTANT 3
7374,4C,ADMINISTRATIVE SUPERVISOR 1
7375,4C,ADMINISTRATIVE SUPERVISOR 2
7376,4C,ADMINISTRATIVE OFFICER 2
7377,4C,ADMINISTRATIVE OFFICER 3
7378,4C,ADMINISTRATIVE OFFICER 4
7379,,CONTRACT ADMINISTRATOR 2
7380,,CONTRACT ADMINISTRATOR 3
7381,,LEGAL OPS SUPV 2
7382,,LEGAL SUPPORT SPECIALIST 3
7383,,PARALEGAL 4
7384,4C,EXECUTIVE ASSISTANT 3
7385,,EXECUTIVE ASSISTANT 4
7386,,PARALEGAL 2
7387,,PARALEGAL 3
7388,,PARALEGAL 1
7389,,OMBUDSPERSON 2
7390,,OMBUDSPERSON 3
7391,,OMBUDSPERSON 4
7392,,OPTOMETRY SUPERVISOR 1
7393,,ORGANIZATIONAL CONSULTANT 2
7394,,ORGANIZATIONAL CONSULTANT 3
7395,,PROJECT POLICY ANALYSIS SUPERVISOR 2
7396,3T,PROJECT POLICY ANALYST 1
7397,3T,PROJECT POLICY ANALYST 2
7398,3T,PROJECT POLICY ANALYST 3
7399,3T,PROJECT POLICY ANALYST 4
7401,,"Dir, Supply Chain FVR"
7402,,"Dir, Supply Chain LAK"
7403,,"Mkt Dir, Procurement LOM"
7404,,"Therapist, Speech LOM-1"
7405,,"Mgr, Central Supply LAK"
7406,,"Mgr, Supply Chain PLA"
7407,,"Dir, Cardiovascular Svcs LAK"
7408,,"Dir, Neurology LOM"
7409,,"Dir, Nursing FVR"
7410,,"Dir, Nursing LAK-1"
7411,,"Dir, Nursing LAK-0"
7412,,"Dir, Nursing LOM"
7413,,"Dir, Nursing PLA"
7414,,"Dir, Nursing Procedural FVR-1"
7415,,"Dir, Nursing Procedural FVR-0"
7416,,"Dir, Nursing Procedural LAK-1"
7417,,"Dir, Nursing Procedural LAK-0"
7418,,"Dir, Nursing Procedural LOM-1"
7419,,"Dir, Nursing Procedural LOM-0"
7420,,"Dir, Nursing Procedural PLA"
7421,,"Mkt Dir, Clin Education LOM"
7422,,"Mgr, Cardiovascular Svcs LAK"
7423,,"Mgr, Cath Lab FVR"
7424,,RESIDENCE HALLS MANAGER
7425,,ASSISTANT RESIDENCE HALLS MANAGER
7426,,"Mgr, Nursing FVR-0"
7427,,"Mgr, Nursing FVR-1"
7428,,"Mgr, Nursing LAK"
7429,,"Mgr, Nursing LOM"
7430,,"Mgr, Nursing PLA"
7431,,"Supv, Cardiovascular LOM"
7432,,"Supv, Nursing FVR"
7433,,"Dir, Clin Quality Improv LAK"
7434,,"Dir, Clin Quality Improv LOM"
7435,,"Mgr, Clin Qual Improv FVR"
7436,,"Officer, Patient Safety FVR"
7437,,"Officer, Patient Safety PLA"
7438,,"Mgr, Social Work FVR"
7439,,"Mgr, Social Work LOM"
7440,,"Therapist, Occupational LOM"
7441,,"Dir, Laboratory FVR"
7442,,"Dir, Laboratory LAK"
7443,,"Dir, Laboratory LOM"
7444,,"Dir, Laboratory PLA"
7445,,DIGITAL COMMUNICATIONS SPECIALIST 4
7446,,SUSTAIN OFCR 1
7447,,BROADCAST COMMUNICATIONS SUPERVISOR 2
7448,,BROADCAST COMMUNICATION SUPERVISOR 1
7449,,BROADCAST COMMUNICATION SPECIALIST 1
7450,,BROADCAST COMMUNICATION SPECIALIST 2
7451,,BROADCAST COMMUNICATION SPECIALIST 3
7452,,BROADCAST COMMUNICATION SPECIALIST 4
7453,,AUDITOR 2 NEX
7454,,DIGITAL COMMUNICATIONS SPECIALIST 2
7455,4C,DIGITAL COMMUNICATIONS SPECIALIST 3
7456,,PUBLICATIONS & PRODUCTN SUPERVISOR 1
7457,4C,PUBLICATIONS & PRODUCTION SPECIALIST 2
7458,4C,PUBLICATIONS & PRODUCTION SPECIALIST 3
7459,,PUBLICATIONS & PRODUCTION SPECIALIST 4
7460,,MEDIA COMMUNICATIONS SPECIALIST 1
7461,4C,MEDIA COMMUNICATIONS SPECIALIST 2
7462,,MEDIA COMMUNICATIONS SPECIALIST 3
7464,,PATHOLOGY ASSISTANT 2
7465,,PATIENT NAVIGATOR NON CLINICAL SUPERVISOR 2
7466,,VISUAL COMMUNICATIONS SUPERVISOR 2
7467,4C,VISUAL COMMUNICATIONS SPECIALIST 4
7468,,"Dir, Clin Informatics FVR"
7469,,"Mgr, Laboratory LAK"
7470,,"Supv, Laboratory FVR"
7471,,"Supv, Laboratory LOM"
7472,,"Mgr, Biomed Engineering FVR"
7473,,"Dir, Revenue Analysis FVR"
7474,,"Dir, Revenue Analysis LAK"
7475,,"Dir, Revenue Analysis LOM"
7476,,"Dir, Revenue Analysis PLA"
7477,4C,COMMUNICATIONS SPECIALIST 3
7478,,COMMUNICATIONS SPECIALIST 4
7479,,COMMUNICATIONS SUPERVISOR 2
7480,,"Dir, Radiology FVR"
7481,,"Dir, Radiology LAK"
7482,,"Mgr, Radiology FVR"
7483,,"Mgr, Radiology LOM"
7484,,"Mgr, Radiology PLA"
7485,,"Therapist, Physical LOM-1"
7486,,"Therapist, Physical PLA"
7487,,"Supv, Radiology FVR"
7488,,"Supv, Radiology LAK-2"
7489,,"Supv, Radiology LAK-1"
7490,,"Supv, Radiology LOM"
7491,,"Dir, Rehabilitative Svcs FVR"
7492,,"Dir, Rehabilitative Svcs LAK"
7493,,"Dir, Rehabilitative Svcs LOM"
7494,,"Supv, Rehab PLA"
7495,,"Dir, Respiratory Therapy FVR"
7496,,"Dir, Respiratory Therapy LAK"
7497,,GIFT SHOP MANAGER
7498,,"Mgr, Respiratory Therapy PLA"
7499,,"Supv, Respirtory Therap LOM"
7500,,"Dir, Pharmacy Services FVR"
7501,,"Dir, Pharmacy Services LAK"
7502,,"Dir, Pharmacy Services LOM"
7503,,"Dir, Pharmacy Services PLA"
7504,,"Mgr, Pharmacy Ops FVR"
7505,,"Mgr, Pharmacy Ops LOM"
7506,,"Therapist, Physical LOM-0"
7507,,"Supv, Pharmacist FVR"
7508,,"Supv, Administrative FVR"
7509,,MANAGEMENT SERVICES OFFICER SUPERVISOR
7510,4C,MANAGEMENT SERVICES OFFICER III
7511,4C,MANAGEMENT SERVICES OFFICER II
7512,,MANAGEMENT SERVICES OFFICER I
7513,,MGT SVC OFCR 1 SUPV
7514,,MGT SVC OFCR 2 SUPV
7515,,MGT SVC OFCR 3 SUPV
7516,,"Supv, Administrative LAK"
7517,,"Supv, Administrative LOM"
7518,,"Supv, Administrative PLA"
7519,,"Asst, Admin Support FVR-1"
7520,,"Asst, Admin Support FVR-0"
7521,,"Asst, CEO LAK"
7522,,"Asst, CEO LOM"
7523,,"Asst, Executive FVR"
7524,,"Asst, Executive PLA"
7525,,Research Auditor LOM
7526,,"Analyst, Business Sys FVR"
7527,,"Auditor, Rev Integrity LOM"
7528,,"Cord, Human Resources FVR"
7529,,"Cord, Human Resources LAK-1"
7530,,"Cord, Human Resources LAK-0"
7531,,"Cord, Human Resources LOM"
7532,,"Cord, Human Resources PLA"
7533,,HR Generalist FVR
7534,,HR Generalist PLA
7535,,HR Business Partner FVR
7536,,HR Business Partner LAK
7537,,HR Business Partner LOM
7538,,ASSISTANT TO THE ____ I - SUPERVISOR
7539,,ASSISTANT TO THE ____ II - SUPERVISOR
7540,4C,"ASSISTANT TO THE (DEAN), (DIRECTOR), OR (CHAIRPERSON)II"
7541,,"ASSISTANT TO THE (DEAN) (DIRECTOR), OR (CHAIRPERSON) I"
7542,,FUNDRAISING SUPERVISOR 1
7543,,ADMISSIONS EVALUATOR IR
7544,,FUNDRAISER 3 ANR
7545,,FUNDRAISER 1 NON-EXEMPT
7546,,FUNDRAISER 2 NON-EXEMPT
7547,4C,FUNDRAISER 3
7548,,FUNDRAISER 4 (PSS)
7550,4C,MARKETING SPECIALIST 1
7551,4C,MARKETING SPECIALIST 2
7552,4C,MARKETING SPECIALIST 3
7553,,MARKETING SUPERVISOR 1
7554,,MARKETING SUPERVISOR 2
7555,4C,MARKETING SPECIALIST 4
7556,,SALES SPECIALIST 3
7557,,SALES SPECIALIST 4
7558,4C,BUSINESS/TECHINCAL SUPPORT ANALYST 2
7559,,BUSINESS/TECHINCAL SUPPORT ANALYST 3
7560,,BUSINESS/TECHINCAL SUPPORT SUPERVISOR 1
7561,,BUSINESS/TECHNICAL SUPPORT SUPERVISOR 2
7562,4C,CHILD DEV CTR TEACHER 2 LD
7563,,COMMUNICATIONS & NETWORK TECHNICAL SUPERVISOR 1
7564,,COMMUNICATIONS & NETWORK TECHNICAL ANALYST 1
7565,,COMMUNICATIONS & NETWORK TECHNICAL ANALYST 2
7566,,COMMUNICATIONS & NETWORK TECHNICAL ANALYST 3
7567,,FUNDRAISING ANL 1
7568,,FUNDRAISING ANL 2
7569,,FUNDRAISING ANL 3
7570,,PATENT ADVISOR SUPERVISOR
7571,,PATENT ADVISOR 1 SUPV
7572,,PATENT ADVISOR II
7573,,PATENT ADVISOR I
7574,,PATENT ADVISOR 2 SUPV
7575,,AUDIT PROFESSIONAL III
7576,,AUDIT PROFESSIONAL II
7577,,AUDIT PROFESSIONAL I
7578,,AUDITOR 5
7579,,BUS SYS ANL 1 EX
7580,,BUS SYS ANL 2 EX
7581,,SALES SPECIALIST 2
7582,,BUSINESS SYSTEMS ANALYST 1
7583,,BUSINESS SYSTEMS ANALYST 2
7584,,BUSINESS SYSTEMS ANALYST 3
7585,,SPORTS MEDICINE ATHLETIC TRAINER SUPERVISOR 2
7586,,SPORTS MEDICINE ATHLETIC TRAINER 3
7587,,SPORTS MEDICINE ATHLETIC TRAINER 2
7588,,REVENUE CYCLE HEALTHCARE ANALYST 4
7589,,REVENUE CYCLE HEALTHCARE ANALYST 3
7590,,REVENUE CYCLE HEALTHCARE ANALYST 2
7591,,REVENUE CYCLE HEALTHCARE ANALYST 1
7592,,HR ASSISTANT 2
7593,,HR ASSISTANT 3
7594,4C,HR GENERALIST 1
7595,4C,HR GENERALIST 2
7596,4C,HR GENERALIST 3
7597,4C,HR GENERALIST 4
7598,,ACCOUNTING SUPERVISOR 2
7599,,AUDITOR 1 SUPV
7605,,COMPUTER NETWORK TCHNO 1
7606,,COMPUTER NETWORK TCHNO 2
7607,,COMPUTER NETWORK TCHNO 3
7608,,COMPUTER NETWORK TCHNO 1 SUPV
7609,,COMPUTER NETWORK TCHNO 2 SUPV
7610,,COMPUTER NETWORK TCHNO 3 SUPV
7611,,ACCOUNTANT IV - SUPERVISOR
7612,,SUPERVISING ACCOUNTANT I
7613,,ACCOUNTANT SUPERVISOR
7614,,ACCOUNTANT III - SUPERVISOR
7615,,ACCOUNTANT V
7616,,ACCOUNTANT 4
7617,,ACCOUNTANT 3
7618,,ACCOUNTANT I
7619,,ASSISTANT ACCOUNTANT
7621,,AUDITOR IV
7622,,AUDITOR 3
7623,,AUDITOR 1
7624,,AUDITOR 2 EXEMPT
7625,,ACCOUNTANT II - SUPERVISOR
7630,,AUDITOR SUPERVISOR
7631,,AUDITOR IV - SUPERVISOR
7632,,AUDITOR III - SUPERVISOR
7633,,ADMINISTRATIVE SPECIALIST I - SUPERVISOR
7634,,ADMINISTRATIVE SPECIALIST II - SUPERVISOR
7636,,AUDITOR 2 SUPV
7637,,PERSONNEL ANL SR SUPV
7638,,PERSONNEL ANL PRN 1 SUPV
7639,,EMPLOYMENT OFFICER/REPRESENTATIVE SUPERVISOR
7640,,SENIOR EMPLOYMENT OFFICER
7641,,EMPLOYMENT OFFICER
7642,,HUMAN RESOURCES ANALYST VII - SUPERVISOR
7643,,SENIOR EMPLOYMENT REPRESENTATIVE
7644,,EMPLOYMENT REPRESENTATIVE
7645,,ASSISTANT EMPLOYMENT REPRESENTATIVE
7646,,ADMINISTRATIVE SPECIALIST
7647,,HUMAN RESOURCES ANALYST II
7648,,HUMAN RESOURCES ANALYST III
7649,,HUMAN RESOURCES ANALYST IV
7650,,HUMAN RESOURCES ANALYST V
7651,,HUMAN RESOURCES ANALYST VI
7652,,HUMAN RESROUCES ANALYST I-- SUPERVISOR
7653,,HUMAN RESOURCES ANALYST II-- SUPERVISOR
7654,,HUMAN RESOURCES ANALYST III-- SUPERVISOR
7655,,HUMAN RESOURCES ANALYST IV-- SUPERVISOR
7656,,HUMAN RESOURCES ANALYST V-- SUPERVISOR
7657,,HUMAN RESOURCES ANALYST VI-- SUPERVISOR
7658,,HUMAN RESOURCES ANALYST I
7659,,ADMINISTRATIVE SPECIALIST SUPERVISOR
7660,,PERSONNEL ANALYST SUPERVISOR EXEMPT
7661,,PRINCIPAL PERSONNEL ANALYST I
7662,,SENIOR PERSONNEL ANALYST
7663,,PERSONNEL ANALYST
7664,,ASSISTANT PERSONNEL ANALYST
7665,,PERSONNEL ANL SUPV NEX
7666,,SENIOR PARALEGAL SPECIALIST
7667,,PARALEGAL SPECIALIST
7668,,PARALEGAL SPECIALIST SUPERVISOR
7669,,PARALEGAL SPEC SR SUPV
7670,,PUBLIC INFORMATION REPRESENTATIVE SUPERVISOR
7671,,SENIOR PUBLIC INFORMATION REPRESENTATIVE
7672,4C,PUBLIC INFORMATION REPRESENTATIVE
7673,,PROGRAM PROMOTION MANAGER SUPERVISOR
7674,,PRG PROMOTION MGR 1 SUPV
7675,,PROGRAM PROMOTION MANAGER II
7676,,PROGRAM PROMOTION MANAGER I
7677,,PUBLICATIONS MANAGER SUPERVISOR
7678,,SENIOR PUBLICATIONS MANAGER
7679,,PUBLICATIONS MANAGER
7680,,PRINCIPAL EDITOR - SUPERVISOR
7681,,EDITOR SUPERVISOR
7682,,PRINCIPAL EDITOR
7683,4C,SENIOR EDITOR
7684,4C,EDITOR
7685,,ASSISTANT EDITOR
7686,,SENIOR EDITOR - SUPERVISOR
7687,,PUBLICATONS MGR SR SUPV
7688,,PRG PROMOTION MGR 2 SUPV
7689,,SVC ENGR LD
7690,,PUBL INFO REPR PRN
7691,,PUBL INFO REPR PRN SUPV
7692,,PUBLICATIONS COORDINATOR SUPERVISOR
7693,,PRINCIPAL PUBLICATIONS COORDINATOR
7694,,SENIOR PUBLICATIONS COORDINATOR
7695,,PUBLICATIONS COORDINATOR
7696,,SENIOR PUBLICATIONS COORDINATOR - SUPERVISOR
7697,,PUBLICATIONS CRD SUPV PRN
7698,4C,ADMINISTRATIVE SPECIALIST I
7699,4C,HR SUPERVISOR 1
7700,4C,HR SUPERVISOR 2
7701,,WRITER SUPERVISOR
7702,,SENIOR WRITER - SUPERVISOR
7703,4C,SENIOR WRITER
7704,4C,WRITER
7705,4C,ASSISTANT WRITER
7706,,OCCUPATIONAL THER 3 SUPV NEX
7707,,FINANCIAL ANALYST 1
7708,4C,FINANCIAL ANALYST 2
7709,4C,FINANCIAL ANALYST 3
7710,4C,FINANCIAL ANALYST 4
7711,4C,ACADEMIC HR SUPERVISOR 2
7712,,SENIOR PRINTING ESTIMATOR
7713,,PRINTING ESTIMATOR
7714,4C,ACADEMIC HR ANALYST 2
7715,4C,ACADEMIC HR ANALYST 3
7716,4C,ACADEMIC HR ANALYST 4
7717,,ACADEMIC HR ANALYST 1
7718,,BENEFITS ANALYST 1
7719,,BENEFITS ANALYST 2
7720,,BENEFITS ANALYST 3
7721,,BENEFITS ANALYST 4
7722,,BENEFITS SUPERVISOR 1
7723,,BENEFITS SUPERVISOR 2
7724,,COMPENSATION ANALYST 1
7725,,COMPENSATION ANALYST 2
7726,,COMPENSATION ANALYST 3
7727,,QLTY AND PERF METRICS ANL 3
7728,,QLTY AND PERF METRICS ANL 4
7729,,BENEFITS PRG STRAT ANL 3
7730,,BENEFITS PRG STRAT ANL 2
7731,,SYSWIDE ACAD HR ANL 3
7732,,SYSWIDE BUDGET ANL 3
7733,,SYSWIDE BUDGET ANL 2
7734,,GENERAL ACCOUNTANT IV
7735,,GENERAL ACCOUNTANT III
7736,,GENERAL ACCOUNTANT II
7737,,GENERAL ACCOUNTANT I
7738,,PROCUREMENT ANALYST IV
7739,,PROCUREMENT ANALYST III
7740,,PROCUREMENT ANALYST II
7741,,PROCUREMENT ANALYST I
7742,,EMPLOYEE RELATIONS REPRESENTATIVE 1
7743,,EMPLOYEE RELATIONS REPRESENTATIVE 2
7744,,EMPLOYEE RELATIONS REPRESENTATIVE 3
7745,,ELECTRN LD MC
7746,,EMPLOYMENT REPRESENTATIVE 1
7747,,EMPLOYMENT REPRESENTATIVE 2
7748,,EMPLOYMENT REPRESENTATIVE 3
7749,,EMPLOYMENT SUPERVISOR 1
7750,,EAP MGR 1
7751,,LD PLUMBER
7752,,LD LOCKSMITH
7753,,LD CARPENTER
7754,,LD PAINTER
7755,,EMPLOYEE SVC ASC 2
7756,,Asst Controller PLA
7757,,Buyer II PLA
7758,,Buyer I LAK
7759,,Buyer I PLA
7760,,"Case Manager, RN I LOM-0"
7761,,"Case Manager, RN I PLA"
7762,,Patient Navigator RN FVR
7763,,"Spc, Child Life FVR"
7764,,"Pharmacist, Clinical LOM"
7765,,"Pharmacist, Clinical PLA"
7766,,TRAVEL MGT OFCR 4
7767,,TRAVEL MGT OFCR 3
7768,,TRAVEL RESERVATIONIST 1
7769,,TRAVEL RESERVATIONIST 2
7770,,TRAVEL RESERVATIONIST 3
7771,,TRAVEL RESERVATIONIST SUPV
7772,,BUYER V
7773,,BUYER 4
7774,,BUYER 2
7775,,BUYER 1
7776,,BUYER 3
7777,,BUYER SUPERVISOR
7778,,BUYER V - SUPERVISOR
7779,,BUYER IV - SUPERVISOR
7780,,BUYER I - SUPERVISOR
7781,,BUYER II - SUPERVISOR
7782,,BUYER III - SUPERVISOR
7783,,HIGH VOLT ELECTRN LD
7784,,COGENERATION OPERATOR LEAD
7785,,COGEN INSTRUMENT CNTRL TCHN
7786,,Engineer Stationary Lead FVR
7787,,"Mechanic, Maintenance PLA"
7788,,"Supv, Facilities Mgmt PLA"
7789,,"Supv, Plant Operations PLA"
7790,,"Registrar, Cancer FVR"
7791,,"Mgr, Cancer Registrar FVR"
7792,,"Engineer, Biomed LAK"
7793,,"Tech, Biomed PLA"
7794,,"Informaticist, Clinical FVR"
7795,,"Informaticist, Clinical PLA"
7796,,"Tech, Anesthesia LAK"
7797,,Student Nurse LAK
7798,,Student Nurse PLA
7799,,"Asst, Cert Medical FVR-1"
7800,,"Asst, Cert Medical FVR-0"
7801,,"Tech, Surgical LOM-0"
7802,,"Scientist, Med Lab I LOM-0"
7803,,"Scientist, Med Lab I LOM-1"
7804,,"Scientist, Med Lab I PLA"
7805,,"Techno, Ultrasound PLA-1"
7806,,"Cord, Biomed Engineering LOM"
7807,,"Tech, Medical Lab I LOM"
7808,,"Teh, Medical Lab II LOM"
7809,,Therapist Radiaton Chief LOM
7810,,"Techno, CT PLA-1"
7811,,"Techno, Mammo PLA"
7812,,"Techno, MRI PLA"
7813,,"Techno, Radiologic PLA-1"
7814,,"Techno, Radiologic Sr PLA"
7815,,"Cord, Authorization LOM"
7816,,"Cord, Authorization PLA"
7817,,Discharge Planner FVR
7818,,Discharge Planner LAK
7819,,Discharge Planner PLA
7820,,Insurance Verifier LAK
7821,,Insurance Verifier LOM
7822,,Scheduler LOM
7823,,Scheduler PLA
7824,,Scheduler Procedural FVR
7825,,Scheduler Procedural PLA
7826,,"Scheduler, Procedur Lead PLA"
7827,,"Rep, Patient Access II LOM-2"
7828,,"Rep, Patient Access II LOM-0"
7829,,"Rep, Patient Access Lead LOM"
7830,,"Rep, Patient Account LOM"
7831,,Charge Nurse LAK
7832,,Charge Nurse LOM-0
7833,,Charge Nurse LOM-1
7834,,Charge Nurse PLA
7835,,Employee Health RN FVR
7836,,Employee Health RN LAK
7837,,Registered Nurse FA LOM
7838,,Registered Nurse FA PLA
7839,,Registered Nurse LOM-I
7840,,Registered Nurse PLA-0
7841,,Registered Nurse PLA-1
7842,,"Spc, Clinical Nurse FVR"
7843,,Nurse Practitioner LOM
7844,,Nurse Practitioner-FT LOM
7845,,Nurse Practitioner-PT LOM
7846,,"Therapist, Speech LOM-0"
7847,,"Pharmacist, Staff LOM"
7848,,"Pharmacist, Staff PLA"
7849,,"Cord, Nursing PLA-1"
7850,,"Cord, Nursing PLA-0"
7851,,"Secretary, Department FVR-1"
7852,,"Secretary, Department FVR-0"
7853,,"Secretary, Department LOM"
7854,,"Tech, Health Info Lead PLA"
7855,,"Tech, Health Info I FVR-1"
7856,,"Tech, Health Info I FVR-0"
7857,,"Tech, Health Info I LOM"
7860,,ACCOUNTANT 2 EXEMPT
7861,,ACCOUNTANT 2 NEX
7862,,ADMINISTRATIVE ANALYST SUPERVISOR EXEMPT
7863,,ADMIN ANL SUPV NEX
7864,,SENIOR ANESTHETIST NURSE EXEMPT
7865,,ANESTHETIST NURSE SR NEX
7866,,SENIOR AUDIOLOGIST EXEMPT
7867,,AUDIOLOGIST EX
7868,,AUDIOLOGIST SR NEX
7869,,AUDIOLOGIST NON-EXEMPT
7870,,CASE MGR EX
7871,,CASE MANAGER NON-EXEMPT
7872,,CHILD LIFE SPEC 2 EX
7873,,CHILD LIFE SPEC 1 EX
7874,,CHILD LIFE SPECIALIST 2 NON-EXEMPT
7875,,CHILD LIFE SPECIALIST 1 NON-EXEMPT
7876,,SENIOR SUPERVISING CLINICAL LABORATORY SCIENTIST SPECIALIST EXEMPT
7877,,CLIN LAB SCI SUPV EX
7878,,CLIN LAB SCI SPEC SUPV SR NEX
7879,,SUPERVISING CLINICAL LABORATORY SCIENTIST NON-EXEMPT
7880,,CLIN NURSE SUPV 4 EX
7881,,CLIN NURSE SUPV 3 EX
7882,,CLIN NURSE SUPV 2 EX
7883,,CLINICAL NURSE SUPERVISOR 4 NON-EXEMPT
7884,,CLINICAL NURSE SUPERVISOR 3 NON-EXEMPT
7885,,CLINICAL NURSE SUPERVISOR 2 NON-EXEMPT
7886,2P,DIETITIAN 1 EXEMPT
7887,,DIETITIAN 1 NEX
7888,,CLIN RSCH CRD SR EX
7889,4C,SENIOR CLINICAL RESEARCH COORDINATOR NON-EXEMPT
7890,,CLIN SOCIAL WORKER 1 EX
7891,,CLIN SOCIAL WORKER 1 NEX
7892,,SUPERVISING ELECTROENCEPHALOGRAPHIC TECHNOLOGIST EXEMPT
7893,,EEG TCHNO SUPV NEX
7894,,GENETIC COUNSELOR 3 EXEMPT
7895,,GENETIC CNSLR 2 EX
7896,,GENETIC CNSLR 1 EX
7897,,GENETIC CNSLR 3 NEX
7898,,GENETIC COUNSELOR 2 NON-EXEMPT
7899,,GENETIC CNSLR 1 NEX
7900,,GROUNDS SUPERVISOR EXEMPT
7901,,GROUNDS SUPV NEX
7902,,HISTO TCHNO SUPV EX
7903,,SUPERVISING HISTOTECHNOLOGIST NON-EXEMPT
7904,,HOSP LAB TCHN 4 SUPV EX
7905,,HOSPITAL LABORATORY TECHNICIAN 4 SUPERVISOR NON-EXEMPT
7906,,SENIOR INSPECTOR PLANNER ESTIMATOR EXEMPT
7907,,INSPECTOR PLANNER ESTIMATOR EXEMPT
7908,,INSP PLNR EST SR NEX
7909,,INSP PLNR EST NEX
7910,,SENIOR LEARNING SKILLS COUNSELOR EXEMPT
7911,,LRNG SKILLS CNSLR SR NEX
7912,,MUSIC THER 2 EX
7913,,MUSIC THERAPIST NON-EXEMPT
7914,,NUCLEAR MEDICAL TECHNOLOGIST CHIEF EXEMPT
7915,,NUC MED TCHNO CHF NEX
7916,,ADMIN NURSE SUPV 1 EX
7917,,ADMINISTRATIVE NURSE SUPERVISOR 1 NON-EXEMPT
7918,,ADMIN NURSE 2 EX
7919,,ADMINISTRATIVE NURSE 2 NON-EXEMPT
7920,,NURSE PRACTITIONER SUPERVISOR 2 EXEMPT
7921,,NURSE PRACT SUPV 2 NEX
7922,,OCCUPATIONAL THER 2 SUPV EX
7923,,OCCUPATIONAL THERAPIST 3 EXEMPT
7924,,OCCUPATIONAL THER 2 EX
7925,,OCCUPATIONAL THER 1 EX
7926,,OCCUPATIONAL THER 2 SUPV NEX
7927,,OCCUPATIONAL THER 3 NEX
7928,,OCCUPATIONAL THERAPIST 2 NON-EXEMPT
7929,,OCCUPATIONAL THERAPIST 1 NON-EXEMPT
7930,,OPTOMETRIST EXEMPT
7931,,OPTOMETRIST NEX
7932,,SENIOR PHARMACIST EXEMPT
7933,,PHARMACIST SR NEX
7934,,PHYSICAL PLANT MECHANIC SUPERVISOR EXEMPT
7935,,PHYS PLT MECH SUPV NEX
7936,,PHYSICAL THERAPIST 3 SUPERVISOR EXEMPT
7937,,PHYS THER 2 SUPV EX
7938,,PHYSICAL THERAPIST 3 EXEMPT
7939,,PHYS THER 2 EX
7940,,PHYS THER 1 EX
7941,,PHYS THER 3 SUPV NEX
7942,,PHYS THER 2 SUPV NEX
7943,,PHYS THER 3 NEX
7944,,PHYSICAL THERAPIST 2 NON-EXEMPT
7945,,PHYSICAL THERAPIST 1 NON-EXEMPT
7946,,CNSLNG PSYCH INTERN EX
7947,,PSYCHOLOGY INTERN EXEMPT
7948,,CNSLNG PSYCH INTERN NEX
7949,,PSYCH INTERN NEX
7950,,PUBL ADMSTN ANL SUPV EX
7951,,PUBL ADMSTN ANL SUPV NEX
7952,,ASSOCIATE CHIEF RADIOLOGIC TECHNOLOGIST EXEMPT
7953,,RADLG TCHNO CHF ASC NEX
7954,,RECR THER 2 EX
7955,,RECREATION THERAPIST 1 EXEMPT
7956,,RECR THER 2 NEX
7957,,RECR THER 1 NEX
7958,,SENIOR SPEECH PATHOLOGIST SUPERVISOR EXEMPT
7959,,SPEECH PATHOLOGIST EX
7960,,SPEECH PATHOLOGIST SR SUPV NEX
7961,,SPEECH PATHOLOGIST NON-EXEMPT
7962,,STF PHARMACIST 1 EX
7963,,STAFF PHARMACIST 1 NON-EXEMPT
7964,,STUDENT AFFAIRS OFFICER 5 SUPERVISOR EXEMPT
7965,,STUDENT AFFAIRS OFFICER 3 EXEMPT
7966,,STDT AFFAIRS OFCR 5 SUPV NEX
7967,,STUDENT AFFAIRS OFFICER 3 NON-EXEMPT
7968,,SENIOR THEATER PRODUCTION SUPERVISOR EXEMPT
7969,,THEATER PROD SUPV SR NEX
7970,,SPEECH PATHOLOGIST 4
7971,,SPEECH PATHOLOGIST 3
7972,,SPEECH PATHOLOGIST 2
7973,,SPEECH PATHOLOGIST 1
7974,,"Tech, Health Info I PLA"
7975,,"Tech, Pharmacy I LAK-0"
7976,,Social Worker I LOM
7977,,Social Worker II PLA
7978,,"Case Manager, RN I LOM-2"
7979,,Registered Nurse LOM-G
7980,,Registered Nurse LOM-S
7981,,Registered Nurse LOM-U
7982,,Registered Nurse LOM-H
7983,,Registered Nurse LOM-Q
7984,,Registered Nurse LOM-C
7985,,Registered Nurse LOM-P
7986,,Registered Nurse LOM-A
7987,,Registered Nurse LOM-R
7988,,Registered Nurse LOM-L
7989,,Infection Preventionist FVR
7990,,LANDSCAPE/GROUNDS SUPERVISOR 1
7991,,LANDSCAPE/GROUNDS SUPERVISOR 2
7992,,RECYCLING & REFUSE SERVICES SUPERVISOR 1
7993,,CARPENTER 2
7994,,CARPENTER 1
7995,,ELECTRN 2
7996,,ELECTRN 1
7997,,PAINTER 2
7998,,PAINTER 1
7999,,LOCKSMITH 2
8001,,CLINICAL LABORATORY SCIENTIST SPECIALIST-- SUPERVISOR
8002,,SENIOR CLINICAL LABORATORY SCIENTIST SPECIALIST-- SUPERVISOR
8004,,SENIOR CYTOTECHNOLOGIST- SUPERVISOR
8005,,PHYSICIAN ASSISTANT-SUPERVISOR
8006,,SENIOR PHYSICIAN ASSISTANT -SUPERVISOR
8007,,STAFF PHARMACIST 1 SUPERVISOR
8008,,STF PHARMACIST 2 SUPV
8009,,PHARMACIST SR SUPV
8010,,CLIN SOCIAL WORKER 2 SUPV
8011,,CLIN SOCIAL WORKER 3 SUPV
8012,,SOCIAL WORK ASSOCIATE- SUPERVISOR
8013,,CHILD DEV ASC SUPV
8014,,CHILD DEV ASC SR SUPV
8015,,COMMUNITY HEALTH PROGRAM REPRESENTATIVE-SUPERVISOR
8016,,SENIOR COMMUNITY HEALTH PROGRAM REPRESENTATIVE- SUPERVISOR
8017,,CNSLNG PSYCHOLOGIST 1 SUPV
8018,,COUNSELING PSYCHOLOGIST II- SUPERVISOR
8019,,SENIOR PSYCHOMETRIST- SUPERVISOR
8020,,PSYCHOLOGIST I-SUPERVISOR
8021,,PSYCHOLOGIST II-SUPERVISOR
8022,,REHABILITATION SERVICE ASSOCIATE CHIEF--SUPERVISOR
8024,,SPC DUTY PHYS THER SUPV
8025,,RECREATION THERAPIST 1 SUPERVISOR
8026,,RECREATION THERAPIST 2 SUPERVISOR\
8027,,SPEECH PATHOLOGIST-SUPERVISOR
8030,,AUDIOLOGIST SUPV
8031,,SENIOR AUDIOLOGIST-SUPERVISOR
8032,,PHYS THER 1 SUPV
8035,,PHYSICAL THERAPIST IV- SUPERVISOR
8036,,OCCUPATIONAL THER 1 SUPV
8038,,OCCUPATIONAL THERAPIST III- SUPERVISOR
8039,,OCCUPATIONAL THERAPIST IV- SUPERVISOR
8040,,SENIOR NUCLEAR MEDICINE TECHNOLOGIST-SUPERVISOR
8041,,ASSOCIATE CHIEF NUCLEAR MEDICINE TECHNOLOGIST- SUPERVISOR
8042,,ORTHOPTIST SR SUPV
8043,,OPTOMETRIST SUPV
8044,,SENIOR OPTOMETRIST-SUPERVISOR
8045,,PODIATRIST SUPV
8046,,HOSPITAL RADIATION PHYSICIST- SUPERVISOR
8047,,HEAVY OFF-ROAD EQUIPMENT MECHANIC
8048,,HEAVY EQUIPMENT OPERATING ENGINEER
8049,,"HEAVY OFF-ROAD EQUIPMENT MECHANIC, APPRENTICE"
8050,,HEAVY EQUIPMENT OPERATING ENGINEER APPRENTICE
8052,,MED CTR INSP PLNR EST
8053,,MED CTR MATERIAL CRD
8054,,MED CTR PHYS PLT MECH SR
8055,,GROUNDS SR SUPV NEX
8056,,MED CTR PHYS PLT MECH
8057,,MED CTR PHYS PLT SPEC
8058,,LOCKSMITH 1
8059,,PATIENT RECORDS ABSTRACTOR 2 PER DIEM
8060,,BUDGET ANL 1
8061,,BUDGET ANL 2
8062,,BUDGET ANL 3
8063,,BUDGET ANL 3 SUPV
8064,,BUDGET ANL 2 SUPV
8065,,BUDGET ANL 1 SUPV
8066,,STUDIO PROJECTIONIST CHF
8067,,STUDIO PROJECTIONIST SR
8068,,STUDIO PROJECTIONIST
8069,,STUDIO PROJECTIONIST AST
8070,,BUDGET ANL 4
8071,,BUDGET ANL 4 SUPV
8072,,LABORER SUPERVISOR
8073,,STY ENGR LD
8074,,SENIOR LEAD LABORER
8075,,LEAD LABORER
8076,,LABORER
8077,,PER DIEM LABORER
8078,,LABOR RELATIONS REPRESENTATIVE 1
8079,,LABOR RELATIONS REPRESENTATIVE 2
8080,,LABOR RELATIONS REPRESENTATIVE 3
8081,,LEAD VENTILATION MECHANIC
8082,,TREE TRIMMER SUPERVISOR
8083,,TREE TRIMMER
8084,,LEAD TREE TRIMMER
8085,,PEST CNTRL SUPV
8086,,PEST CONTROL OPERATOR
8087,,FOOD SVC MECH LD
8088,,FOOD SVC MECH AST
8089,,ROOFER SUPV
8090,,IRRIGATION SPECIALIST
8091,,IRRIGATION SPEC LD
8092,,SHEETMETAL MECHANIC APPRENTICE
8093,,"COGEN OPERATOR, APPRENTICE"
8094,,COGEN OPERATOR
8095,,PHYS PLT LABORER GARDENER SUPV
8096,,PHYS PLT LABORER GARDENER LD
8097,,PHYS PLT LABORER GARDENER B
8098,,PHYS PLT LABORER GARDENER A
8099,,IRRIGATION SUPV
8100,,IRRIGATION AST SUPV
8101,,IRRIGATION MECH LD
8102,,IRRIGATION MECH
8103,,PAINTER AST SUPV
8104,,PAINTER SUPV
8105,,LEAD PAINTER
8106,,PAINTER
8107,,APPRENTICE PAINTER
8108,,CARPENTER SUPV
8109,,LEAD CARPENTER
8110,,CARPENTER
8111,,APPRENTICE CARPENTER
8112,,CARPENTER AST SUPV
8114,,SENIOR SUPERINTENDENT OF PHYSICAL PLANT
8115,,SUPERINTENDENT OF PHYSICAL PLANT
8116,,ASSISTANT SUPERINTENDENT OF PHYSICAL PLANT
8117,,EQUIP OPS ENGR WORKER LD
8118,3T,PRINCIPAL SUPERINTENDENT OF AGRICULTURE
8119,3T,SENIOR SUPERINTENDENT OF AGRICULTURE
8120,,MAINT MECH SUPV
8121,,MAINT MECH AST SUPV
8122,,MAINT MECH LD
8123,,MAINT MECH
8124,,SHEETMETAL WORKER SUPV
8125,,LEAD SHEETMETAL WORKER
8126,,SHEETMETAL WORKER
8127,,SHEETMETAL WORKER APPR
8128,,SHEETMETAL AST SUPV
8129,,WELDER
8130,,SENIOR GROUNDS SUPERVISOR EXEMPT
8132,,LEAD GROUNDSKEEPER
8133,4C,GROUNDSKEEPER
8134,,GROUNDS EQUIPMENT OPERATOR
8135,,EQUIP OPS ENGR
8136,,ELECTRN SUPV
8137,,LEAD ELECTRICIAN
8138,,ELECTRICIAN
8139,,APPRENTICE ELECTRICIAN
8140,,ELECTRN AST SUPV
8141,,INSULATION WORKER
8142,,MACHINIST LEADWORKER
8143,,MACHINIST
8144,,PER DIEM GROUNDSKEEPER
8145,,GROUNDSKEEPER SR LD
8146,,SENIOR FARM MAINTENANCE WORKER- SUPERVISOR
8147,,INSULATION WORKER LD
8148,3T,SENIOR FARM MAINTENANCE WORKER
8149,,FARM MAINTENANCE WORKER
8152,,INSP PLNR EST AST
8153,,GROUNDSKEEPER GARDENER
8154,,HIGH VOLT ELECTRICIAN
8155,,MATERIAL PLNR
8156,,MATERIAL COORDINATOR
8157,,CEMENT MASON/FLOORER APPRENTICE
8158,,WINDOW COVERING TCHN
8159,,LEAD ELEVATOR MECHANIC
8160,,MAINT SUPV B
8161,,MAINT SUPV A
8162,,MAINT AST SUPV B
8163,,MAINT AST SUPV A
8164,,MAINT B LD
8165,,MAINT A LD
8166,,MAINT B
8167,,MAINT A
8168,,HVAC AST SUPV
8169,,MASON AST SUPV
8171,,ASSISTANT PHYSICAL PLANT MECHANIC SUPERVISOR
8172,,SENIOR PHYSICAL PLANT MECHANIC
8173,,LEAD PHYSICAL PLANT MECHANIC
8174,3T,PHYSICAL PLANT MECHANIC
8175,,PHYS PLT SPEC
8176,,CEMENT MASON
8177,,MASON SUPV
8178,,MASON LD
8179,,MASON
8180,,MASON APPR
8181,,PHYS PLT SUPV B
8182,,PHYS PLT SUPV A
8183,,HVAC SUPV
8184,,LEAD HVAC MECHANIC
8185,,HVAC MECH
8186,,SKLD TRADES MECH
8187,,ELEVATOR MECH SUPV
8188,,ELEVATOR MECHANIC
8189,,ROOFER
8190,,PLUMBER PIPEFITTER WORKER LD
8191,,PLUMBER PIPEFITTER
8192,,STEAMFITTER LEADWORKER
8193,,STEAMFITTER
8194,,ELECTRN WORKER LD
8195,,ELECTRN
8196,,CARPENTER LOCKSMITH WORKER LD
8197,,CARPENTER LOCKSMITH
8198,,PAINTER WORKER LD
8199,,PAINTER
8200,,GLAZIER
8201,,FOOD SVC MECH
8202,,MED CTR STY ENGR CHF AST
8203,,MED CTR STY ENGR
8204,,MED CTR INCINERATOR OPR
8205,,GLAZIER WORKER LD
8206,,BLDG SYS SPEC
8207,,"CABINET MAKER, APPRENTICE"
8208,,BUILDING MAINTENANCE SUPERVISOR
8209,,"REFRIGERATION MECHANIC, APPRENTICE"
8210,,SENIOR BUILDING MAINTENANCE SUPERVISOR
8211,,LEAD BUILDING MAINTENANCE WORKER
8212,3T,SENIOR BUILDING MAINTENANCE WORKER
8213,4C,BUILDING MAINTENANCE WORKER
8214,,FAC MAINT SUPV
8215,,FAC MAINT SUPV SR
8216,,FAC MECH LD
8217,,FACILITIES MECHANIC
8218,,FAC WORKER
8219,,ZONE LD
8220,,LEAD ROOFER
8221,,CRAFT ZONE SR LD
8222,,"HEATING, VENTILATION, AIR CONDITIONING AND COOLING CONTROL TECHNICIAN"
8223,,VENDING MACH TCHN
8224,,"ROOFER, APPRENTICE"
8225,,"VENTILATION MECHANIC, APPRENTICE"
8226,,VENTILATION MECHANIC
8227,,REFRIGERATION MECHANIC
8228,,SYS OPR SUPV
8229,,SYS OPR AST SUPV
8230,,SYS OPR LD
8231,,SYS OPR
8232,,"HEATING, VENTILATION, AIR CONDITIONING AND COOLING CONTROL TECHNICIAN, APPRENTICE"
8233,,STEAM OPS ENGR CHF
8234,,STEAM OPS ENGR CHF AST
8235,,STEAM OPS ENGR LD
8236,,RESIDENTIAL SVC MECH LD
8237,,RESIDENTIAL SVC MECH
8238,,SVC ENGR
8239,,STEAM OPS ENGR
8240,,STEAM OPS ENGR APPR
8241,,STEAM PLT SUPV
8242,,STEAM OPS ENGR AST SUPV
8243,,STEAM OPS ENGR
8244,,WATER AND WASTEWATER OPERATOR APPRENTICE
8245,,WATER AND WASTEWATER OPERATOR
8246,,SHEETMETAL MECHANIC
8247,,PHYSICAL PLANT OPERATOR SUPERVISOR
8249,,"GLAZIER, APPRENTICE"
8250,,SYS OPR APPR
8252,,STY ENGR CHF AST
8253,,STY ENGR
8254,,"REFRIGERATION MECHANIC, LEAD"
8255,,STY ENGR WORKER LD
8256,,PLUMBER SUPV
8257,,LEAD PLUMBER
8258,,PLUMBER
8259,,APPRENTICE PLUMBER
8260,,PLUMBER AST SUPV
8261,,"HIGH VOLT ELECTRICIAN, APPRENTICE"
8262,,LOCKSMITH AST SUPV
8263,,UPHOLSTERER
8264,,LOCKSMITH SUPV
8265,,LEAD LOCKSMITH
8266,,LOCKSMITH
8267,,APPRENTICE LOCKSMITH
8268,,APPRENTICE ELEVATOR MECHANIC
8269,,CABINET MAKER
8270,,SUPERVISOR OF ACCELERATOR OPERATIONS
8271,,PRINCIPAL ACCELERATOR OPERATOR
8272,,SENIOR ACCELERATOR OPERATOR
8273,,ACCELERATOR OPERATOR
8274,,CTRL UTILITY PLT OPR
8275,,CTRL UTILITY PLT OPR LD
8276,,CTRL UTILITY PLT OPR AST SUPV
8277,,CTRL UTILITY PLT OPR SUPV
8278,,CENTRAL HEAT & COOLING PLANT OPERATOR APPRENTICE
8279,,CENTRAL HEATING AND COOLING PLANT OPERATOR
8280,,CEMENT MASON-FLOORER
8281,,PRINCIPAL ACCELERATOR MECHANICAL TECHNICIAN
8282,,CEMENT MASON LD
8284,,SIGNMAKER SUPV AST
8285,,SIGNMAKER LD
8286,,SIGNMAKER
8287,,SIGNMAKER AST
8288,,SIGNMAKER APPR
8289,,CTRL UTILITY PLT OPR APPR
8290,,PRINCIPAL TELEVISION TECHNICIAN - SUPERVISOR
8291,,PRINCIPAL TELEVISION TECHNICIAN
8292,,SENIOR TELEVISION TECHNICIAN
8293,,TELEVISION TECHNICIAN
8294,,PHYS PLT OPR
8295,,SOUND TCHN
8296,,STY ENGR
8297,,SENIOR ELECTRICIAN TECHNICIAN SUPERVISOR - MEDICAL FACILITY
8298,,ELECTRICIAN TECHNICIAN SUPERVISOR - MEDICAL FACILITY
8299,,SENIOR ELECTRONICS TECHNICIAN SUPERVISOR
8300,,ELECTRONICS TECHNICIAN SUPERVISOR
8301,,PRINCIPAL ELECTRONICS TECHNICIAN
8302,,SENIOR ELECTRONICS TECHNICIAN
8303,,ELECTRONICS TECHNICIAN
8304,,ELECTRONICS TECHNICIAN TRAINEE
8305,,MED CTR BLDG MAINT WORKER LD
8306,,"SENIOR BUILDING MAINTENANCE WORKER, MEDICAL CENTER"
8307,,"BUILDING MAINTENANCE WORKER, MEDICAL CENTER"
8308,,MACHINIST APPRENTICE
8309,,STEAMFITTER APPRENTICE
8310,,WATER DISTRIBUTION MECH LD
8311,,PRINCIPAL LABORATORY GLASSBLOWER
8312,,SENIOR LABORATORY GLASSBLOWER
8313,,LABORATORY GLASSBLOWER
8314,,LABORATORY GLASSBLOWER TRAINEE
8315,,PLUMBER 2
8316,,PLUMBER 1
8317,,WATER DISTRIBUTION MECH 2
8318,,WATER DISTRIBUTION MECH 1
8319,,HVAC 2
8320,,HVAC 1
8321,,TELESCOPE TCHN PRN
8322,,TELESCOPE TCHN SR
8323,,TELESCOPE TCHN
8324,,MAINT MECH 2
8325,,MAINT MECH 1
8326,,AEROSPACE TCHN 3
8327,,AEROSPACE TCHN 2
8328,,PORT ENGR
8329,,LEAD OPERATIONS MECHANIC
8330,,COMM OFCR
8331,,COMM OFCR AST
8332,,MARINE RADIO OFCR SUPV
8333,,MARINE RADIO OFCR SR
8334,,MARINE RADIO OFCR
8335,,SHEETMETAL WORKER 2
8336,,SHEETMETAL WORKER 1
8337,,ELEVATOR MECH 2
8338,,ELEVATOR MECH 1
8339,,BELL CAPTAIN LD
8340,,BELL ATTENDANT
8341,,BAGGAGE PORTER
8342,,FIRST OFCR
8343,,SECOND OFCR
8344,,THIRD OFCR
8345,,BOATSWAIN
8346,,FLOORING INSTALLER SUPV
8347,,FLOORING INSTALLER LD
8348,,FLOORING INSTALLER
8349,,BLDG MGT SHOP SPEC
8350,,BLDG MGT SHOP LD
8351,,BLDG MGT SHOP WORKER
8352,,FIRST ENGR AST
8353,,SECOND ENGR AST
8354,,THIRD ENGR AST
8355,,BOAT ENGR
8356,,FLOATING LAB OFCR IN CHARGE
8357,,LEAD ALARM ELECTRICIAN
8358,,FLOATING LAB CREWMEMBER SR
8359,,FLOATING LAB CREWMEMBER
8360,,ELEVATOR MECH HELPER
8361,,MARINE ELECTRN PRN
8362,,MARINE ELECTRN SR
8363,,MARINE ELECTRN
8364,,MARINE UTILITY ELECTRN
8365,,MARINE ELECTR TCHN TRAINEE
8366,,MARINE ELECTR TCHN
8367,,MARINE ELECTR TCHN SR
8368,,MARINE ELECTR TCHN PRN
8369,,PHYSICAL PLANT MECHANIC 3
8370,,PHYSICAL PLANT MECHANIC 2
8372,,MARINE COOK SR
8373,,MARINE COOK
8374,,BOAT COOK
8375,,HVAC SPEC
8376,,PLUMBER SPEC
8377,,ELECTRN SPEC
8378,,FIRE AND SCRTY SPEC
8379,,FIRE AND SCRTY LD
8380,,LOCKSMITH SPEC
8381,,PAINTER SPEC
8382,,ABLE SEAMAN
8383,,ORDINARY SEAMAN
8384,,PSYCHOMETRY SUPERVISOR 2
8385,,BOAT OPR PRN
8386,,BOAT OPR SR
8387,,BOAT OPR
8388,,SIGN MAKER SPEC
8389,,CARPENTER SPEC
8390,3T,COMMUNITY HEALTH OUTREACH SUPERVISOR 1
8391,,INSULATION HELPER
8392,,OILER
8393,,WIPER
8394,,MARINE GENERAL HELPER
8395,,COGEN OPR SPEC
8396,,MARINE MECHN PRN
8397,,MARINE MECHN SR
8398,,MARINE MECHN
8399,,MARINE MECHN HELPER
8400,,"Consult, Lactation FVR"
8401,,"Therapist, Speech FVR-0"
8402,,"Therapist, Physical FVR-1"
8403,,"Therapist, Physical FVR-0"
8404,,"Therapist, Speech FVR-1"
8405,,"Therapist, Occupational FVR-0"
8406,,"Therapist, Occupational FVR-1"
8407,,"Case Manager, RN I FVR-0"
8408,,"Case Manager, RN I FVR-1"
8409,,"Pharmacist, Clinical FVR-0"
8410,,"Pharmacist, Clinical FVR-1"
8411,,"Scientist, Med Lab I FVR-0"
8412,,"Scientist, Med Lab I FVR-1"
8413,,"Scientist, Med Lab II FVR-1"
8414,,"Scientist, Med Lab II FVR-2"
8415,,"Scientist, Med Lab II FVR-0"
8416,,"Scientist, Med Lab Lead FVR"
8417,,Registered Nurse FVR-A
8418,,Registered Nurse FVR-0
8419,,Registered Nurse FVR-6
8420,,Registered Nurse FVR-D
8421,,Registered Nurse FVR-2
8422,,Registered Nurse FVR-B
8423,,Registered Nurse FVR-3
8424,,Registered Nurse FVR-4
8425,,Registered Nurse FVR-7
8426,,Registered Nurse FVR-8
8427,,Registered Nurse FVR-9
8428,,Registered Nurse FVR-5
8429,,"Pharmacist, Staff FVR-0"
8430,,"Pharmacist, Staff FVR-1"
8431,,Social Worker III FVR
8432,,Social Worker II FVR-0
8433,,Social Worker II FVR-1
8434,,Clerk FVR-2
8435,,Clerk FVR-1
8436,,AIRCRAFT PILOT
8437,,Operator FVR-0
8438,,Operator FVR-1
8439,,"Tech, Distrubution FVR-5"
8440,,"Tech, Distrubution FVR-0"
8441,,"Tech, Distrubution FVR-6"
8442,,"Tech, Distrubution FVR-2"
8443,,"Tech, Distrubution FVR-4"
8444,,"Tech, Distrubution FVR-1"
8445,,"Tech, Distrubution FVR-3"
8446,,"Engineer, Stationary FVR-1"
8447,,"Engineer, Stationary FVR-0"
8448,,"Mechanic, Maintenance FVR-0"
8449,,"Mechanic, Maintenance FVR-1"
8450,,"Mechanic, HVAC FVR"
8451,,"Tech, Biomed FVR"
8453,,AIRPORT SERVICES WORKER
8454,,"Tech, Anesthesia FVR"
8455,,"Asst, Nursing Cert FVR-0"
8456,,"Asst, Nursing Cert FVR-1"
8457,,"Asst, Nursing FVR"
8458,,LVN/LPN FVR-1
8459,,LVN/LPN FVR-0
8460,,"Tech, Emergency Dept I FVR"
8461,,"Tech, Surgical FVR-2"
8462,,"Tech, Surgical FVR-4"
8463,,"Tech, Surgical FVR-8"
8464,,"Tech, Surgical FVR-7"
8465,,"Tech, Surgical FVR-6"
8466,,"Tech, Surgical FVR-3"
8467,,"Asst, Cert Occ Therapy FVR"
8468,,"Asst, Lic Phys Therapy FVR"
8469,,AUTO ENGR
8470,,AUTOMOTIVE ATTENDANT - SUPERVISOR
8471,,AUTOMOTIVE TECHNICIAN SUPERVISOR
8472,,LEAD AUTOMOTIVE TECHNICIAN
8473,,AUTOMOTIVE TECHNICIAN
8474,,ASSISTANT AUTOMOTIVE TECHNICIAN
8475,,AUTOMOTIVE ATTENDANT
8476,,HEAVY DUTY EQUIPMENT TECHNICIAN
8477,,ASSISTANT HEAVY DUTY EQUIPMENTTECHNICIAN
8478,,"Techno, Echo FVR-0"
8479,,"Techno, Echo FVR-1"
8480,,"Tech, EKG FVR"
8481,,"Techno, Ultrasound FVR-0"
8482,,"Techno, Ultrasound FVR-1"
8483,,DRIVER
8484,,INSTRUCTIONAL DESIGN SUPERVISOR 2
8485,,PRINCIPAL AUTOMOTIVE EQUIPMENTOPERATOR
8486,,SENIOR AUTOMOTIVE EQUIPMENT OPERATOR
8487,,AUTOMOTIVE EQUIPMENT OPERATOR
8488,,MEDICAL STAFF SERVICES SUPERVISOR 1
8489,,PRINCIPAL AUTOMOTIVE EQUIPMENTOPERATOR - SUPERVISOR
8490,,PER DIEM AUTOMATIVE EQUIPMENT OPERATOR
8491,,PER DIEM SENIOR AUTO EQUIPMENTOPERATOR
8492,,"Tech, Cardiovascular FVR"
8493,,"Cord, Biomed Engineering FVR"
8494,,"Tech, Medical Lab I FVR-2"
8495,,"Tech, Medical Lab I FVR-0"
8496,,"Teh, Medical Lab II FVR"
8497,,"Techno, Nuclear Medicine FVR-0"
8498,,"Techno, Nuclear Medicine FVR-1"
8499,,"Techno, CT FVR-0"
8500,,"Techno, CT FVR-1"
8501,,"Techno, MRI FVR"
8502,,GARAGE MGR
8503,,"Techno, Radiologic FVR-1"
8504,,"Techno, Radiologic FVR-0"
8505,,"Techno, Intervention Rad FVR-1"
8506,,"Techno, Intervention Rad FVR-2"
8507,,"Pract, Respiratory Care FVR-0"
8508,,"Pract, Respiratory Care FVR-1"
8509,,"Pract, Respiratory Care FVR-2"
8510,,Phlebotomist FVR-0
8511,,TRANSIT MAINTENANCE MANAGER
8512,,Phlebotomist FVR-1
8513,,"Tech, Rehab FVR"
8514,,Transporter FVR-2
8515,,Transporter FVR-0
8516,,Transporter FVR-1
8517,,"Secretary, Unit FVR-1"
8518,,"Secretary, Unit FVR-0"
8519,,"Tech, Pharmacy I FVR-0"
8520,,"Tech, Pharmacy I FVR-1"
8521,,SENIOR FARM MACHINERY MECHANIC - SUPERVISOR
8522,3T,SENIOR FARM MACHINERY MECHANIC
8523,3T,FARM MACHINERY MECHANIC
8524,,ASSISTANT FARM MACHINERY MECHANIC
8525,,FARM MACHINERY ATTENDANT
8526,,"Tech, Monitor FVR"
8527,,"Tech, Endoscopy FVR"
8528,,"Cord, DNFC LAK"
8529,,"Cord, Staffing LAK"
8530,,"Cord, Office LAK-2"
8531,,"Cord, Office LAK-1"
8532,,Operator LAK
8533,,Receptionist LAK
8534,,"Coder, Inpt/Otpt IV LAK"
8535,,LAUNDRY TRUCK DRIVER
8536,,TUMOR REGISTRAR 3
8537,,TUMOR REGISTRAR 2
8538,,TUMOR REGISTRAR 1
8539,,FARM WORKER
8540,3T,PRINCIPAL AGRICULTURAL TECHNICIAN
8541,3T,SENIOR AGRICULTURAL TECHNICIAN
8542,3T,AGRICULTURAL TECHNICIAN
8543,3T,FARM LABORER
8544,3T,PER DIEM SEASONAL FARM WORKER
8545,,PRINCIPAL AGRICULTURAL TECHNICIAN - SUPERVISOR
8546,,SENIOR AGRICULTURAL TECHNICIAN- SUPERVISOR
8547,,"Cord, Central Supply LAK"
8548,,"Tech, Distrubution LAK-1"
8549,,"Therapist, Occupational LAK"
8550,,"Therapist, Speech LAK"
8551,,TRUCK DRIVER LD
8552,,TRUCK DRIVER SUPV
8553,,TRUCK DRIVER
8554,,"Supv, Laboratory LAK-0"
8555,,"Supv, Laboratory LAK-1"
8556,,"Therapist, Physical LAK-1"
8557,,"Asst, Administrative LAK"
8558,,"Engineer, Stationary LAK"
8559,,"Mechanic, General Maint LAK"
8560,,"Tech, Biomed LAK"
8561,,"Asst, Nursing Cert LAK"
8562,,LVN/LPN LAK-1
8563,,EQUIPMENT OPERATOR
8564,,LVN/LPN LAK-0
8565,,"Tech, Emergency Medical LAK"
8566,,"Tech, Surgical Cert LAK-0"
8567,,"Tech, Surgical Cert LAK-1"
8568,,"Tech, Surgical LAK"
8569,,"Scientist, Med Lab I LAK"
8570,,"Techno, Multimodality LAK"
8571,,"Techno, Ultrasound LAK"
8572,,"Tech, Cath Lab LAK"
8573,,"Techno, Cardiovascular LAK-0"
8574,,"Techno, Cardiovascular LAK-1"
8575,,"Asst, Laboratory LAK"
8576,,"Techno, Nuclear Medicine LAK"
8577,,"Techno, CT LAK"
8578,,"Techno, Radiologic LAK"
8579,,Scheduler LAK
8580,,"Techno, Intervention Rad LAK-0"
8581,,"Techno, Intervention Rad LAK-2"
8582,,"Techno, Intervention Rad LAK-1"
8583,,"Pract, Respiratory Care LAK-1"
8584,,"Pract, Respiratory Care LAK-0"
8585,,"Tech, EEG LAK"
8586,,"Tech, Histology LAK"
8587,,"Rep, Patient Access I LAK-1"
8588,,"Rep, Patient Access I LAK-2"
8589,,Physician Assistant-FT LAK
8590,,Physician Assistant-PRN LAK
8591,,"Tech, Sterile Processing LAK"
8592,,"Pharmacist, Staff LAK"
8593,,Transporter LAK-1
8594,,Transporter LAK-0
8595,,"Secretary, Department LAK"
8596,,"Secretary, Unit LAK"
8597,,"Tech, Health Info I LAK"
8598,,"Tech, Health Info II LAK-1"
8599,,"Tech, Health Info II LAK-0"
8600,,"Tech, Pharmacy I LAK-1"
8601,,"Tech, Monitor LAK"
8602,,Social Worker II LAK
8603,,"Tech, Endoscopy LAK"
8604,,Clerk LOM-2
8605,,Clerk LOM-1
8606,,Receptionist LOM-0
8607,,"Tech, Distrubution LOM-1"
8608,,"Analyst, Business Sys LOM"
8609,,"Case Manager, RN I LOM-1"
8610,,"Mechanic, General Maint LOM"
8611,,"Mechanic, Maintenance LOM"
8612,,"Tech, Anesthesia LOM"
8613,,"Asst, Nursing Cert LOM-1"
8614,,"Asst, Nursing Cert LOM-0"
8615,,"Asst, Nursing Cert LOM-2"
8616,,"Asst, Nursing LOM"
8617,,"Tech, Emergency Medical LOM"
8618,,"Tech, Surgical LOM-1"
8619,,"Asst, Lic Phys Therapy LOM"
8620,,"Techno, Echo LOM"
8621,,"Tech, EKG LOM"
8622,,"Techno, Ultrasound LOM"
8623,,"Techno, Nuclear Medicine LOM"
8624,,"Therapist, Radiation LOM"
8625,,"Techno, CT LOM"
8626,,"Techno, Mammo LOM"
8627,,"Techno, Radiologic LOM"
8628,,Discharge Planner LOM
8629,,"Techno, Intervention Rad LOM"
8630,,"Pract, Respiratory Care LOM-1"
8631,,"Pract, Respiratory Care LOM-0"
8632,,OFFICE MACHINE TECHNICIAN 3
8633,,OFFICE MACHINE TECHNICIAN 2
8634,,OFFICE MACHINE TECHNICIAN 1
8636,,POLYSOMNOGRAPHY TECHNOLOGIST SENIOR PER DIEM
8637,,DIETETIC ASSISTANT PER DIEM
8638,,MED CTR DEV TCHN 5 SUPV
8639,,DEVELOPMENT TECHNICIAN IV- MEDICAL FACILITY - SUPERVISOR
8640,,MED CTR DEV TCHN 5
8641,,DEVELOPMENT TECHNICIAN IV- MEDICAL FACILITY
8642,,DEVELOPMENT TECHNICIAN III- MEDICAL FACILITY
8643,,DEVELOPMENT TECHNICIAN II- MEDICAL FACILITY
8644,,MED CTR DEV TCHN 1
8645,,"Tech, Histology LOM"
8646,,"Rep, Patient Access II LOM-1"
8647,,"Tech, Sterile Processing LOM"
8648,,"Tech, Cert Phlebotomy LOM"
8649,,SENIOR SUPERINTENDENT OF MECHANICAL SHOP
8650,,SUPERINTENDENT OF MECHANICAL SHOP
8651,3T,PRINCIPAL LABORATORY MECHANICIAN
8652,,SENIOR LABORATORY MECHANICIAN
8653,3T,LABORATORY MECHANICIAN
8654,3T,LABORATORY MECHANICIAN HELPER
8655,,Transporter LOM
8656,,"Secretary, Unit LOM"
8657,,"Tech, Pharmacy I LOM"
8658,,"Tech, Monitor LOM"
8659,,"Tech, Endoscopy LOM"
8660,,Transcriptionist I PLA
8661,,"Tech, Distrubution PLA"
8662,,PETROLOGICAL TCHNO SR
8663,,PETROLOGICAL TCHNO
8664,,OPHTHALMIC ASSISTANT 3
8665,,OPHTHALMIC ASSISTANT 2
8666,,OPHTHALMIC ASSISTANT 1
8667,,SENIOR LAB MECHANICIAN - SUPERVISOR
8668,,PRINCIPAL LAB MECHANICIAN - SUPERVISOR
8669,,PRINCIPAL LABORATORY MECHANICIAN - MEDICAL FACILITY - SUPERVISOR
8670,,SENIOR LABORATORY MECHANICIAN-MEDICAL FACILITY - SUPERVISOR
8671,,PRINCIPAL LABORATORY MECHANICIAN-MEDICAL FACILITY
8672,,SENIOR LABORATORY MECHANICIAN-MEDICAL FACILITY
8673,,LABORATORY MECHANICIAN- MEDICAL FACILITY
8674,,LABORATORY MECHANICIAN HELPER-MEDICAL FACILITY
8675,,LEAVE OF ABSENCE SPECIALIST 4
8676,,LEAVE OF ABSENCE SPECIALIST 3
8677,,LEAVE OF ABSENCE SPECIALIST 2
8678,,LEAVE OF ABSENCE SUPERVISOR 2
8679,,LEAVE OF ABSENCE SUPERVISOR 1
8680,,PRINCIPAL ELECTRONICS TECHNICIAN-MEDICAL FACILITY - SUPERVISOR
8681,,PRINCIPAL ELECTRONICS TECHNICIAN-MEDICAL FACILITY
8682,,SENIOR ELECTRONICS TECHNICIAN-MEDICAL FACILITY
8683,,ELECTRONICS TECHNICIAN- MEDICAL FACILITY
8684,,ELECTRONICS TECHNICIAN TRAINEE-MEDICAL FACILITY
8685,,"Assoc, Environ Svcs I PLA-1"
8686,,"Assoc, Environ Svcs I PLA-0"
8687,,"Asst, Nursing Cert PLA"
8688,,"Asst, Nursing PLA-1"
8689,,"Asst, Nursing PLA-0"
8690,,Constant Observer PLA
8691,,"Tech, Emergency Dept I PLA"
8692,,"Tech, Surgical PLA-1"
8693,,"Tech, Surgical PLA-0"
8694,,"Techno, Echo PLA"
8695,,"Techno, Ultrasound PLA-0"
8696,,"Tech, Cardiovascular PLA"
8697,,"Asst, Laboratory I PLA"
8698,,"Asst, Laboratory II PLA"
8699,,"Techno, CT PLA-0"
8700,,"Techno, Radiologic PLA-0"
8701,,"Techno, Intervention Rad PLA"
8702,,"Pract, Respiratory Care PLA"
8703,,"Tech, Sterile Processing PLA"
8704,,Transporter PLA
8705,,"Secretary, Unit PLA"
8706,,"Tech, Pharmacy I PLA"
8707,,"Tech, Monitor PLA"
8708,,"Case Manager, RN I LAK-1"
8709,,"Case Manager, RN I LAK-0"
8710,,Registered Nurse LAK-8
8711,,Registered Nurse LAK-7
8712,,Registered Nurse LAK-3
8713,,Registered Nurse LAK-A
8714,,Registered Nurse LAK-9
8715,,Registered Nurse LAK-4
8716,,Registered Nurse LAK-6
8717,,Registered Nurse LAK-1
8718,,Registered Nurse LAK-5
8719,,Dir-IS Ops Delivery (H) C29
8720,,"Manager, Staffing FVR-0"
8721,,"Mgr, Accounting C29"
8722,,"Supv, Patient Access BES"
8723,,"Dir, Bus Development C29"
8724,,"Assoc, Business Dev C29"
8725,,"Mgr, Business Dev C29"
8726,,"Dir, Strategy C29"
8727,,"Dir, PA Site II BES"
8728,,"Dir, PA Site I BES"
8729,,"Mgr, PA II BES"
8730,,"Mgr, PA I BES"
8731,,"Mgr, Interim - Tra SFZ"
8732,,"Accountant, Senior A19"
8733,,"Case Manager, RN Tra SFZ"
8734,,"Tech, Medical Lab Tra SFZ"
8735,,"Rep, PA II - P1 BES"
8736,,"Rep, PA I - P1 BES"
8737,,"Rep, PA Lead - P1 BES"
8738,,"Rep, PA III - P1 BES"
8739,,"RN Travel, Specialty Tra SFZ"
8740,,"RN, Specialty Tra SFZ"
8741,,RN Travel Tra SFZ
8742,,Registered Nurse Tra SFZ
8743,,"Analyst, Application Sr A19"
8744,,"Analyst, Application A19"
8745,,Compliance Officer C29
8746,,Emergency Tech II SFZ
8747,,"Tech, Surgical Cert Tra SFZ"
8748,,"Spec, Phys Clinical Syst TPR"
8749,,"Rep, Patient Service CPE"
8750,,"Asst, Medical Lead (CMA) CPE"
8751,,"Supv, Physician Practice CPE"
8752,,"Supv, Business Office CPE"
8753,,"Mgr, Physician Practice CPE"
8754,,Medical Scribe TPR CPE
8755,,"Educator, Clinical CPE"
8756,,"Asst, Cert Medical CPE"
8757,,"Cord, Referral CPE"
8758,,"Cord, Practice CPE"
8759,,"Cord, Billing TPR-South CPE"
8760,,Rep-Patient Service CPE
8761,,OPTICAL TCHN PRN
8762,,OPTICAL TCHN SR
8763,,"Techno, Radiologic CPE"
8764,,"Asst, Administrative CPE"
8765,,"Asst, Medical CPE"
8766,,"Mgr, Mkt Practice Ops FCP"
8767,,"Dir, Facilities Mgmt FVR"
8768,,"Mgr, Supply Chain FVR"
8769,,"Officer, Patient Safety LAK"
8770,,Recruiter A19
8771,,"Resident, LAK"
8772,,Pharmacy Resident FVR
8773,,PIANO TCHN
8774,,Resident FVR
8775,,Coord-CLS/QA PLA
8776,,"Asst, Human Resources CPE"
8777,,"Mgr, Corp Communications C29"
8778,,Clinical Director AQ8
8779,,Endoscopy RN AQ8
8780,,GI Technician AQ8
8781,,Insurance Verifier AQ8
8782,,BRACE MAKER SR
8783,,Materials Manager AQ8
8784,,Patient Services Rep AQ8
8785,,Pre Op Post Op RN AQ8
8786,,Regional Administrator AQ8
8787,,Register Nurse AQ8
8788,,Tech AQ8
8789,,Administrator ARD
8790,,Patient Services Rep ARD
8791,,SURGICAL INSTRUMENT MAKER PRN
8792,,SURGICAL INSTRUMENT MAKER SR
8793,,PRINCIPAL SURGICAL TECHNICIAN
8794,4C,CLINICAL APPLICATIONS PROFESSIONAL 3
8795,,CLINICAL APPLICATIONS PROFESSIONAL 2
8796,,CLINICAL APPLICATIONS PROFESSIONAL 1
8797,,CLINICAL IMAGING IT SPECIALIST 3
8798,,CLINICAL IMAGING IT SPECIALIST 2
8799,,CLINICAL IMAGING IT SPECIALIST 1
8800,,CLINICAL INFORMATICS SPECIALIST 3
8801,,CLINICAL INFORMATICS SPECIALIST 2
8802,,CLINICAL INFORMATICS SPECIALIST 1
8803,,FACSIMILE PRINT BINDERY
8805,,EDITION BINDERY FOREPERSON
8806,,EDITION BOOKBINDER PRN A
8807,,EDITION BOOKBINDER SR
8808,,EDITION BOOKBINDER
8809,,EDITION BOOKBINDER AST
8810,,EDITION BOOKBINDER APPR
8811,,NUC MED TCHNO PRN
8813,,PREPRESS FOREPERSON
8814,,PREPRESS SHIFT LEADER TCHL EXP
8815,,DIGITAL PREPRESS TCHN
8816,,PREPRESS TCHN
8817,,SVC BUREAU TCHN
8818,,DIGITAL MACH OPR
8819,,PREPRESS TCHN APPR
8820,,TECHNICAL PROJECT MANAGEMENT PROFESSIONAL 1
8821,,TECHNICAL PROJECT MANAGEMENT PROFESSIONAL 2
8822,,TECHNICAL PROJECT MANAGEMENT PROFESSIONAL 3
8823,,REGL POLICY AND INTEL PROFL 3
8824,,REGL POLICY AND INTEL PROFL 2
8825,,REGL POLICY AND INTEL PROFL 1
8826,3T,RESEARCH GRANT PROGRAM OFFICER 3
8827,,STRATEGIC SOURCING PROFESSIONAL 3
8828,,STRATEGIC SOURCING PROFESSIONAL 2
8829,,Scheduler ARD
8830,,Supervisor ARD
8831,,TEAM LEADER ARD
8832,,Tech ARD
8833,,Administrator ARE
8834,,Clerk ARE
8835,,Collector ARE
8836,,Endoscopy RN ARE
8837,,Insurance Verifier ARE
8838,,License V.Nurse ARE
8839,,Materials Manager ARE
8840,,Medical Assistant ARE
8841,,LIBRARY BOOKBINDER PRODUCTION LEAD
8842,,PRINCIPAL LIBRARY BOOKBINDER
8843,,SENIOR LIBRARY BOOKBINDER
8844,,LIBRARY BOOKBINDER
8846,,SENIOR LIBRARY BOOKBINDER-SUPERVISOR
8847,,LIBRARY BOOKBINDER APPR
8848,,Medical Records ARE
8849,,Operating Room Manager ARE
8850,,Operating Room RN ARE
8851,,Patient Services Rep ARE
8852,,Post Surgical RN ARE
8853,,Pre Op Post Op RN ARE
8854,,Preoperative RN ARE
8855,,Register Nurse ARE
8856,,Sterile Tech Regular ARE
8857,,Tech ARE
8858,,C Suite
8859,,Nurse Practitioner
8860,,Physician Assistant
8861,,"Supv, Hospital HIM Ops FVR"
8862,,"Supv, Transporter FVR"
8863,,"Dir, Cancer Svcs LOM"
8864,,REHABILITATION SERVICES SUPERVISOR 1
8865,,STERILE PROCESSING TCHN 4
8866,,ANESTHESIA TCHN 3
8867,,ANESTHESIA TCHN 3 PD
8868,,ANESTHESIA TCHN LD
8869,,COLOR PRESS OPR 1
8871,,PRESS FOREPERSON
8872,,PRESS WEB OPR SHIFT LEADER 6C
8873,,PRESS OPR 4C
8874,,PRESS OPR
8875,,PRESS OPR AST
8876,,GENERAL HELPER
8877,,PRESS OPR APPR
8878,4C,AGRICULTURE SUPERVISOR 2
8879,4C,AGRICULTURE SUPERVISOR 1
8880,3T,CLINICAL SPECIALIST EXEMPT
8881,,CLINICAL SPECIALIST-SUPERVISOR EXEMPT
8882,,MEDICAL OFFICE SERVICE COORDINATOR LEAD 3
8883,,CLIN CARE PARTNER
8884,,CLIN CARE PARTNER PD
8885,3T,CLINICAL SPECIALIST NON-EXEMPT
8886,,CLINICAL SPECIALIST SUPERVISOR NON-EXEMPT
8887,,ADMIN CARE PARTNER
8888,,PER DIEM CARDIOVASCULAR TECHNICIAN
8889,,CARDIOVASCULAR TECHNICIAN
8890,,EMERGENCY TRAUMA TCHN PD
8891,,PER DIEM SENIOR EMERGENCY TRAUMA TECHNICIAN
8892,,ANESTHESIA TECHNICIAN - SUPERVISOR
8893,,ADMIN CARE CLIN PARTNER
8894,,ADMIN CARE CLIN PARTNER PD
8895,,NURSE STF CRD
8896,,NURSE STF CRD PD
8897,,ANESTHESIA TECHNICIAN
8898,,ANESTHESIA TECHNICIAN II
8899,,ANESTHESIA TECHNICIAN PER DIEM
8900,,ANESTHESIA TECHNICIAN II PER DIEM
8901,,MED AST PD
8902,,PHARMACY TECHNICIAN III PER DIEM
8903,,PATIENT ESCORT PER DIEM
8904,,SENIOR HOSPITAL ASSISTANT
8905,,HOSP AST
8906,,PER DIEM HOSPITAL ASSISTANT - SUPERVISOR INSTITUTE (LPN1/NP1)
8907,,HOSP AST SR PD
8908,,MED AST
8909,,VOC NURSE SR PD
8910,,PERMITTEE INTERIM VOC NURSE
8911,,SENIOR PATIENT ESCORT
8912,,PATIENT ESCORT
8913,,SENIOR MENTAL HEALTH PRACTITIOONER
8914,,MENTAL HEALTH PRACTITIONER
8915,,SENIOR VOCATIONAL NURSE - SUPERVISOR
8916,,SENIOR VOCATIONAL NURSE
8917,,VOCATIONAL NURSE
8918,,PER DIEM VOCATIONAL NURSE - SUPERVISOR INSTITUTE (LPN1/NP1)
8919,,SENIOR EMERGENCY TRAUMA TECHNICIAN
8920,,EMERGENCY TRAUMA TECHNICIAN
8921,,NURSE AID SR PD
8922,,NURSE AID SR
8923,,PSYCHIATRIC TCHN SR PD
8924,,PER DIEM PSYCHIATRIC TECHNICIAN - SUPERVISOR INSTITUTE (LPN1/NP1)
8925,,SENIOR PSYCHIATRIC TECHNICIAN
8926,,PSYCHIATRIC TECHNICIAN
8927,,PRINCIPAL ORTHOPEDIC TECHNICIAN
8928,,SENIOR ORTHOPEDIC TECHNICIAN
8929,,ORTHOPEDIC TECHNICIAN
8930,,SENIOR SURGICAL TECHNICIAN
8931,,SURGICAL TECHNICIAN
8932,,PER DIEM SURGICAL TECHNICIAN - SUPERVISOR INSTITUTE (LPN1/NP1)
8933,,UROLOGY TCHN SR
8934,,UROLOGY TCHN
8935,,PER DIEM SENIOR ECHOCARDIOGRAPHIC TECHNICIAN - SUPERVISOR INSTITUTE (LPN1/NP1)
8938,,SENIOR CLINICAL LABORATORY SCIENTIST SPECIALIST
8939,,CLINICAL LABORATORY SCIENTIST SPECIALIST
8940,,CLINICAL LABORATORY SCIENTIST
8941,,PRINCIPAL ECHOCARDIOGRAPHIC TECHNICIAN
8942,,SENIOR ECHOCARDIOGRAPHIC TECHNICIAN
8943,,ECHOCARDIOGRAPHIC TECHNICIAN
8944,,PHYSICAL THERAPY ASSISTANT III
8945,,PHYSICAL THERAPY ASSISTANT II
8946,,PHYSICAL THERAPY ASSISTANT I
8947,,CERTIFIED OCCUPATIONAL THERAPY ASSISTANT
8948,,CERTIFIED OCCUPATIONAL THERAPYASSISTANT II
8949,,CERTIFIED OCCUPATIONAL THERAPYASSISTANT I
8951,,PHYSICAL THERAPY ASSISTANT PER DIEM - SUPERVISOR INSTITUTE (LPN1/NP1)
8952,,PER DIEM CERTIFIED OCCUPATIONAL THERAPY ASSISTANT- SUPERVISOR INSTITUTE (LPN1/NP1)
8953,,SUPERVISING CYTOTECHNOLOGIST
8954,,SENIOR CYTOTECHNOLOGIST
8955,,CYTOTECHNOLOGIST
8956,,PER DIEM CLINICAL LABORATORY SCIENTIST
8957,,CLINICAL LABORATORY SCIENTIST APPRENTICE
8959,,CLIN LAB SCI SPEC PD
8960,,PER DIEM ELECTROCARDIOGRAPH TECHNICIAN - SUPERVISOR INSTITUTE (LPN1/NP1)
8961,,PRINCIPAL ELECTROCARDIOGRAPHICTECHNICIAN
8962,,SENIOR ELECTROCARDIOGRAPHIC TECHNICIAN
8963,,ELECTROCARDIOGRAPHIC TECHNICIAN
8964,,SURGICAL CRD
8965,,PRINCIPAL ULTRASOUND TECHNOLOGIST
8966,,SENIOR ULTRASOUND TECHNOLOGIST
8967,,ULTRASOUND TECHNOLOGIST
8968,,PER DIEM SENIOR ULTRASOUND TECHNOLOGIST - SUPERVISOR INSTITUTE (LPN1/NP1)
8969,,PRINCIPAL ULTRASOUND TECHNOLOGIST - SUPERVISOR
8971,,HOSPITAL LABORATORY TECHNICIAN III - SUPERVISOR
8972,,HOSPITAL LABORATORY TECHNICIAN II - SUPERVISOR
8973,,HOSPITAL LABORATORY TECHNICIANIV
8974,,HOSPITAL LABORATORY TECHNICIAN III
8975,,HOSPITAL LABORATORY TECHNICIAN II
8976,,HOSPITAL LABORATORY TECHNICIAN I
8977,,ECHOCARDIOGRAPHIC TCHN PD
8978,,NUC MED TCHN PRN
8979,,NUC MED TCHN SR
8980,,PER DIEM HOSPITAL LAB TECHNICIAN I - SUPERVISOR INSTITUTE (LPN1/NP1)
8981,,"HOSPITAL LABORATORY TECHNICIAN IV, PER DIEM"
8982,,SENIOR ORTHOPTIST
8983,,ORTHOPTIST
8984,,PER DIEM HOSPITAL LABORATORY TECHNICIAN III
8985,,PER DIEM HOSPITAL LABORATORY TECHNICIAN II - SUPERVISOR INSTITUTE (LPN1/NP1)
8986,,SUPERVISING CYTOGENETIC TECHNOLOGIST
8987,,CYTOGENETIC TECHNOLOGIST II
8988,,CYTOGENETIC TECHNOLOGIST I
8989,,CYTOGENETIC TECHNOLOGIST TRAINEE
8990,,PER DIEM SENIOR RADIOLOGIC TECHNOLOGIST
8991,,PER DIEM MEDICAL ASSISTANT II - SUPERVISOR INSTITUTE (LPN1/NP1)
8992,,PER DIEM MEDICAL ASSISTANT - SUPERVISOR INSTITUTE (LPN1/NP1)
8993,,MEDICAL ASSISTANT I
8994,4C,MEDICAL ASSISTANT II
8995,,MEDICAL ASSISTANT II-- SUPERVISOR
8996,,CYTOGENETIC TCHNO PD
8997,,PER DIEM SENIOR CYTOTECHNOLOGIST
8998,,PER DIEM CYTOTECHNOLOGIST
8999,,ULTRASOUND TCHNO PRN PD
9000,,HOSP BLANK AST 4
9002,,NUC MED TCHNO CHF ASC
9003,,SENIOR NUCLEAR MEDICINE TECHNOLOGIST
9004,,NUCLEAR MEDICINE TECHNOLOGIST
9005,,NUCLEAR MEDICINE TECHNOLOGIST TRAINEE
9006,,PER DIEM SENIOR NUCLEAR MEDICINE TECHNOLOGIST
9007,,SENIOR DOSIMETRIST
9008,,DOSIMETRIST
9009,,NUC MED TCHNO PD
9010,,CHIEF RADIATION THERAPY TECHNOLOGIST
9011,,RAD THER TCHNO CHF ASC
9012,,SENIOR RADIATION THERAPY TECHNOLOGIST
9013,,RADIATION THERAPY TECHNOLOGIST
9014,,RAD THER TCHNO TRAINEE
9015,,PER DIEM RADIATION THERAPY TECHNOLOGIST - SUPERVISOR INSTITUTE (LPN1/NP1)
9016,,RADLG TCHNO PRN LD
9017,,PRINCIPAL RADIOLOGIC TECHNOLOGIST - SUPERVISOR
9018,,SENIOR RADIOLOGIC TECHNOLOGIST- SUPERVISOR
9019,,CHIEF RADIOLOGIC TECHNOLOGIST
9021,,PRINCIPAL RADIOLOGIC TECHNOLOGIST
9022,,SENIOR RADIOLOGIC TECHNOLOGIST
9023,,RADIOLOGIC TECHNOLOGIST
9024,,RADIOLOGIC TECHNOLOGIST TRAINEE
9025,,PER DIEM RADIOLOGIC TECHNOLOGIST
9026,,PER DIEM PRINCIPAL RADIOLOGIC TECHNOLOGIST
9027,,SENIOR PERFUSIONIST NON-EXEMPT
9028,,PERFUSIONIST NON-EXEMPT
9029,,PERFUSIONIST AST
9030,,ADMITTING WORKER SUPERVISOR
9031,,PRINCIPAL ADMITTING WORKER
9032,,SENIOR ADMITTING WORKER
9033,,ADMITTING WORKER
9034,,PER DIEM ADMITTING WORKING - SUPERVISOR INSTITUTE (LPN1/NP1)
9035,,PRINCIPAL ADMITTING WORKER - SUPERVISOR
9036,,PRINCIPAL PERFUSIONIST NON-EXEMPT
9037,,PRINCIPAL PERFUSIONIST -- SUPERVISOR
9038,,PERFUSIONIST PD
9039,,PER DIEM SENIOR PERFUSIONIST NON-EXEMPT
9040,,ADMITTING WORKER SR SUPV
9041,,SENIOR PROSTHETIST/ORTHOTIST
9042,,PROSTHETIST/ORTHOTIST
9043,,INTERVENTNL RADLG TCHNO
9044,,PROSTHETICS/ORTHOTICS ASSISTANT
9045,,INTERVENTNL RADLG TCHNO LD
9046,,RESPIRATORY THERAPIST IV
9047,,RESPIRATORY THERAPIST III
9048,,RESPIRATORY THERAPIST II
9049,,REGISTERED RESPIRATORY THERAPIST I
9050,,RESPIRATORY THERAPIST I
9051,,PER DIEM REGISTERED RESPIRATORY THERAPIST - SUPERVISOR INSTITUTE (LPN1/NP1)
9052,,PER DIEM RESPIRATORY THERAPIST - SUPERVISOR INSTITUTE (LPN1/NP1)
9053,,RESPIRATORY THERAPIST II-SUPVR
9054,,RESP CARE PRACT TCHN
9055,,RESP CARE PRACT APPLCNT
9056,,RESP CARE PRACT TCHN PD
9057,,HISTO TCHNO LD
9059,,PRINCIPAL ELECTROENCEPHALOGRAPHIC TECHNOLOGIST
9060,,SENIOR ELECTROENCEPHALOGRAPHIC TECHNOLOGIST
9061,,ELECTROENCEPHALOGRAPHIC TECHNOLOGIST
9062,,PER DIEM PRINCIPAL ELECTROENCEPHALOGRAPHIC TECHNOLOGIST INSTITUTE (LPN1/NP1)
9063,,RESP THER APPR
9064,,ADMITTING WORKER SR PD
9065,,HISTOTECHNOLOGIST I
9066,,HISTOTECHNOLOGIST II
9067,,HISTOTECHNOLOGIST III
9069,,PER DIEM HISTOTECHNOLOGIST II
9070,,"SENIOR ELECTROENCEPHALOGRAPHIC TECHNOLOGIST, PER DIEM"
9071,,RADLG EQUIP SPEC PRN
9072,,SENIOR RADIOLOGICAL EQUIPMENT SPECIALIST
9073,,RADIOLOGICAL EQUIPMENT SPECIALIST
9074,,"ELECTROENCEPHALOGRAPHIC TECHNOLOGIST, PER DIEM"
9075,,CHIEF RADIATION THERAPY TECHNOLOGIST - SUPERVISOR
9076,,CHIEF RADIOLOGIC TECHNOLOGIST - SUPERVISOR
9077,,ASSOCIATE RADIOLOGIC TECHNOLOGIST - SUPERVISOR
9078,,MAMMOGRAPHY TECHNOLOGIST PER DIEM
9079,,MRI TCHNO SR
9080,,PER DIEM SERVICE PARTNER
9081,,SERVICE PARTNER
9082,,LEAD SERVICE PARTNER
9083,,LEAD MRI TECHNOLOGIST
9084,,PER DIEM MRI TECHNOLOGIST
9085,,MRI TECHNOLOGIST
9086,,CT TECHNOLOGIST
9087,,PER DIEM CT TECHNOLOGIST
9088,,LEAD CT TECHNOLOGIST
9089,,MAMMOGRAPHY TECHNOLOGIST
9090,,PRINCIPAL POLYSOMNOGRAPHY TECHNOLOGIST
9091,,SENIOR POLYSOMNOGRAPHY TECHNOLOGIST
9092,,POLYSOMNOGRAPHY TECHNOLOGIST
9093,,POLYSOMNOGRAPHY TECHNOLOGIST TRAINEE
9094,,PER DIEM ACCESS REPRESENTATIVE TECHNOLOGIST INSTITUTE (LPN1/NP1)
9095,,PER DIEM SENIOR ACCESS REPRESENTATIVE TECHNOLOGIST INSTITUTE (LPN1/NP1)
9096,,PRE DIEM PRINCIPAL ACCESS REPRESENTATIVE TECHNOLOGIST INSTITUTE (LPN1/NP1)
9097,,ACCESS REPRESENTATIVE
9098,,SENIOR ACCESS REPRESENTATIVE
9099,,PRINCIPAL ACCESS REPRESENTATIVE
9100,,PRINCIPAL ACCESS REPRESENTATIVE - SUPERVISOR
9101,,ACCESS SUPERVISOR
9102,,CT TCHNO SR
9103,,RESPIRATORY THERAPIST IV - SUPERVISOR
9104,,RESPIRATORY THERAPIST III - SUPERVISOR
9105,,RADIATION EQUIPMENT SPECIALIST-SUPERVISOR
9106,,"ULTRASOUND TECHNOLOGIST, PER DIEM"
9107,,CATH LAB RADLG TCHNO
9108,,LEAD MAMMOGRAPHY TECHNOLOGIST
9110,,TRANSPLANT COORDINATOR I
9111,,TRANSPLANT COORDINATOR II
9112,,CHIEF DOSIMETRIST
9113,,STDT NURSE PD
9114,,PER DIEM HOME HEALTH NURSE
9115,,HOME HEALTH NURSE IV
9116,,HOME HEALTH NURSE III
9117,,HOME HEALTH NURSE II
9118,,HOME HEALTH NURSE I
9119,2P,PER DIEM NURSE
9120,,NURSE INTERIM PERMITTEE
9121,,PER DIEM SENIOR NURSE ANESTHETIST
9122,,PER DIEM NURSE ANESTHETIST
9123,,RESC NURSE PD
9125,,"COORDINATOR, TRANSPLANT III"
9126,,PROFL SCHED OR UNSCHED
9130,,NURSE MANAGER
9131,,ADMINISTRATIVE NURSE
9132,,ADMINISTRATIVE NURSE III
9134,,ADMINISTRATIVE NURSE I
9135,,ADMIN NURSE SUPV 2
9136,,ADMIN NURSE SUPV 3
9137,,CLINICAL NURSE IV
9138,,CLINICAL NURSE III
9139,,CLINICAL NURSE II
9140,,CLINICAL NURSE I
9141,,NURSE CRD
9142,,PRINCIPAL NURSE ANESTHETIST
9144,,NURSE ANESTHETIST
9145,,SENIOR NURSE ANESTHETIST - SUPERVISOR
9146,,NURSE PRACTITIONER 3
9147,,NURSE PRACTITIONER 2
9148,,NURSE PRACTITIONER 1
9149,,NURSE PRACTITIONER SUPERVISOR 3
9151,,MENTAL HEALTH THERAPIST I
9152,,MENTAL HEALTH THERAPIST II
9153,,MENTAL HEALTH THERAPIST SUPERVISOR
9154,,BIOMEDICAL EQUIPMENT TECHNICIAN IV
9155,,BIOMEDICAL EQUIPMENT TECHNICIAN III
9156,,BIOMEDICAL EQUIPMENT TECHNICIAN II
9157,,BIOMEDICAL EQUIPMENT TECHNICIAN I
9158,,CLINICIAN PD
9159,,CLINICIAN SCHED UNSCHED
9160,,NURSE PRACTITIONER PER DIEM
9161,,OPERATING ROOM EQUIPMENT SPECIALIST 1
9162,,OPERATING ROOM EQUIPMENT SPECIALIST 2
9163,,OPERATING ROOM EQUIPMENT SUPERVISOR
9164,,"CENTRAL STERILE TECHNICIAN, SUPERVISOR"
9165,,OPERATING ROOM ASSISTANT 1
9166,,OPERATING ROOM ASSISTANT 2
9167,,OPERATING ROOM ASSISTANT PER DIEM
9168,,OPS ROOM AST 2 PD
9169,,OPS ROOM AST LD 3
9171,,HOME HEALTH AIDE
9172,,"HOME HEALTH AIDE, PER DIEM"
9173,,PULMONARY TECHNICIAN I
9174,,PULMONARY TECHNICIAN II
9175,,PULMONARY TECHNICIAN III
9176,,"PULMONARY TECHNICIAN, PER DIEM"
9177,,EXAMINING PHYSICIAN
9179,,RADIOLOGY ASSISTANT I
9180,,RADIOLOGY ASSISTANT II
9181,,"RADIOLOGY ASSISTANT, PER DIEM"
9182,,DENTAL HYGIENIST PD
9183,,OPERATING ROOM EQUIPMENT SPECIALIST PER DIEM
9184,,ULTRASOUND TCHNO LD
9185,,PERINATAL TCHN 1
9186,,PERINATAL TCHN 2
9187,,EXAMINING DENTIST
9189,,DENTAL EXTERN
9190,,DENTAL HYGIENIST TECHNOLOGIST INSTITUTE (LPN1/NP1)
9191,,REG DENTAL AST PD
9192,,SENIOR OPTOMETRIST
9194,,OPTICIAN
9195,,DENTAL AST SUPV
9196,,REGISTERED DENTAL ASSISTANT
9197,,TEACHING CLIN DENTAL AST SUPV
9198,,TEACHING CLIN REG DENTAL AST
9199,,DENTAL ASSISTANT
9200,,DENTAL AIDE
9202,,SENIOR PHYSICIAN ASSISTANT
9203,,PHYSICIAN ASSISTANT
9204,,PER DIEM PHYSICIAN ASSISTANT
9205,,PAT SPECIALTY SVC TCHN
9206,,REG DENTAL AST EXTD FUNC
9207,,PRINCIPAL OPTOMETRIST
9208,,REG DENTAL AST SUPV EXTD FUNC
9209,,PULMONARY TECHNICIAN 4
9210,,PER DIEM MEDICAL OFFICE SERVICE COORDINATOR I
9211,,PER DIEM MEDICAL OFFICE SERVICE COORDINATOR II
9212,,MEDICAL OFFICE SERVICE COORDINATOR I
9213,4C,MEDICAL OFFICE SERVICE COORDINATOR II
9214,,MEDICAL OFFICE SERVICE COORDINATOR III
9215,,MEDICAL OFFICE SERVICE COORDINATOR III - SUPERVISOR
9216,,MEDICAL OFFICE SERVICE COORDINATOR IV
9217,,MEDICAL OFFICE SERVICE COORDINATOR IV - SUPERVISOR
9218,,"TECHNICAL, STERILE PROCESSING II"
9219,,"TECHNICAL, STERILE PROCESSING III"
9220,,"TECHNICAL, STERILE PROCESSING I PER DIEM"
9221,,"TECHNICAL, STERILE PROCESSING II PER DIEM"
9222,,PER DIEM CENTRAL STERILE TECHNICIAN III
9223,,MEDICAL OFFICE SERVICE COORDINATOR V - SUPERVISOR
9224,,PER DIEM MEDICAL OFFICE SERVICE COORDINATOR III
9225,,PODIATRIST
9226,,PAT SUPP AST
9227,,PAT SUPP AST PD
9228,,OPERATING ROOM SUPPORT ASSISTANT
9229,,OPERATING ROOM SUPPORT ASSISTAN PER DIEM
9230,,HOSP UNIT SVC CRD PD
9231,,PAT CARE TCHN
9232,,PAT CARE TCHN PD
9233,,PAT CARE AST
9234,,PAT CARE AST PD
9235,,HOSP BLANK AST 4
9236,,GRADUATE INTERN PHARMACIST
9237,,PER DIEM PHLEBOTOMIST
9239,,PHLEBOTOMIST
9240,,HOSPITAL RADIATION PHYSICIST EXEMPT
9241,,ASSISTANT HOSPITAL RADIATION PHYSICIST
9242,,HOSP AID PD
9243,,PER DIEM HOSPITAL (__) ASSISTANT III
9244,,PER DIEM HOSPITAL -ASSISTANT II TECHNOLOGIST INSTITUTE (LPN1/NP1)
9245,,PER DIEM HOSPITAL -ASSISTANT I TECHNOLOGIST INSTITUTE (LPN1/NP1)
9246,,SENIOR PHARMACIST
9247,,STAFF PHARMACIST 2
9248,,STAFF PHARMACIST 1
9249,,PHARMACIST PD
9250,,PER DIEM PHARMACIST II
9251,4C,HOSPITAL____ASSISTANT III
9252,4C,HOSPITAL____ASSISTANT II
9253,,HOSPITAL____ASSISTANT I
9254,,HOSP BLANK AID
9255,,HOSPITAL____ASSISTANT III - SUPERVISOR
9256,,HOSPITAL____ASSISTANT II - SUPERVISOR
9257,,HOSPITAL UNIT SERVICE COORDINATOR III
9258,,HOSPITAL UNIT SERVICE COORDINATOR II
9259,,HOSPITAL UNIT SERVICE COORDINATOR I
9260,,PER DIEM HOSPITAL UNIT SERVICECOORDINATOR TECHNOLOGIST INSTITUTE (LPN1/NP1)
9261,,PRINCIPAL MEDICAL RECORD ADMINISTRATOR
9262,,SENIOR MEDICAL RECORD ADMINISTRATOR
9263,,MEDICAL RECORD ADMINISTRATOR
9264,,ASSISTANT MEDICAL RECORD ADMINISTRATOR
9265,,"TECHNICAL, STERILE PROCESSING I"
9266,,MEDICAL RECORD TECHNICIAN
9267,,ASSISTANT MEDICAL RECORD TECHNICIAN
9268,,PATIENT CARE DIALYSIS TECHNICIAN PER DIEM
9269,,MEDICAL RECORD ADMINISTRATOR -SUPERVISOR
9270,,PAT CARE DIALYSIS TCHN 3
9271,,PAT CARE DIALYSIS TCHN 2
9272,,PATIENT CARE DIALYSIS TECHNICIAN 1
9273,,PAT CARE DIALYSIS TCHN 2 PD
9274,,DIALYSIS ME TCHN 2 PD
9275,,DIALYSIS ME TCHN 2
9276,,DIALYSIS ME TCHN 1
9277,,VOCATIONAL REHABILITATION COUNSELOR
9278,,PER DIEM PHARMACY TECHNICIAN II
9279,,PER DIEM PHARMACY TECHNICIAN I
9280,,PHARMACY TECHNICIAN SUPERVISOR
9281,,PHARMACY TECHNICIAN III
9282,,PHARMACY TECHNICIAN II
9283,,PHARMACY TECHNICIAN I
9284,,GENETIC COUNSELOR 3-SUPERVISOR
9285,,GENETIC COUNSELOR 3
9286,,GENETIC COUNSELOR 2-SUPERVISOR
9287,,GENETIC COUNSELOR 2
9288,,GENETIC COUNSELOR I TECHNOLOGIST INSTITUTE (LPN1/NP1)
9289,,PER DIEM GENETICS COUNSELOR
9290,,MED RCDS AST SR
9291,,MED RCDS AST
9292,,MED RCDS AST SUPV
9293,,CERTIFIED PHLEBOTOMIST TECHNICIAN II
9294,,CERTIFIED PHLEBOTOMIST TECHNICIAN III
9295,3T,PER DIEM CERTIFIED PHLEBOTOMIST TECHNICIAN II
9296,,CERTIFIED PHLEBOTOMY TECHNICIAN SUPERVISOR
9297,,PHARMACIST 1 PD
9298,,TELEMETRY TCHN
9299,,TELEMETRY TCHN PD
9300,,LEAD ANGIOGRAPHY TECHNOLOGIST
9301,,ANGIOGRAPHY TECHNOLOGIST
9302,,PER DIEM ANGIOGRAPHY TECHNOLOGIST
9303,,OPTOMETRIST 3
9304,,ASSOCIATE CHIEF LICENSED CLINICAL SOCIAL WORKER
9305,,SUPERVISING LICENSED CLINICAL SOCIAL WORKER
9306,,LICENSED CLINICAL SOCIAL WORKER
9307,,SOCIAL WORKER II
9308,,SOCIAL WORKER I
9309,,PER DIEM SOCIAL WORKER II
9310,,PER DIEM LICENSED CLINICAL SOCIAL WORKER
9311,,ASSOCIATE CHIEF CLINICAL SOCIAL WORKER
9312,,SUPERVISING CLINICAL SOCIAL WORKER
9313,,CLINICAL SOCIAL WORKER III
9314,,CLINICAL SOCIAL WORKER II
9315,,CLINICAL SOCIAL WORKER I
9316,,PER DIEM CLINICAL SOCIAL WORKER II
9317,,CHILD DEV ASC SR
9318,,CMTY HEALTH PRG SUPV UCOP
9319,,CMTY HEALTH PRG MGR UCOP
9320,,COMMUNITY HEALTH PROGRAM CHIEF
9321,,COMMUNITY HEALTH PROGRAM ASSISTANT CHIEF
9322,,COMMUNITY HEALTH PROGRAM MANAGER
9323,,COMMUNITY HEALTH PROGRAM SUPERVISOR
9324,3T,SENIOR COMMUNITY HEALTH PROGRAM REPRESENTATIVE
9325,3T,COMMUNITY HEALTH PROGRAM REPRESENTATIVE
9326,3T,ASSISTANT COMMUNITY HEALTH PROGRAM REPRESENTATIVE
9327,,CMTY HEALTH PRG REPR PD
9328,,CLINICAL RESEARCH COORDINATOR SUPERVISOR
9329,,SENIOR CLINICAL RESEARCH COORDINATOR SUPERVISOR
9330,,COMMUNITY SERVICES CASE MANAGER
9331,,COMMUNITY SERVICES CASE MANAGER
9332,,CMTY HEALTH PRG REPR SR PD
9333,,CLINICAL RESEARCH SUPERVISOR
9335,3T,CLINICAL RESEARCH COORDINATOR
9336,3T,ASSISTANT CLINICAL RESEARCH COORDINATOR
9337,,VOLUNTEER SVC CRD 2
9338,,COORDINATOR OF VOLUNTEER SERVICES I
9339,,VOLUNTEER SVC CRD AST
9340,,VOLUNTEER SVC CRD AST SUPV
9341,,SOCIAL WORK ASSOCIATE
9342,,ASSISTANT SOCIAL WORK ASSOCIATE
9343,,OPTOMETRIST 4
9344,,CHILD DEVELOPMENT SUPERVISOR
9345,,CHILD DEVELOPMENT ASSOCIATE
9346,,ANESTHETIST NURSE REG GRAD
9347,,PRINCIPAL MEDICAL RECORDS ADMINISTRATOR - SUPERVISOR
9348,,SENIOR MEDICAL RECORDS ADMINISTRATOR - SUPERVISOR
9349,,SUPERVISING COMMUNITY HEALTH PROGRAM MANAGER
9350,,SUPERVISING COMMUNITY HEALTH PROGRAM - SUPERVISOR
9351,,CHILD LIFE SPEC 3
9354,,CHILD LIFE MANAGER
9355,,MEDICAL INTERPRETER I
9356,,MEDICAL INTERPRETER II
9357,3T,PER DIEM MEDICAL INTERPRETER
9358,,MENTAL HEALTH PRACT PD
9359,,CLINIC OPERATIONS SHS SUPERVISOR 1
9360,,CLINIC OPERATIONS SHS SUPERVISOR 2
9361,,GOVERNMENT RELATIONS SPECIALIST 3
9362,,PUBLICATIONS & PRODUCTION SUPERVISOR 2
9363,,MED CTR PARKING AST
9364,,MED CTR PARKING REPR
9365,,MED CTR PARKING REPR LD
9366,,FIELD WORK ASSISTANT
9367,,CLINICAL LAB SHS SUPERVISOR 2
9368,,"CHILD LIFE SPECIALIST I, PER DIEM"
9369,,CHILD LIFE SPEC 2 PD
9370,,RADIOLOGY SHS SUPERVISOR 2
9371,,CHILD LIFE SPEC 3 PD
9372,,CLINIC OPS SHS ADMINISTRATOR 4
9373,,CHILD LIFE TEACHER SUPV
9374,,CHILD LIFE TEACHER 3
9375,,CHILD LIFE TEACHER 2
9376,,CHILD LIFE TEACHER 1
9377,,CHILD LIFE TEACHER 3 PD
9378,,CHILD LIFE TEACHER 2 PD
9379,,CHILD LIFE TEACHER 1 PD
9380,,ADMITTING WORKER PRN PD
9381,,CLINICAL LAB SUPERVISOR 1
9382,,BEHAVIORAL SVC 1
9383,3T,PSYCHOLOGIST II
9384,,PSYCHOLOGIST I
9385,,PSYCHOLOGIST 1 PD
9386,,PSYCHOLOGIST 2 PD
9387,,INFECTION PREVENTIONIST 3
9388,,INFECTION PREVENTIONIST 2
9389,,INFECTION PREVENTIONIST 1
9390,3T,CERT PHLEBOTOMY TCHN 1 PD
9391,3T,CERT PHLEBOTOMY TCHN 1
9392,,SENIOR PSYCHOMETRIST
9393,,PSYCHOMETRIST
9394,,GASTROINTESTINAL ENDOSCOPY TECHNICIAN SUPERVISOR
9395,,GASTROINTESTINAL ENDOSCOPY TECHNICIAN III
9396,,PER DIEM GASTROINTESTINAL ENDOSCOPY TECHNICIAN II
9397,,GASTROINTESTINAL ENDOSCOPY TECHNICIAN II
9398,,PER DIEM GASTROINTESTINAL ENDOSCOPY TECHNICIAN I
9399,,GASTROINTESTINAL ENDOSCOPY TECHNICIAN I
9400,,BIOINFORMATICS PROGRAMMER 4
9401,3T,BIOINFORMATICS PROGRAMMER 3
9402,3T,BIOINFORMATICS PROGRAMMER 2
9403,,BIOINFORMATICS PROGRAMMER 1
9404,,FLEET SERVICE SUPERVISOR 2
9405,,FLEET SERVICE SUPERVISOR 1
9406,,LEGAL SUPP SPEC 4
9407,,SYSWIDE ACAD HR ANL 2
9408,,SPEECH PATHOLOGIST SR NEX
9409,,IONM TCHNO SR
9410,,CTRL SVC TCHN 1
9411,,CTRL SVC TCHN 2
9412,,CTRL SVC TCHN LD 3
9413,,CTRL SVC TCHN 1 PD
9414,,CTRL SVC TCHN 2 PD
9415,,LIFT TEAM TCHN 1
9416,,LIFT TEAM TCHN 2
9417,,LIFT TEAM TCHN LD 3
9418,,LIFT TEAM TCHN 1 PD
9419,,LIFT TEAM TCHN 2 PD
9420,,OPHTHALMIC TCHN 1
9421,,OPHTHALMIC TCHN 2
9422,,OPHTHALMIC TCHN LD 3
9423,,PAT TRANSPORT TCHN 1
9424,,PAT TRANSPORT TCHN 2
9425,,PAT TRANSPORT TCHN LD 3
9426,,PAT TRANSPORT TCHN 1 PD
9427,,PAT TRANSPORT TCHN 2 PD
9428,,REHAB AID 1
9429,,REHAB AID 2
9430,,REHAB AID LD 3
9431,,REHAB AID 1 PD
9432,,REHAB AID 2 PD
9433,,HISTO TCHNO 1 PD
9434,,MED AST 3
9435,,MED AST 4
9436,,EMERGENCY MED TCHN LD
9437,,EMERGENCY MED TCHN SR
9438,,EMERGENCY MED TCHN
9439,,EMERGENCY MED TCHN PD
9440,,FINANCIAL ADMIN OFCR 1
9441,,FINANCIAL ADMIN OFCR 2
9442,,FINANCIAL ADMIN OFCR 3
9443,,BLDG AUTO CNTRL SUPV
9444,,BLDG AUTO CNTRL TCHN
9445,,FIRE AND SCRTY SYS TCHN
9446,,FIRE AND SCRTY SYS SUPV AST
9447,,FIRE AND SCRTY SYS SUPV
9448,,STY ENGR INSTRUMENT CNTRL TCHN
9449,,ASSOCIATE CHIEF OF REHABILITATION SERVICES
9450,,IONM TCHNO
9451,,MUSIC THERAPIST
9452,,ART THERAPIST
9453,,ATHLETIC TRAINER 1
9454,,ATHLETIC TRAINER 2
9455,,ATHLETIC TRAINER 3
9456,,ATHLETIC TRAINER 4
9457,,SUPERVISING ATHLETIC TRAINER
9458,,ATHLETIC TRAINER
9459,,ATHLETIC TRAINING SUPERVISOR 2
9460,,ATH TRAINER PD
9461,,MASSAGE THERAPIST 2
9462,,CASE MANAGER SUPERVISOR
9463,,"CASE MANAGER, PER DIEM"
9464,,PHYS THER SPC DUTY
9465,,FROZEN - SHIFT SETUP - REVIEW
9466,,RECREATION THERAPIST 1
9467,,RECR THER PD
9468,,POLYSOMNOGRAPHY - SUPERVISOR
9469,,PER DIEM SENIOR SPEECH PATHOLOGIST
9470,,AUDIOLOGICAL SVC CHF
9471,,PER DIEM SPEECH PATHOLOGIST
9472,,SENIOR SPEECH PATHOLOGIST EXEMPT
9473,,SPEECH PATHOLOGIST
9474,,SENIOR AUDIOLOGIST
9475,,AUDIOLOGIST
9476,,AUDIOLOGIST PD
9477,,READING THER
9478,,AUDIOLOGIST SR PD
9479,,BIOMEDICAL EQUIPMENT - SUPERVISOR
9480,,DIVISION ADMINISTRATOR
9481,,PHYSICAL THERAPIST IV
9485,,PER DIEM PHYSICAL THERAPIST
9486,,PER DIEM PHYSICAL THERAPIST II
9487,,PER DIEM PHYSICAL THERAPIST I
9488,,SENIOR VETERINARIAN PER DIEM
9489,1S,ASSOCIATE VETERINARIAN PER DIEM
9490,,PER DIEM OCCUPATIONAL THERAPIST II
9491,,PER DIEM OCCUPATIONAL THERAPIST I
9492,,DOSIMETRIST SR PD
9493,,PHYSICAL THERAPIST 2
9494,,PHYSICAL THERAPIST 3
9495,,PHYSICAL THERAPIST 4
9496,,OCCUPATIONAL THERAPIST IV
9498,,OCCUPATIONAL THERAPIST II
9499,,OCCUPATIONAL THERAPIST I
9501,,CASE MANAGER SOCIAL WORKER
9502,,CASE MANAGER SOCIAL WORKER PER DIEM
9503,,FAC TEST TCHN
9504,,"Mgr, Case Management FVR"
9505,,Administrative Dir FVR
9506,,"Dir, Imaging Svcs LOM"
9507,,"Mgr, Clinical Pharmacy LAK"
9508,,PERFUSIONIST PRN EX
9509,,PERFUSIONIST SR EX
9510,,PERFUSIONIST EX
9511,,PSYCHIATRIC SVC HC SUPV 2
9512,,PSYCHIATRIC SVC HC SUPV 1
9513,,INHALATION CHAMBER TCHN PRN
9514,,INHALATION CHAMBER TCHN SR
9515,,INHALATION CHAMBER TCHN
9516,,ANML SVC OFCR
9517,,HOSP RAD PHYSICIST NEX
9520,3T,SPECTROSCOPIST
9521,3T,ANIMAL RESOURCES MANAGER
9522,3T,ANIMAL RESOURCES SUPERVISOR
9523,3T,PRINCIPAL ANIMAL TECHNICIAN
9524,3T,SENIOR ANIMAL TECHNICIAN
9525,3T,ANIMAL TECHNICIAN
9526,3T,ASSISTANT ANIMAL TECHNICIAN
9527,,SENIOR ANIMAL TECHNICIAN - SUPERVISOR
9528,,PRINCIPAL ANIMAL TECHNICIAN - SUPERVISOR
9529,,ASSOCIATE VETERINARIAN - SUPERVISOR
9530,,ANML HEALTH TCHN 4 EX
9531,,SENIOR VETERINARIAN-LABORATORYANIMAL MEDICINE
9532,3T,ASSOCIATE VETERINARIAN- LABORATORY ANIMAL MEDICINE
9533,,ASSISTANT VETERINARIAN- LABORATORY ANIMAL MEDICINE
9534,,ANIMAL HEALTH TECHNICIAN IV NON-EXEMPT
9535,,ANIMAL HEALTH TECHNICIAN III
9536,4C,ANIMAL HEALTH TECHNICIAN II
9537,,ANIMAL HEALTH TECHNICIAN I
9538,,ANIMAL HEALTH TECHNICIAN IV - SUPERVISOR
9539,,ANIMAL HEALTH TECHNICIAN III - SUPERVISOR
9540,,ANIMAL HEALTH TECHNICIAN II - SUPERVISOR
9545,1S,VETERINARIAN 2
9546,1S,FIELD VETERINARIAN 2
9547,3T,CLINICAL RESEARCH SUPERVISOR 2
9548,3T,CLINICAL RESEARCH SUPERVISOR 1
9549,3T,CLINICAL RESEARCH ANALYST 4
9550,,CLINICAL REGISTRIES SUPERVIOSR 1
9551,,SENIOR BOTANICAL GARDEN/ ARBORETUM MANAGER
9552,,BOTANICAL GARDEN/ARBORETUM MANAGER
9553,,"Rep, Human Resources LOM"
9558,,COUNSELING PSYCHOLOGIST 3 HX
9559,,COUNSELING PSYCHOLOGIST 2 HX
9560,,RESPIRATORY CARE SUPERVISOR 1
9561,3T,SENIOR NURSERY TECHNICIAN
9562,3T,NURSERY TECHNICIAN
9563,,CERT NURSE MIDWIFE 3
9564,,CERT NURSE MIDWIFE 2
9565,,CERT NURSE MIDWIFE 1
9566,,CERT NURSE MIDWIFE PD
9567,,ANGIOGRAPHY TCHNO SR
9600,3T,LABORATORY ASSISTANT IV-- SUPERVISOR
9601,3T,LABORATORY ASSISTANT IV
9602,3T,LABORATORY ASSISTANT III
9603,3T,LABORATORY ASSISTANT II
9604,,LABORATORY ASSISTANT III - SUPERVISOR
9605,3T,LABORATORY ASSISTANT I
9606,3T,LABORATORY HELPER
9607,,MEDICAL LABORATORY TECHNICIAN
9608,,SRA 5 SUPV
9609,2P,STAFF RESEARCH ASSOCIATE V
9610,2P,STAFF RESEARCH ASSOCIATE IV
9611,2P,STAFF RESEARCH ASSOCIATE III
9612,2P,STAFF RESEARCH ASSOCIATE II
9613,2P,STAFF RESEARCH ASSOCIATE I
9614,2P,STAFF RESEARCH ASSOCIATE IV --SUPERVISOR
9615,2P,STAFF RESEARCH ASSOCIATE III--SUPERVISOR
9616,2P,STAFF RESEARCH ASSOCIATE II --SUPERVISOR
9617,2P,STAFF RESEARCH ASSOCIATE II - NON EXEMPT
9618,,MARINE TECHNICIAN II - NON EXEMPT
9619,,MARINE TECHNICIAN III - NON EXEMPT
9620,,PAT COMM REPR
9621,,SUPERVISING SCANNER I
9622,,SCANNER II
9623,,SCANNER I
9632,4C,PRINCIPAL MUSEUM PREPARATOR
9633,,SENIOR MUSEUM PREPARATOR
9634,4C,MUSEUM PREPARATOR
9640,,MARINE TCHN 4 SUPV
9641,,MARINE TCHN 4
9642,,MARINE TCHN 3
9643,,MARINE TCHN 2
9644,,MARINE TCHN 1
9717,,DIVING OFFICER
9718,,TREASURY ANL 2
9719,,TREASURY ANL 1
9720,,SENIOR MUSEUM SCIENTIST - SUPERVISOR
9721,2P,PRINCIPAL MUSEUM SCIENTIST
9722,2P,SENIOR MUSEUM SCIENTIST
9723,2P,MUSEUM SCIENTIST
9724,2P,ASSISTANT MUSEUM SCIENTIST
9726,,PRINCIPAL MUSEUM SCIENTIST - SUPERVISOR
9727,,Anesthesia Tech-WH
9728,,Cardc Intervtnl Rad Tech-WH
9729,,Cardio Vasc Tech 1-WH
9730,,Cardio Vasc Tech 2-WH
9731,,Cashier-WH
9732,,Central Sterile Tech 2-WH
9733,,Clerk-WH
9734,,Clinical Dietician-WH
9735,,Clinical Lab Scientist-WH
9736,,CLS Blood Bank DB-WH
9737,,CLS Lab Info Systems-WH
9738,,Cook-WH
9739,,Cook(Sr)-WH
9740,,CT Scan Tech-WH
9741,,Echo/Vas Ultrasd Tech-WH
9742,,Education & Outreach Ast-WH
9743,,Env Services Assoc-WH
9744,,Env Services Coord-WH
9745,,ER Tech PCT/EMT-WH
9746,,Financial Counselor-WH
9747,,Food/Nutrition Aide-WH
9748,,Food/Nutrition Team Leader-WH
9749,,Food Line Worker-WH
9750,,HIM Specialist II-WH
9751,,Histology Tech-WH
9752,,Interventnl Tech-WH
9753,,Lab Asst-WH
9754,,LVN/LPN-WH
9755,,Maint Mech I-WH
9756,,Maint Mech II-WH
9757,,Maint Mech III-WH
9758,,Mammography Tech-WH
9759,,Medical Photographer-WH
9760,,MRI-WH
9761,,Nuclear Med Tech-WH
9762,,Nurse Extern I-WH
9763,,Nurse Extern II-WH
9764,,O/P Recepnst/ Res Secr-WH
9765,,Occupational Therapist-WH
9766,,OR Tech-WH
9767,,OR Tech Sr.-WH
9768,,Pathology Aide-WH
9769,,Patient Care Tech-WH
9770,,Patient Care Coord-WH
9771,,PBX Operator-WH
9772,,Pharmacist-WH
9773,,Pharmacy Tech-WH
9774,,Pharmacy Tech 2-WH
9775,,Pharmacy Tech Lead-WH
9776,,Phlebotomist-WH
9777,,Physical Therapist-WH
9778,,Physical Therapy Aide-WH
9779,,Physical Therapy Assistant-WH
9780,,Pre Reg/Ins Verif Rep-WH
9781,,Rad Tech-WH
9782,,Radiology Asst-WH
9783,,Registrar-WH
9784,,Registrar/Birth Certificate-WH
9785,,Registrar/Radiology-WH
9786,,Resp Care Prac(CRTT)2-WH
9787,,Resp Care Prac(CRTT)3-WH
9788,,Secretary/Transcriber-WH
9789,,Social Wrkr LCSW-WH
9790,,Social Wrkr MedicalMSW-WH
9791,,Spec Proc Tech-WH
9792,,Speech Therapist-WH
9793,,Supply Chain Tech-WH
9794,,Team Lead/Registrar-WH
9795,,Team Leader/ Transcription-WH
9796,,Telemetry Tech-WH
9797,,Transporter-WH
9798,,Ultrasonographer/ CV-WH
9799,,Ultrasound Tech-WH
9800,,Unit Clerk-WH
9801,,FIRE CAPTAIN - 56 HRS
9806,,FIRE SPECIALIST I - 56 HRS
9807,,FIRE SPECIALIST II - 56 HRS
9808,,FIRE CAPTAIN - 40 HRS
9809,,FIRE SPECIALIST I - 40 HRS
9810,,FIRE SPECIALIST II - 40 HRS
9811,,FIRE CAPTAIN (NON-SAFETY)
9812,,FIRE SPECIALIST 1 (NON-SAFETY)
9813,,FIRE SPECIALIST 2 (NON-SAFETY)
9814,,FIRE SPECIALIST 1 56 HOURS NON HAZMAT
9815,,Anesthesia Tech-WH-PD
9816,,Cardc Intervtnl Rad Tech-WH-PD
9817,,Cardio Vasc Tech 1-WH-PD
9818,,Cardio Vasc Tech 2-WH-PD
9819,,Cashier-WH-PD
9820,,Central Sterile Tech 2-WH-PD
9821,,Clerk-WH-PD
9822,,Clinical Dietician-WH-PD
9823,,Clinical Lab Scientist-WH-PD
9824,,CLS Blood Bank DB-WH-PD
9825,,CLS Lab Info Systems-WH-PD
9826,,Cook-WH-PD
9827,,Cook(Sr)-WH-PD
9828,,CT Scan Tech-WH-PD
9829,,Echo/Vas Ultrasd Tech-WH-PD
9830,,Education & Outreach Ast-WH-PD
9831,,Env Services Assoc-WH-PD
9832,,Env Services Coord-WH-PD
9833,,ER Tech PCT/EMT-WH-PD
9834,,Financial Counselor-WH-PD
9835,,Food/Nutrition Aide-WH-PD
9836,,Food/Nutrition Team Ld-WH-PD
9837,,Food Line Worker-WH-PD
9838,,HIM Specialist II-WH-PD
9839,,Histology Tech-WH-PD
9840,,Interventnl Tech-WH-PD
9841,,Lab Asst-WH-PD
9842,,LVN/LPN-WH-PD
9843,,Maint Mech I-WH-PD
9844,,Maint Mech II-WH-PD
9845,,Maint Mech III-WH-PD
9846,,Mammography Tech-WH-PD
9847,,Medical Photographer-WH-PD
9848,,MRI-WH-PD
9849,,Nuclear Med Tech-WH-PD
9850,,Nurse Extern I-WH-PD
9851,,Nurse Extern II-WH-PD
9852,,O/P Recepnst/ Res Secr-WH-PD
9853,,Occupational Therapist-WH-PD
9854,,OR Tech-WH-PD
9855,,OR Tech Sr.-WH-PD
9856,,Pathology Aide-WH-PD
9857,,Patient Care Tech-WH-PD
9858,,Patient Care Coord-WH-PD
9859,,PBX Operator-WH-PD
9860,,Pharmacist-WH-PD
9861,,Pharmacy Tech-WH-PD
9862,,Pharmacy Tech 2-WH-PD
9863,,Pharmacy Tech Lead-WH-PD
9864,,Phlebotomist-WH-PD
9865,,Physical Therapist-WH-PD
9866,,Physical Therapy Aide-WH-PD
9867,,Physical Therapy Ast-WH-PD
9868,,Pre Reg/Ins Verif Rep-WH-PD
9869,,Rad Tech-WH-PD
9870,,Radiology Asst-WH-PD
9871,,Registrar-WH-PD
9872,,Registrar/Birth Cert-WH-PD
9873,,Registrar/Radiology-WH-PD
9874,,Resp Care Prac(CRTT)2-WH-PD
9875,,Resp Care Prac(CRTT)3-WH-PD
9876,,Secretary/Transcriber-WH-PD
9877,,Social Wrkr LCSW-WH-PD
9878,,Social Wrkr MedicalMSW-WH-PD
9879,,Spec Proc Tech-WH-PD
9880,,Speech Therapist-WH-PD
9881,,Supply Chain Tech-WH-PD
9882,,Team Lead/Registrar-WH-PD
9883,,Team Lead/Transcription-WH-PD
9884,,Telemetry Tech-WH-PD
9885,,Transporter-WH-PD
9886,,Ultrasonographer/ CV-WH-PD
9887,,Ultrasound Tech-WH-PD
9888,,Unit Clerk-WH-PD
9889,,RegisteredNurse/New Grad-WH
9890,,Reg Nurse/New Grad-WH GF
9891,,Reg Nurse/New Grad-WH PD
9892,,Registed Nurse/Staff-WH
9893,,Registed Nurse/Staff GF-WH
9894,,Registed Nurse/Staff-WH PD
9895,,RN Float M/S Tele-WH
9896,,RN Float M/S Tele GF-WH
9897,,RN Float M/S Tele - WH PD
9898,,ADMINISTRATIVE STIPEND - NONEXEMPT
9899,,ADMINISTRATIVE STIPEND-EXEMPT
9900,,STF VOLUNTEER
9901,,CAMP COUNSELOR L3
9902,,STAFF EMERITUS
9903,,RN Float-WH
9904,,RN Float GF-WH
9905,,RN Float -WH PD
9906,,Nurse Practr/Occ Med-WH
9907,,Nurse Practr/Occ Med GF-WH
9908,,Nurse Practr/Occ Med -WH PD
9909,,Sr. Case Manager-WH
9911,,Sr. Case Manager GF-WH
9912,,Sr. Case Manager -WH PD
9913,,UR Coordinator-WH
9914,,UR Coordinator GF-WH
9915,,UR Coordinator -WH PD
9916,,Burn Tech-WH
9917,,Child Life Therapist-WH
9919,,UNIV HOUSE MGR
9920,4C,STUDENT VOLUNTEER
9921,,ADMIN SECR
9923,,FIRE SPECIALIST 1 - 40 HRS NON HAZMAT
9925,,Pharmacy Bill/Buyer -WH
9926,,Sitter-WH
9928,,ANNUAL FUND DIR
9929,,Burn Tech-WH-PD
9930,,Child Life Therapist-WH-PD
9931,,Pharmacy Bill/Buyer -WH-PD
9932,,Sitter-WH-PD
9933,,EXEC SECR
9934,,HEARING OFCR
9935,,ADV OFCR 1
9936,,ADV OFCR 2
9937,,CATH LAB RADLG TCHNO PRN
9938,,CATH LAB RADLG TCHNO SR
9939,,MAMMOGRAPHY TCHNO SR
9940,,SCULPTURE COLL DIR
9941,,Spec Reg Nurse/New Grad-WH
9942,,Spec Reg Nurse/New Grad-WH GF
9943,,Spec Reg Nurse/New Grad-WH PD
9944,,Spec Reg Nurse/Staff-WH
9945,,Spec Reg Nurse/Staff GF-WH
9946,,Spec Reg Nurse/Staff-WH PD
9947,,NEST AND HACK SITE ATTENDANT
9948,,Spec RN Float M/S Tele-WH
9949,,Spec RN Float M/S Tele GF-WH
9950,,Spec RN Float M/S Tele - WH PD
9951,,Specialty RN Float-WH
9952,,Specialty RN Float GF-WH
9955,,Specialty RN Float -WH PD
9956,,Spec Nurse Pract/Occ Med-WH
9957,,Spec Nurse Pract/Occ Med GF-WH
9958,,Spec Nurse Pract/Occ Med-WH PD
9959,,Spec Sr. Case Manager-WH
9960,,Spec Sr. Case Manager GF-WH
9961,,Spec Sr. Case Manager -WH PD
9962,,Spec UR Coordinator-WH
9964,,Spec UR Coordinator GF-WH
9965,,Spec UR Coordinator -WH PD
9967,,VC ENROLL MGMT
9968,,ASC VP CLIN AFF CHO
9969,,ASC VP FIN CHF STRAT OFCR
9970,,_____APPRENTICE
9972,,PRES FACULTY PRACTICE ORG
9973,,DEP CFO MED CTR UCSF ONLY
9975,,TCHL SUPV
9976,,CNSLNG THERAPIST 3 HX GF
9977,,CNSLNG THERAPIST 2 HX GF
9978,,ADMIN OFCR STATE ACAD CNCL OFC
9979,,CHAN CNCL AND PARENT FUND DIR
9980,,PROGR ANL 2 SOD
9982,,SVP CSTO UCSF ONLY
9983,,ASC VP STRAT PARTNER
9995,4C,UNCLASSIFIED
9998,,MULTI LOCA
9999,,UNCLASSIFIED
R001,,UCB Student Facilitator
R002,,LBL/DOE Post Doc
R003,,Visiting Student Res-Graduate
R004,,Staff Intern
R005,,Affiliated Research Institute
R006,,Ind Contractor/Consultnt
R007,,Clin Assoc/Admitting Physician
R009,,Temp Agency Staff-Health
R010,,Temp Agency Staff-Non UC
R011,,Staff Volunteer
R012,,Traveling Nurse
R013,,Community College Instructor
R014,,Affiliated Organization
R015,,Visiting Scholar
R016,,Visiting Student Res-UnderGrad
R017,,UC Employee - Different BU
R018,,UC Board of Regents
R019,,Staff Emeritus
R020,,Student Volunteer
R021,,Research Fellow
R022,,Research Associate
R023,,Real Estate Tenant
R024,,Remote Facility Associate
R025,,Retirees Association
R026,,Community Network Med Staff
